tanggal,outlet_id,account_id,versi_aplikasi,jumlah_transaksi,transaksi_offline_tersinkron
2025-10-01,C01-O01,C01,4.1,167,0.0
2025-10-01,C01-O02,C01,4.1,181,0.0
2025-10-01,C01-O03,C01,4.1,316,0.0
2025-10-01,C01-O04,C01,4.1,169,0.0
2025-10-01,C01-O05,C01,4.1,281,0.0
2025-10-01,C01-O06,C01,4.1,312,0.0
2025-10-01,C01-O07,C01,4.1,175,0.0
2025-10-01,C01-O08,C01,4.1,233,0.0
2025-10-01,C01-O09,C01,4.1,212,0.0
2025-10-01,C01-O10,C01,4.1,202,0.0
2025-10-01,C01-O11,C01,4.1,193,0.0
2025-10-01,C01-O12,C01,4.1,212,0.0
2025-10-01,C01-O13,C01,4.1,223,0.0
2025-10-01,C01-O14,C01,4.1,263,0.0
2025-10-01,C01-O15,C01,4.1,320,0.0
2025-10-01,C01-O16,C01,4.1,203,0.0
2025-10-01,C01-O17,C01,4.1,263,0.0
2025-10-01,C01-O18,C01,4.1,322,0.0
2025-10-01,C01-O19,C01,4.1,291,0.0
2025-10-01,C01-O20,C01,4.1,171,0.0
2025-10-01,C01-O21,C01,4.1,200,0.0
2025-10-01,C01-O22,C01,4.1,183,0.0
2025-10-01,C01-O23,C01,4.1,202,0.0
2025-10-01,C01-O24,C01,4.1,244,0.0
2025-10-01,C01-O25,C01,4.1,265,0.0
2025-10-01,C01-O26,C01,4.1,200,0.0
2025-10-01,C01-O27,C01,4.1,262,0.0
2025-10-01,C01-O28,C01,4.1,157,0.0
2025-10-01,C01-O29,C01,4.1,284,0.0
2025-10-01,C01-O30,C01,4.1,237,95.0
2025-10-01,C01-O31,C01,4.1,268,0.0
2025-10-01,C01-O32,C01,4.1,209,0.0
2025-10-01,C01-O33,C01,4.1,282,0.0
2025-10-01,C01-O34,C01,4.1,207,0.0
2025-10-01,C01-O35,C01,4.1,192,0.0
2025-10-01,C01-O36,C01,4.1,197,0.0
2025-10-01,C01-O37,C01,4.1,300,0.0
2025-10-01,C01-O38,C01,4.1,179,0.0
2025-10-01,C01-O39,C01,4.1,302,0.0
2025-10-01,C01-O40,C01,4.1,293,0.0
2025-10-01,C01-O41,C01,4.1,200,0.0
2025-10-01,C01-O42,C01,4.1,313,0.0
2025-10-01,C02-O01,C02,4.1,86,0.0
2025-10-01,C02-O02,C02,4.1,84,0.0
2025-10-01,C02-O03,C02,4.1,50,0.0
2025-10-01,C02-O04,C02,4.1,48,0.0
2025-10-01,C02-O05,C02,4.1,57,0.0
2025-10-01,C02-O06,C02,4.1,83,0.0
2025-10-01,C02-O07,C02,4.1,71,0.0
2025-10-01,C02-O08,C02,4.1,72,0.0
2025-10-01,C02-O09,C02,4.1,55,0.0
2025-10-01,C02-O10,C02,4.1,87,0.0
2025-10-01,C02-O11,C02,4.1,65,0.0
2025-10-01,C02-O12,C02,4.1,79,0.0
2025-10-01,C02-O13,C02,4.1,53,0.0
2025-10-01,C02-O14,C02,4.1,60,0.0
2025-10-01,C02-O15,C02,4.1,90,0.0
2025-10-01,C02-O16,C02,4.1,49,0.0
2025-10-01,C02-O17,C02,4.1,62,0.0
2025-10-01,C02-O18,C02,4.1,76,0.0
2025-10-01,C02-O19,C02,4.1,63,0.0
2025-10-01,C02-O20,C02,4.1,89,0.0
2025-10-01,C02-O21,C02,4.1,74,0.0
2025-10-01,C02-O22,C02,4.1,65,0.0
2025-10-01,C02-O23,C02,4.1,56,0.0
2025-10-01,C02-O24,C02,4.1,71,0.0
2025-10-01,C02-O25,C02,4.1,70,0.0
2025-10-01,C03-O01,C03,4.1,106,42.0
2025-10-01,C03-O02,C03,4.1,88,35.0
2025-10-01,C03-O03,C03,4.1,96,38.0
2025-10-01,C03-O04,C03,4.1,144,57.0
2025-10-01,C03-O05,C03,4.1,133,53.0
2025-10-01,C03-O06,C03,4.1,107,42.0
2025-10-01,C03-O07,C03,4.1,110,0.0
2025-10-01,C03-O08,C03,4.1,111,0.0
2025-10-01,C03-O09,C03,4.1,133,0.0
2025-10-01,C03-O10,C03,4.1,128,0.0
2025-10-01,C03-O11,C03,4.1,77,0.0
2025-10-01,C03-O12,C03,4.1,83,0.0
2025-10-01,C03-O13,C03,4.1,136,0.0
2025-10-01,C03-O14,C03,4.1,93,0.0
2025-10-01,C03-O15,C03,4.1,126,0.0
2025-10-01,C03-O16,C03,4.1,135,0.0
2025-10-01,C03-O17,C03,4.1,79,0.0
2025-10-01,C03-O18,C03,4.1,89,0.0
2025-10-01,C04-O01,C04,4.1,78,0.0
2025-10-01,C04-O02,C04,4.1,76,0.0
2025-10-01,C04-O03,C04,4.1,85,0.0
2025-10-01,C04-O04,C04,4.1,54,0.0
2025-10-01,C04-O05,C04,4.1,48,0.0
2025-10-01,C04-O06,C04,4.1,59,0.0
2025-10-01,C04-O07,C04,4.1,55,0.0
2025-10-01,C04-O08,C04,4.1,57,0.0
2025-10-01,C05-O01,C05,4.1,212,85.0
2025-10-01,C05-O02,C05,4.1,257,102.0
2025-10-01,C05-O03,C05,4.1,215,86.0
2025-10-01,C05-O04,C05,4.1,241,96.0
2025-10-01,C05-O05,C05,4.1,227,91.0
2025-10-01,C05-O06,C05,4.1,219,0.0
2025-10-01,C05-O07,C05,4.1,242,0.0
2025-10-01,C05-O08,C05,4.1,379,0.0
2025-10-01,C05-O09,C05,4.1,319,0.0
2025-10-01,C05-O10,C05,4.1,248,0.0
2025-10-01,C05-O11,C05,4.1,330,0.0
2025-10-01,C05-O12,C05,4.1,295,0.0
2025-10-01,C05-O13,C05,4.1,240,0.0
2025-10-01,C05-O14,C05,4.1,283,0.0
2025-10-01,C05-O15,C05,4.1,202,0.0
2025-10-01,C05-O16,C05,4.1,323,0.0
2025-10-01,C05-O17,C05,4.1,244,0.0
2025-10-01,C05-O18,C05,4.1,352,0.0
2025-10-01,C05-O19,C05,4.1,419,0.0
2025-10-01,C05-O20,C05,4.1,247,0.0
2025-10-01,C05-O21,C05,4.1,324,0.0
2025-10-01,C05-O22,C05,4.1,234,0.0
2025-10-01,C05-O23,C05,4.1,353,0.0
2025-10-01,C05-O24,C05,4.1,366,0.0
2025-10-01,C06-O01,C06,4.1,182,0.0
2025-10-01,C06-O02,C06,4.1,291,0.0
2025-10-01,C06-O03,C06,4.1,294,0.0
2025-10-01,C06-O04,C06,4.1,296,0.0
2025-10-01,C06-O05,C06,4.1,337,0.0
2025-10-01,C06-O06,C06,4.1,336,0.0
2025-10-01,C06-O07,C06,4.1,313,0.0
2025-10-01,C06-O08,C06,4.1,278,0.0
2025-10-01,C06-O09,C06,4.1,188,0.0
2025-10-01,C06-O10,C06,4.1,311,0.0
2025-10-01,C06-O11,C06,4.1,233,0.0
2025-10-01,C06-O12,C06,4.1,322,0.0
2025-10-01,C06-O13,C06,4.1,246,0.0
2025-10-01,C06-O14,C06,4.1,321,0.0
2025-10-01,C06-O15,C06,4.1,185,0.0
2025-10-01,C06-O16,C06,4.1,260,0.0
2025-10-01,C06-O17,C06,4.1,191,0.0
2025-10-01,C06-O18,C06,4.1,243,0.0
2025-10-01,C06-O19,C06,4.1,267,0.0
2025-10-01,C06-O20,C06,4.1,260,0.0
2025-10-01,C06-O21,C06,4.1,196,0.0
2025-10-01,C06-O22,C06,4.1,326,0.0
2025-10-01,C06-O23,C06,4.1,247,0.0
2025-10-01,C06-O24,C06,4.1,268,0.0
2025-10-01,C06-O25,C06,4.1,260,0.0
2025-10-01,C06-O26,C06,4.1,259,0.0
2025-10-01,C06-O27,C06,4.1,226,0.0
2025-10-01,C06-O28,C06,4.1,275,0.0
2025-10-01,C06-O29,C06,4.1,295,0.0
2025-10-01,C06-O30,C06,4.1,295,118.0
2025-10-01,C07-O01,C07,4.1,188,0.0
2025-10-01,C07-O02,C07,4.1,210,0.0
2025-10-01,C07-O03,C07,4.1,188,0.0
2025-10-01,C07-O04,C07,4.1,212,0.0
2025-10-01,C07-O05,C07,4.1,174,0.0
2025-10-01,C07-O06,C07,4.1,273,0.0
2025-10-01,C07-O07,C07,4.1,226,0.0
2025-10-01,C07-O08,C07,4.1,208,0.0
2025-10-01,C07-O09,C07,4.1,248,0.0
2025-10-01,C07-O10,C07,4.1,219,0.0
2025-10-01,C07-O11,C07,4.1,287,0.0
2025-10-01,C07-O12,C07,4.1,195,0.0
2025-10-01,C07-O13,C07,4.1,234,0.0
2025-10-01,C07-O14,C07,4.1,188,0.0
2025-10-01,C07-O15,C07,4.1,288,0.0
2025-10-01,C07-O16,C07,4.1,204,0.0
2025-10-01,C07-O17,C07,4.1,238,0.0
2025-10-01,C07-O18,C07,4.1,188,0.0
2025-10-01,C07-O19,C07,4.1,209,0.0
2025-10-01,C07-O20,C07,4.1,252,0.0
2025-10-01,C07-O21,C07,4.1,193,0.0
2025-10-01,C08-O01,C08,4.1,244,0.0
2025-10-01,C08-O02,C08,4.1,242,0.0
2025-10-01,C08-O03,C08,4.1,261,0.0
2025-10-01,C08-O04,C08,4.1,303,0.0
2025-10-01,C08-O05,C08,4.1,233,0.0
2025-10-01,C08-O06,C08,4.1,310,0.0
2025-10-01,C08-O07,C08,4.1,320,0.0
2025-10-01,C08-O08,C08,4.1,331,0.0
2025-10-01,C08-O09,C08,4.1,259,0.0
2025-10-01,C08-O10,C08,4.1,310,0.0
2025-10-01,C08-O11,C08,4.1,246,0.0
2025-10-01,C08-O12,C08,4.1,244,0.0
2025-10-01,C08-O13,C08,4.1,280,0.0
2025-10-01,C08-O14,C08,4.1,217,0.0
2025-10-01,C09-O01,C09,4.1,147,0.0
2025-10-01,C09-O02,C09,4.1,117,0.0
2025-10-01,C09-O03,C09,4.1,96,0.0
2025-10-01,C09-O04,C09,4.1,83,0.0
2025-10-01,C09-O05,C09,4.1,147,0.0
2025-10-01,C09-O06,C09,4.1,75,0.0
2025-10-01,C09-O07,C09,4.1,74,0.0
2025-10-01,C09-O08,C09,4.1,140,0.0
2025-10-01,C09-O09,C09,4.1,81,0.0
2025-10-01,C09-O10,C09,4.1,109,0.0
2025-10-01,C09-O11,C09,4.1,95,0.0
2025-10-01,C09-O12,C09,4.1,81,0.0
2025-10-01,C09-O13,C09,4.1,77,0.0
2025-10-01,C09-O14,C09,4.1,118,0.0
2025-10-01,C09-O15,C09,4.1,98,0.0
2025-10-01,C10-O01,C10,4.1,190,0.0
2025-10-01,C10-O02,C10,4.1,235,94.0
2025-10-01,C10-O03,C10,4.1,250,100.0
2025-10-01,C10-O04,C10,4.1,295,0.0
2025-10-01,C10-O05,C10,4.1,161,0.0
2025-10-01,C10-O06,C10,4.1,205,0.0
2025-10-01,C10-O07,C10,4.1,274,0.0
2025-10-01,C10-O08,C10,4.1,297,0.0
2025-10-01,C10-O09,C10,4.1,184,0.0
2025-10-01,C10-O10,C10,4.1,212,0.0
2025-10-01,C10-O11,C10,4.1,207,0.0
2025-10-01,C10-O12,C10,4.1,262,0.0
2025-10-01,C10-O13,C10,4.1,159,0.0
2025-10-01,C10-O14,C10,4.1,194,0.0
2025-10-01,C10-O15,C10,4.1,253,0.0
2025-10-01,C10-O16,C10,4.1,251,0.0
2025-10-01,C10-O17,C10,4.1,193,0.0
2025-10-01,C10-O18,C10,4.1,236,0.0
2025-10-01,C10-O19,C10,4.1,184,0.0
2025-10-01,C10-O20,C10,4.1,301,0.0
2025-10-01,C10-O21,C10,4.1,206,0.0
2025-10-01,C11-O01,C11,4.1,390,0.0
2025-10-01,C11-O02,C11,4.1,338,0.0
2025-10-01,C11-O03,C11,4.1,341,0.0
2025-10-01,C11-O04,C11,4.1,262,0.0
2025-10-01,C11-O05,C11,4.1,369,0.0
2025-10-01,C11-O06,C11,4.1,214,0.0
2025-10-01,C11-O07,C11,4.1,401,0.0
2025-10-01,C11-O08,C11,4.1,338,0.0
2025-10-01,C11-O09,C11,4.1,282,0.0
2025-10-01,C11-O10,C11,4.1,389,0.0
2025-10-01,C11-O11,C11,4.1,220,0.0
2025-10-01,C11-O12,C11,4.1,323,0.0
2025-10-01,C11-O13,C11,4.1,321,0.0
2025-10-01,C11-O14,C11,4.1,231,0.0
2025-10-01,C11-O15,C11,4.1,355,0.0
2025-10-01,C11-O16,C11,4.1,324,0.0
2025-10-01,C11-O17,C11,4.1,319,0.0
2025-10-01,C11-O18,C11,4.1,253,0.0
2025-10-01,C11-O19,C11,4.1,268,0.0
2025-10-01,C11-O20,C11,4.1,357,0.0
2025-10-01,C11-O21,C11,4.1,357,0.0
2025-10-01,C11-O22,C11,4.1,338,0.0
2025-10-01,C12-O01,C12,4.1,206,0.0
2025-10-01,C12-O02,C12,4.1,175,0.0
2025-10-01,C12-O03,C12,4.1,114,0.0
2025-10-01,C12-O04,C12,4.1,186,0.0
2025-10-01,C12-O05,C12,4.1,179,0.0
2025-10-01,C12-O06,C12,4.1,140,0.0
2025-10-01,C12-O07,C12,4.1,145,0.0
2025-10-01,C12-O08,C12,4.1,113,45.0
2025-10-01,C12-O09,C12,4.1,170,0.0
2025-10-01,C12-O10,C12,4.1,170,0.0
2025-10-01,C12-O11,C12,4.1,117,0.0
2025-10-01,C12-O12,C12,4.1,123,0.0
2025-10-01,C12-O13,C12,4.1,181,0.0
2025-10-01,C12-O14,C12,4.1,145,0.0
2025-10-01,C12-O15,C12,4.1,181,0.0
2025-10-01,C12-O16,C12,4.1,126,0.0
2025-10-01,C12-O17,C12,4.1,123,0.0
2025-10-01,C12-O18,C12,4.1,169,0.0
2025-10-01,C12-O19,C12,4.1,151,0.0
2025-10-01,C12-O20,C12,4.1,152,0.0
2025-10-01,C12-O21,C12,4.1,146,0.0
2025-10-01,C12-O22,C12,4.1,115,0.0
2025-10-01,C12-O23,C12,4.1,193,0.0
2025-10-01,C12-O24,C12,4.1,174,0.0
2025-10-01,C13-O01,C13,4.1,175,0.0
2025-10-01,C13-O02,C13,4.1,320,0.0
2025-10-01,C13-O03,C13,4.1,227,0.0
2025-10-01,C13-O04,C13,4.1,243,0.0
2025-10-01,C13-O05,C13,4.1,227,0.0
2025-10-01,C13-O06,C13,4.1,240,0.0
2025-10-01,C13-O07,C13,4.1,210,0.0
2025-10-01,C13-O08,C13,4.1,234,0.0
2025-10-01,C13-O09,C13,4.1,287,0.0
2025-10-01,C13-O10,C13,4.1,282,0.0
2025-10-01,C13-O11,C13,4.1,192,0.0
2025-10-01,C13-O12,C13,4.1,294,0.0
2025-10-01,C13-O13,C13,4.1,265,0.0
2025-10-01,C13-O14,C13,4.1,198,0.0
2025-10-01,C13-O15,C13,4.1,301,0.0
2025-10-01,C13-O16,C13,4.1,246,0.0
2025-10-01,C13-O17,C13,4.1,270,0.0
2025-10-01,C14-O01,C14,4.1,382,0.0
2025-10-01,C14-O02,C14,4.1,255,0.0
2025-10-01,C14-O03,C14,4.1,315,0.0
2025-10-01,C14-O04,C14,4.1,253,0.0
2025-10-01,C14-O05,C14,4.1,306,0.0
2025-10-01,C14-O06,C14,4.1,340,0.0
2025-10-01,C14-O07,C14,4.1,327,0.0
2025-10-01,C14-O08,C14,4.1,260,0.0
2025-10-01,C15-O01,C15,4.1,192,0.0
2025-10-01,C15-O02,C15,4.1,286,0.0
2025-10-01,C15-O03,C15,4.1,249,0.0
2025-10-01,C15-O04,C15,4.1,235,0.0
2025-10-01,C15-O05,C15,4.1,225,0.0
2025-10-01,C15-O06,C15,4.1,185,0.0
2025-10-01,C15-O07,C15,4.1,237,0.0
2025-10-01,C15-O08,C15,4.1,223,0.0
2025-10-01,C15-O09,C15,4.1,238,0.0
2025-10-01,C15-O10,C15,4.1,193,0.0
2025-10-01,C15-O11,C15,4.1,242,0.0
2025-10-01,C15-O12,C15,4.1,247,0.0
2025-10-01,C15-O13,C15,4.1,183,73.0
2025-10-01,C15-O14,C15,4.1,233,0.0
2025-10-01,C15-O15,C15,4.1,224,0.0
2025-10-01,C15-O16,C15,4.1,301,0.0
2025-10-01,C15-O17,C15,4.1,229,0.0
2025-10-01,C15-O18,C15,4.1,175,0.0
2025-10-01,C15-O19,C15,4.1,183,0.0
2025-10-01,C15-O20,C15,4.1,278,111.0
2025-10-01,C15-O21,C15,4.1,197,0.0
2025-10-01,C15-O22,C15,4.1,245,0.0
2025-10-01,C15-O23,C15,4.1,206,0.0
2025-10-01,C16-O01,C16,4.1,61,0.0
2025-10-01,C16-O02,C16,4.1,49,0.0
2025-10-01,C16-O03,C16,4.1,77,0.0
2025-10-01,C16-O04,C16,4.1,63,0.0
2025-10-01,C16-O05,C16,4.1,59,0.0
2025-10-01,C16-O06,C16,4.1,55,0.0
2025-10-01,C16-O07,C16,4.1,54,0.0
2025-10-01,C16-O08,C16,4.1,90,0.0
2025-10-01,C17-O01,C17,4.1,85,0.0
2025-10-01,C17-O02,C17,4.1,119,0.0
2025-10-01,C17-O03,C17,4.1,120,0.0
2025-10-01,C17-O04,C17,4.1,97,0.0
2025-10-01,C17-O05,C17,4.1,102,0.0
2025-10-01,C17-O06,C17,4.1,104,0.0
2025-10-01,C17-O07,C17,4.1,99,0.0
2025-10-01,C17-O08,C17,4.1,128,0.0
2025-10-01,C17-O09,C17,4.1,81,0.0
2025-10-01,C17-O10,C17,4.1,96,0.0
2025-10-01,C18-O01,C18,4.1,420,0.0
2025-10-01,C18-O02,C18,4.1,291,0.0
2025-10-01,C18-O03,C18,4.1,214,0.0
2025-10-01,C18-O04,C18,4.1,232,0.0
2025-10-01,C18-O05,C18,4.1,314,125.0
2025-10-01,C18-O06,C18,4.1,221,0.0
2025-10-01,C18-O07,C18,4.1,342,0.0
2025-10-01,C18-O08,C18,4.1,218,0.0
2025-10-01,C19-O01,C19,4.1,291,0.0
2025-10-01,C19-O02,C19,4.1,330,0.0
2025-10-01,C19-O03,C19,4.1,225,90.0
2025-10-01,C19-O04,C19,4.1,201,0.0
2025-10-01,C19-O05,C19,4.1,193,0.0
2025-10-01,C19-O06,C19,4.1,256,0.0
2025-10-01,C19-O07,C19,4.1,301,0.0
2025-10-01,C19-O08,C19,4.1,244,0.0
2025-10-01,C20-O01,C20,4.1,357,0.0
2025-10-01,C20-O02,C20,4.1,329,0.0
2025-10-01,C20-O03,C20,4.1,288,0.0
2025-10-01,C20-O04,C20,4.1,217,0.0
2025-10-01,C20-O05,C20,4.1,334,0.0
2025-10-01,C21-O01,C21,4.1,225,0.0
2025-10-01,C21-O02,C21,4.1,325,0.0
2025-10-01,C21-O03,C21,4.1,180,0.0
2025-10-01,C21-O04,C21,4.1,282,0.0
2025-10-01,C21-O05,C21,4.1,277,0.0
2025-10-01,C21-O06,C21,4.1,194,0.0
2025-10-01,C21-O07,C21,4.1,218,0.0
2025-10-01,C21-O08,C21,4.1,245,0.0
2025-10-01,C21-O09,C21,4.1,248,0.0
2025-10-01,C22-O01,C22,4.1,302,0.0
2025-10-01,C22-O02,C22,4.1,371,0.0
2025-10-01,C22-O03,C22,4.1,229,0.0
2025-10-01,C22-O04,C22,4.1,386,0.0
2025-10-01,C22-O05,C22,4.1,227,0.0
2025-10-01,C22-O06,C22,4.1,240,0.0
2025-10-01,C22-O07,C22,4.1,232,0.0
2025-10-01,C22-O08,C22,4.1,265,0.0
2025-10-01,C22-O09,C22,4.1,335,0.0
2025-10-01,C22-O10,C22,4.1,365,0.0
2025-10-01,C22-O11,C22,4.1,333,0.0
2025-10-01,C22-O12,C22,4.1,367,0.0
2025-10-01,C22-O13,C22,4.1,302,0.0
2025-10-01,C22-O14,C22,4.1,335,0.0
2025-10-01,C22-O15,C22,4.1,247,0.0
2025-10-01,C22-O16,C22,4.1,350,0.0
2025-10-01,C22-O17,C22,4.1,265,0.0
2025-10-01,C22-O18,C22,4.1,289,0.0
2025-10-01,C23-O01,C23,4.1,280,0.0
2025-10-01,C23-O02,C23,4.1,271,108.0
2025-10-01,C23-O03,C23,4.1,195,0.0
2025-10-01,C23-O04,C23,4.1,173,0.0
2025-10-01,C23-O05,C23,4.1,273,0.0
2025-10-01,C23-O06,C23,4.1,199,0.0
2025-10-01,C24-O01,C24,4.1,389,0.0
2025-10-01,C24-O02,C24,4.1,236,0.0
2025-10-01,C24-O03,C24,4.1,237,0.0
2025-10-01,C24-O04,C24,4.1,396,0.0
2025-10-01,C24-O05,C24,4.1,336,0.0
2025-10-01,C24-O06,C24,4.1,265,0.0
2025-10-01,C24-O07,C24,4.1,238,0.0
2025-10-01,C24-O08,C24,4.1,308,0.0
2025-10-01,C24-O09,C24,4.1,298,0.0
2025-10-01,C24-O10,C24,4.1,292,0.0
2025-10-01,C25-O01,C25,4.1,249,0.0
2025-10-01,C25-O02,C25,4.1,212,0.0
2025-10-01,C25-O03,C25,4.1,307,0.0
2025-10-01,C25-O04,C25,4.1,277,0.0
2025-10-01,C25-O05,C25,4.1,309,0.0
2025-10-01,C25-O06,C25,4.1,315,0.0
2025-10-01,C25-O07,C25,4.1,331,0.0
2025-10-01,C25-O08,C25,4.1,230,0.0
2025-10-01,C25-O09,C25,4.1,240,0.0
2025-10-01,C25-O10,C25,4.1,383,153.0
2025-10-01,C25-O11,C25,4.1,302,0.0
2025-10-01,C25-O12,C25,4.1,365,0.0
2025-10-01,C25-O13,C25,4.1,347,0.0
2025-10-01,C25-O14,C25,4.1,337,0.0
2025-10-01,C25-O15,C25,4.1,250,0.0
2025-10-01,C26-O01,C26,4.1,237,0.0
2025-10-01,C26-O02,C26,4.1,175,0.0
2025-10-01,C26-O03,C26,4.1,202,0.0
2025-10-01,C26-O04,C26,4.1,185,0.0
2025-10-01,C26-O05,C26,4.1,254,0.0
2025-10-01,C26-O06,C26,4.1,287,0.0
2025-10-01,C26-O07,C26,4.1,245,0.0
2025-10-01,C26-O08,C26,4.1,177,0.0
2025-10-01,C26-O09,C26,4.1,292,0.0
2025-10-01,C26-O10,C26,4.1,217,0.0
2025-10-01,C27-O01,C27,4.1,121,0.0
2025-10-01,C27-O02,C27,4.1,102,0.0
2025-10-01,C27-O03,C27,4.1,88,0.0
2025-10-01,C27-O04,C27,4.1,115,0.0
2025-10-01,C27-O05,C27,4.1,120,0.0
2025-10-01,C27-O06,C27,4.1,76,0.0
2025-10-01,C27-O07,C27,4.1,125,0.0
2025-10-01,C27-O08,C27,4.1,122,0.0
2025-10-01,C27-O09,C27,4.1,73,0.0
2025-10-01,C27-O10,C27,4.1,91,0.0
2025-10-01,C27-O11,C27,4.1,151,0.0
2025-10-01,C27-O12,C27,4.1,103,0.0
2025-10-01,C27-O13,C27,4.1,85,0.0
2025-10-01,C27-O14,C27,4.1,86,0.0
2025-10-01,C27-O15,C27,4.1,115,0.0
2025-10-01,C27-O16,C27,4.1,141,0.0
2025-10-01,C27-O17,C27,4.1,130,0.0
2025-10-01,C27-O18,C27,4.1,124,0.0
2025-10-01,C27-O19,C27,4.1,128,0.0
2025-10-01,C27-O20,C27,4.1,74,0.0
2025-10-01,C27-O21,C27,4.1,134,0.0
2025-10-01,C27-O22,C27,4.1,104,0.0
2025-10-01,C28-O01,C28,4.1,350,0.0
2025-10-01,C28-O02,C28,4.1,317,0.0
2025-10-01,C28-O03,C28,4.1,347,0.0
2025-10-01,C28-O04,C28,4.1,336,0.0
2025-10-01,C28-O05,C28,4.1,346,0.0
2025-10-01,C28-O06,C28,4.1,347,138.0
2025-10-01,C28-O07,C28,4.1,249,0.0
2025-10-01,C28-O08,C28,4.1,317,0.0
2025-10-01,C28-O09,C28,4.1,299,0.0
2025-10-01,C28-O10,C28,4.1,346,0.0
2025-10-01,C28-O11,C28,4.1,299,119.0
2025-10-01,C28-O12,C28,4.1,306,0.0
2025-10-01,C29-O01,C29,4.1,104,0.0
2025-10-01,C29-O02,C29,4.1,163,0.0
2025-10-01,C29-O03,C29,4.1,129,0.0
2025-10-01,C29-O04,C29,4.1,115,0.0
2025-10-01,C29-O05,C29,4.1,148,0.0
2025-10-01,C29-O06,C29,4.1,164,0.0
2025-10-01,C29-O07,C29,4.1,122,0.0
2025-10-01,C29-O08,C29,4.1,161,0.0
2025-10-01,C29-O09,C29,4.1,204,0.0
2025-10-01,C29-O10,C29,4.1,137,0.0
2025-10-01,C29-O11,C29,4.1,127,0.0
2025-10-01,C29-O12,C29,4.1,134,0.0
2025-10-01,C30-O01,C30,4.1,279,0.0
2025-10-01,C30-O02,C30,4.1,173,0.0
2025-10-01,C30-O03,C30,4.1,189,0.0
2025-10-01,C30-O04,C30,4.1,241,0.0
2025-10-01,C30-O05,C30,4.1,229,0.0
2025-10-01,C30-O06,C30,4.1,191,0.0
2025-10-01,C30-O07,C30,4.1,186,0.0
2025-10-01,C30-O08,C30,4.1,324,0.0
2025-10-01,C30-O09,C30,4.1,246,0.0
2025-10-01,C30-O10,C30,4.1,278,0.0
2025-10-01,C30-O11,C30,4.1,283,0.0
2025-10-01,C30-O12,C30,4.1,272,0.0
2025-10-01,C30-O13,C30,4.1,200,0.0
2025-10-01,C30-O14,C30,4.1,260,0.0
2025-10-01,C30-O15,C30,4.1,193,0.0
2025-10-01,C30-O16,C30,4.1,286,0.0
2025-10-01,C30-O17,C30,4.1,291,0.0
2025-10-01,C31-O01,C31,4.1,72,0.0
2025-10-01,C31-O02,C31,4.1,75,0.0
2025-10-01,C31-O03,C31,4.1,90,0.0
2025-10-01,C31-O04,C31,4.1,72,0.0
2025-10-01,C31-O05,C31,4.1,63,0.0
2025-10-01,C31-O06,C31,4.1,76,0.0
2025-10-01,C31-O07,C31,4.1,53,0.0
2025-10-01,C31-O08,C31,4.1,91,0.0
2025-10-01,C31-O09,C31,4.1,78,0.0
2025-10-01,C31-O10,C31,4.1,74,0.0
2025-10-01,C31-O11,C31,4.1,85,0.0
2025-10-01,C31-O12,C31,4.1,68,0.0
2025-10-01,C31-O13,C31,4.1,83,0.0
2025-10-01,C32-O01,C32,4.1,360,0.0
2025-10-01,C32-O02,C32,4.1,220,0.0
2025-10-01,C32-O03,C32,4.1,283,0.0
2025-10-01,C32-O04,C32,4.1,357,0.0
2025-10-01,C32-O05,C32,4.1,284,0.0
2025-10-01,C32-O06,C32,4.1,325,0.0
2025-10-01,C32-O07,C32,4.1,350,0.0
2025-10-01,C32-O08,C32,4.1,297,0.0
2025-10-01,C32-O09,C32,4.1,267,0.0
2025-10-01,C32-O10,C32,4.1,282,0.0
2025-10-01,C32-O11,C32,4.1,351,0.0
2025-10-01,C32-O12,C32,4.1,256,0.0
2025-10-01,C32-O13,C32,4.1,343,0.0
2025-10-01,C32-O14,C32,4.1,223,0.0
2025-10-01,C33-O01,C33,4.1,190,0.0
2025-10-01,C33-O02,C33,4.1,221,0.0
2025-10-01,C33-O03,C33,4.1,236,0.0
2025-10-01,C33-O04,C33,4.1,336,0.0
2025-10-01,C34-O01,C34,4.1,281,0.0
2025-10-01,C34-O02,C34,4.1,369,0.0
2025-10-01,C34-O03,C34,4.1,355,0.0
2025-10-01,C34-O04,C34,4.1,327,0.0
2025-10-01,C34-O05,C34,4.1,350,0.0
2025-10-01,C34-O06,C34,4.1,201,0.0
2025-10-01,C34-O07,C34,4.1,269,0.0
2025-10-01,C34-O08,C34,4.1,277,0.0
2025-10-01,C34-O09,C34,4.1,305,0.0
2025-10-01,C34-O10,C34,4.1,225,0.0
2025-10-01,C34-O11,C34,4.1,343,137.0
2025-10-01,C34-O12,C34,4.1,196,0.0
2025-10-01,C35-O01,C35,4.1,259,0.0
2025-10-01,C35-O02,C35,4.1,275,0.0
2025-10-01,C35-O03,C35,4.1,264,105.0
2025-10-01,C35-O04,C35,4.1,316,0.0
2025-10-01,C35-O05,C35,4.1,268,0.0
2025-10-01,C35-O06,C35,4.1,241,0.0
2025-10-01,C35-O07,C35,4.1,363,0.0
2025-10-01,C35-O08,C35,4.1,309,0.0
2025-10-01,C35-O09,C35,4.1,275,0.0
2025-10-01,C35-O10,C35,4.1,323,0.0
2025-10-01,C35-O11,C35,4.1,306,122.0
2025-10-01,C35-O12,C35,4.1,349,0.0
2025-10-01,C35-O13,C35,4.1,378,0.0
2025-10-01,C35-O14,C35,4.1,332,0.0
2025-10-01,C35-O15,C35,4.1,291,0.0
2025-10-01,C35-O16,C35,4.1,257,0.0
2025-10-01,C35-O17,C35,4.1,340,0.0
2025-10-01,C35-O18,C35,4.1,321,0.0
2025-10-01,C35-O19,C35,4.1,241,0.0
2025-10-01,C35-O20,C35,4.1,264,0.0
2025-10-01,C35-O21,C35,4.1,357,0.0
2025-10-01,C35-O22,C35,4.1,366,0.0
2025-10-01,C36-O01,C36,4.1,295,0.0
2025-10-01,C36-O02,C36,4.1,246,0.0
2025-10-01,C36-O03,C36,4.1,217,0.0
2025-10-01,C36-O04,C36,4.1,207,0.0
2025-10-01,C36-O05,C36,4.1,271,0.0
2025-10-01,C36-O06,C36,4.1,189,0.0
2025-10-01,C36-O07,C36,4.1,306,0.0
2025-10-01,C36-O08,C36,4.1,272,0.0
2025-10-01,C36-O09,C36,4.1,197,0.0
2025-10-01,C36-O10,C36,4.1,322,0.0
2025-10-01,C36-O11,C36,4.1,257,0.0
2025-10-01,C37-O01,C37,4.1,290,0.0
2025-10-01,C37-O02,C37,4.1,239,0.0
2025-10-01,C37-O03,C37,4.1,251,0.0
2025-10-01,C37-O04,C37,4.1,274,0.0
2025-10-01,C37-O05,C37,4.1,366,0.0
2025-10-01,C37-O06,C37,4.1,382,0.0
2025-10-01,C37-O07,C37,4.1,281,0.0
2025-10-01,C37-O08,C37,4.1,344,0.0
2025-10-01,C37-O09,C37,4.1,214,0.0
2025-10-01,C37-O10,C37,4.1,236,94.0
2025-10-01,C37-O11,C37,4.1,280,0.0
2025-10-01,C37-O12,C37,4.1,316,0.0
2025-10-01,C38-O01,C38,4.1,331,0.0
2025-10-01,C38-O02,C38,4.1,196,0.0
2025-10-01,C38-O03,C38,4.1,340,0.0
2025-10-01,C38-O04,C38,4.1,201,0.0
2025-10-01,C38-O05,C38,4.1,264,0.0
2025-10-01,C38-O06,C38,4.1,301,0.0
2025-10-01,C38-O07,C38,4.1,267,0.0
2025-10-01,C38-O08,C38,4.1,262,0.0
2025-10-01,C38-O09,C38,4.1,238,0.0
2025-10-01,C38-O10,C38,4.1,389,0.0
2025-10-01,C38-O11,C38,4.1,249,0.0
2025-10-01,C38-O12,C38,4.1,240,0.0
2025-10-01,C38-O13,C38,4.1,375,0.0
2025-10-01,C38-O14,C38,4.1,228,0.0
2025-10-01,C38-O15,C38,4.1,319,0.0
2025-10-01,C38-O16,C38,4.1,229,0.0
2025-10-01,C38-O17,C38,4.1,299,0.0
2025-10-01,C38-O18,C38,4.1,345,0.0
2025-10-01,C38-O19,C38,4.1,212,0.0
2025-10-01,C38-O20,C38,4.1,386,0.0
2025-10-01,C38-O21,C38,4.1,305,0.0
2025-10-01,C39-O01,C39,4.1,167,0.0
2025-10-01,C39-O02,C39,4.1,187,74.0
2025-10-01,C39-O03,C39,4.1,238,0.0
2025-10-01,C39-O04,C39,4.1,292,0.0
2025-10-01,C39-O05,C39,4.1,228,91.0
2025-10-01,C39-O06,C39,4.1,183,0.0
2025-10-01,C39-O07,C39,4.1,197,0.0
2025-10-01,C39-O08,C39,4.1,180,0.0
2025-10-01,C39-O09,C39,4.1,231,0.0
2025-10-01,C39-O10,C39,4.1,206,0.0
2025-10-01,C39-O11,C39,4.1,291,0.0
2025-10-01,C39-O12,C39,4.1,275,0.0
2025-10-01,C39-O13,C39,4.1,270,0.0
2025-10-01,C39-O14,C39,4.1,171,0.0
2025-10-01,C39-O15,C39,4.1,324,0.0
2025-10-01,C39-O16,C39,4.1,172,0.0
2025-10-01,C39-O17,C39,4.1,182,0.0
2025-10-01,C39-O18,C39,4.1,208,0.0
2025-10-01,C39-O19,C39,4.1,329,0.0
2025-10-01,C40-O01,C40,4.1,339,0.0
2025-10-01,C40-O02,C40,4.1,379,0.0
2025-10-01,C40-O03,C40,4.1,282,0.0
2025-10-01,C40-O04,C40,4.1,236,0.0
2025-10-01,C40-O05,C40,4.1,352,0.0
2025-10-01,C40-O06,C40,4.1,373,0.0
2025-10-01,C40-O07,C40,4.1,275,0.0
2025-10-01,C40-O08,C40,4.1,296,0.0
2025-10-01,C40-O09,C40,4.1,362,0.0
2025-10-01,C40-O10,C40,4.1,380,0.0
2025-10-02,C01-O01,C01,4.1,170,0.0
2025-10-02,C01-O02,C01,4.1,196,0.0
2025-10-02,C01-O03,C01,4.1,287,0.0
2025-10-02,C01-O04,C01,4.1,163,0.0
2025-10-02,C01-O05,C01,4.1,297,0.0
2025-10-02,C01-O06,C01,4.1,304,0.0
2025-10-02,C01-O07,C01,4.1,203,0.0
2025-10-02,C01-O08,C01,4.1,281,0.0
2025-10-02,C01-O09,C01,4.1,241,0.0
2025-10-02,C01-O10,C01,4.1,203,0.0
2025-10-02,C01-O11,C01,4.1,178,0.0
2025-10-02,C01-O12,C01,4.1,218,0.0
2025-10-02,C01-O13,C01,4.1,214,0.0
2025-10-02,C01-O14,C01,4.1,255,0.0
2025-10-02,C01-O15,C01,4.1,311,0.0
2025-10-02,C01-O16,C01,4.1,194,0.0
2025-10-02,C01-O17,C01,4.1,259,0.0
2025-10-02,C01-O18,C01,4.1,276,0.0
2025-10-02,C01-O19,C01,4.1,304,0.0
2025-10-02,C01-O20,C01,4.1,163,0.0
2025-10-02,C01-O21,C01,4.1,199,0.0
2025-10-02,C01-O22,C01,4.1,181,0.0
2025-10-02,C01-O23,C01,4.1,170,0.0
2025-10-02,C01-O24,C01,4.1,250,0.0
2025-10-02,C01-O25,C01,4.1,291,0.0
2025-10-02,C01-O26,C01,4.1,218,0.0
2025-10-02,C01-O27,C01,4.1,245,0.0
2025-10-02,C01-O28,C01,4.1,177,0.0
2025-10-02,C01-O29,C01,4.1,298,0.0
2025-10-02,C01-O30,C01,4.1,222,89.0
2025-10-02,C01-O31,C01,4.1,274,0.0
2025-10-02,C01-O32,C01,4.1,213,0.0
2025-10-02,C01-O33,C01,4.1,248,0.0
2025-10-02,C01-O34,C01,4.1,203,0.0
2025-10-02,C01-O35,C01,4.1,180,0.0
2025-10-02,C01-O36,C01,4.1,201,0.0
2025-10-02,C01-O37,C01,4.1,303,0.0
2025-10-02,C01-O38,C01,4.1,180,0.0
2025-10-02,C01-O39,C01,4.1,284,0.0
2025-10-02,C01-O40,C01,4.1,306,0.0
2025-10-02,C01-O41,C01,4.1,221,0.0
2025-10-02,C01-O42,C01,4.1,298,0.0
2025-10-02,C02-O01,C02,4.1,89,0.0
2025-10-02,C02-O02,C02,4.1,85,0.0
2025-10-02,C02-O03,C02,4.1,55,0.0
2025-10-02,C02-O04,C02,4.1,51,0.0
2025-10-02,C02-O05,C02,4.1,57,0.0
2025-10-02,C02-O06,C02,4.1,89,0.0
2025-10-02,C02-O07,C02,4.1,75,0.0
2025-10-02,C02-O08,C02,4.1,69,0.0
2025-10-02,C02-O09,C02,4.1,58,0.0
2025-10-02,C02-O10,C02,4.1,84,0.0
2025-10-02,C02-O11,C02,4.1,59,0.0
2025-10-02,C02-O12,C02,4.1,78,0.0
2025-10-02,C02-O13,C02,4.1,54,0.0
2025-10-02,C02-O14,C02,4.1,55,0.0
2025-10-02,C02-O15,C02,4.1,88,0.0
2025-10-02,C02-O16,C02,4.1,47,0.0
2025-10-02,C02-O17,C02,4.1,67,0.0
2025-10-02,C02-O18,C02,4.1,68,0.0
2025-10-02,C02-O19,C02,4.1,64,0.0
2025-10-02,C02-O20,C02,4.1,84,0.0
2025-10-02,C02-O21,C02,4.1,79,0.0
2025-10-02,C02-O22,C02,4.1,77,0.0
2025-10-02,C02-O23,C02,4.1,50,0.0
2025-10-02,C02-O24,C02,4.1,73,0.0
2025-10-02,C02-O25,C02,4.1,61,0.0
2025-10-02,C03-O01,C03,4.1,108,43.0
2025-10-02,C03-O02,C03,4.1,91,36.0
2025-10-02,C03-O03,C03,4.1,104,41.0
2025-10-02,C03-O04,C03,4.1,124,49.0
2025-10-02,C03-O05,C03,4.1,132,52.0
2025-10-02,C03-O06,C03,4.1,105,42.0
2025-10-02,C03-O07,C03,4.1,109,0.0
2025-10-02,C03-O08,C03,4.1,115,0.0
2025-10-02,C03-O09,C03,4.1,130,0.0
2025-10-02,C03-O10,C03,4.1,126,0.0
2025-10-02,C03-O11,C03,4.1,83,0.0
2025-10-02,C03-O12,C03,4.1,100,0.0
2025-10-02,C03-O13,C03,4.1,144,0.0
2025-10-02,C03-O14,C03,4.1,89,0.0
2025-10-02,C03-O15,C03,4.1,122,0.0
2025-10-02,C03-O16,C03,4.1,130,0.0
2025-10-02,C03-O17,C03,4.1,83,0.0
2025-10-02,C03-O18,C03,4.1,93,0.0
2025-10-02,C04-O01,C04,4.1,79,0.0
2025-10-02,C04-O02,C04,4.1,78,0.0
2025-10-02,C04-O03,C04,4.1,89,0.0
2025-10-02,C04-O04,C04,4.1,52,0.0
2025-10-02,C04-O05,C04,4.1,59,0.0
2025-10-02,C04-O06,C04,4.1,53,0.0
2025-10-02,C04-O07,C04,4.1,50,0.0
2025-10-02,C04-O08,C04,4.1,57,0.0
2025-10-02,C05-O01,C05,4.1,209,83.0
2025-10-02,C05-O02,C05,4.1,218,87.0
2025-10-02,C05-O03,C05,4.1,235,94.0
2025-10-02,C05-O04,C05,4.1,248,99.0
2025-10-02,C05-O05,C05,4.1,193,77.0
2025-10-02,C05-O06,C05,4.1,214,0.0
2025-10-02,C05-O07,C05,4.1,247,0.0
2025-10-02,C05-O08,C05,4.1,362,0.0
2025-10-02,C05-O09,C05,4.1,294,0.0
2025-10-02,C05-O10,C05,4.1,251,0.0
2025-10-02,C05-O11,C05,4.1,319,0.0
2025-10-02,C05-O12,C05,4.1,334,0.0
2025-10-02,C05-O13,C05,4.1,226,0.0
2025-10-02,C05-O14,C05,4.1,281,0.0
2025-10-02,C05-O15,C05,4.1,207,0.0
2025-10-02,C05-O16,C05,4.1,322,0.0
2025-10-02,C05-O17,C05,4.1,250,0.0
2025-10-02,C05-O18,C05,4.1,362,0.0
2025-10-02,C05-O19,C05,4.1,395,0.0
2025-10-02,C05-O20,C05,4.1,259,0.0
2025-10-02,C05-O21,C05,4.1,329,0.0
2025-10-02,C05-O22,C05,4.1,253,0.0
2025-10-02,C05-O23,C05,4.1,326,0.0
2025-10-02,C05-O24,C05,4.1,418,0.0
2025-10-02,C06-O01,C06,4.1,216,0.0
2025-10-02,C06-O02,C06,4.1,303,0.0
2025-10-02,C06-O03,C06,4.1,265,0.0
2025-10-02,C06-O04,C06,4.1,266,0.0
2025-10-02,C06-O05,C06,4.1,327,0.0
2025-10-02,C06-O06,C06,4.1,293,0.0
2025-10-02,C06-O07,C06,4.1,271,0.0
2025-10-02,C06-O08,C06,4.1,270,0.0
2025-10-02,C06-O09,C06,4.1,167,0.0
2025-10-02,C06-O10,C06,4.1,297,0.0
2025-10-02,C06-O11,C06,4.1,247,0.0
2025-10-02,C06-O12,C06,4.1,270,0.0
2025-10-02,C06-O13,C06,4.1,247,0.0
2025-10-02,C06-O14,C06,4.1,276,0.0
2025-10-02,C06-O15,C06,4.1,211,0.0
2025-10-02,C06-O16,C06,4.1,236,0.0
2025-10-02,C06-O17,C06,4.1,192,0.0
2025-10-02,C06-O18,C06,4.1,262,0.0
2025-10-02,C06-O19,C06,4.1,242,0.0
2025-10-02,C06-O20,C06,4.1,243,0.0
2025-10-02,C06-O21,C06,4.1,197,0.0
2025-10-02,C06-O22,C06,4.1,360,0.0
2025-10-02,C06-O23,C06,4.1,224,0.0
2025-10-02,C06-O24,C06,4.1,236,0.0
2025-10-02,C06-O25,C06,4.1,288,0.0
2025-10-02,C06-O26,C06,4.1,264,0.0
2025-10-02,C06-O27,C06,4.1,264,0.0
2025-10-02,C06-O28,C06,4.1,315,0.0
2025-10-02,C06-O29,C06,4.1,308,0.0
2025-10-02,C06-O30,C06,4.1,295,118.0
2025-10-02,C07-O01,C07,4.1,198,0.0
2025-10-02,C07-O02,C07,4.1,200,0.0
2025-10-02,C07-O03,C07,4.1,191,0.0
2025-10-02,C07-O04,C07,4.1,224,0.0
2025-10-02,C07-O05,C07,4.1,187,0.0
2025-10-02,C07-O06,C07,4.1,284,0.0
2025-10-02,C07-O07,C07,4.1,199,0.0
2025-10-02,C07-O08,C07,4.1,220,0.0
2025-10-02,C07-O09,C07,4.1,244,0.0
2025-10-02,C07-O10,C07,4.1,222,0.0
2025-10-02,C07-O11,C07,4.1,261,0.0
2025-10-02,C07-O12,C07,4.1,219,0.0
2025-10-02,C07-O13,C07,4.1,244,0.0
2025-10-02,C07-O14,C07,4.1,194,0.0
2025-10-02,C07-O15,C07,4.1,275,0.0
2025-10-02,C07-O16,C07,4.1,178,0.0
2025-10-02,C07-O17,C07,4.1,266,0.0
2025-10-02,C07-O18,C07,4.1,180,0.0
2025-10-02,C07-O19,C07,4.1,220,0.0
2025-10-02,C07-O20,C07,4.1,236,0.0
2025-10-02,C07-O21,C07,4.1,214,0.0
2025-10-02,C08-O01,C08,4.1,246,0.0
2025-10-02,C08-O02,C08,4.1,277,0.0
2025-10-02,C08-O03,C08,4.1,245,0.0
2025-10-02,C08-O04,C08,4.1,289,0.0
2025-10-02,C08-O05,C08,4.1,247,0.0
2025-10-02,C08-O06,C08,4.1,333,0.0
2025-10-02,C08-O07,C08,4.1,296,0.0
2025-10-02,C08-O08,C08,4.1,306,0.0
2025-10-02,C08-O09,C08,4.1,253,0.0
2025-10-02,C08-O10,C08,4.1,313,0.0
2025-10-02,C08-O11,C08,4.1,237,0.0
2025-10-02,C08-O12,C08,4.1,263,0.0
2025-10-02,C08-O13,C08,4.1,337,0.0
2025-10-02,C08-O14,C08,4.1,242,0.0
2025-10-02,C09-O01,C09,4.1,141,0.0
2025-10-02,C09-O02,C09,4.1,114,0.0
2025-10-02,C09-O03,C09,4.1,97,0.0
2025-10-02,C09-O04,C09,4.1,80,0.0
2025-10-02,C09-O05,C09,4.1,147,0.0
2025-10-02,C09-O06,C09,4.1,87,0.0
2025-10-02,C09-O07,C09,4.1,77,0.0
2025-10-02,C09-O08,C09,4.1,133,0.0
2025-10-02,C09-O09,C09,4.1,73,0.0
2025-10-02,C09-O10,C09,4.1,109,0.0
2025-10-02,C09-O11,C09,4.1,93,0.0
2025-10-02,C09-O12,C09,4.1,84,0.0
2025-10-02,C09-O13,C09,4.1,82,0.0
2025-10-02,C09-O14,C09,4.1,125,0.0
2025-10-02,C09-O15,C09,4.1,101,0.0
2025-10-02,C10-O01,C10,4.1,228,0.0
2025-10-02,C10-O02,C10,4.1,221,88.0
2025-10-02,C10-O03,C10,4.1,247,99.0
2025-10-02,C10-O04,C10,4.1,296,0.0
2025-10-02,C10-O05,C10,4.1,184,0.0
2025-10-02,C10-O06,C10,4.1,225,0.0
2025-10-02,C10-O07,C10,4.1,311,0.0
2025-10-02,C10-O08,C10,4.1,267,0.0
2025-10-02,C10-O09,C10,4.1,191,0.0
2025-10-02,C10-O10,C10,4.1,229,0.0
2025-10-02,C10-O11,C10,4.1,194,0.0
2025-10-02,C10-O12,C10,4.1,262,0.0
2025-10-02,C10-O13,C10,4.1,173,0.0
2025-10-02,C10-O14,C10,4.1,173,0.0
2025-10-02,C10-O15,C10,4.1,283,0.0
2025-10-02,C10-O16,C10,4.1,241,0.0
2025-10-02,C10-O17,C10,4.1,189,0.0
2025-10-02,C10-O18,C10,4.1,263,0.0
2025-10-02,C10-O19,C10,4.1,209,0.0
2025-10-02,C10-O20,C10,4.1,281,0.0
2025-10-02,C10-O21,C10,4.1,205,0.0
2025-10-02,C11-O01,C11,4.1,343,0.0
2025-10-02,C11-O02,C11,4.1,326,0.0
2025-10-02,C11-O03,C11,4.1,340,0.0
2025-10-02,C11-O04,C11,4.1,254,0.0
2025-10-02,C11-O05,C11,4.1,315,0.0
2025-10-02,C11-O06,C11,4.1,218,0.0
2025-10-02,C11-O07,C11,4.1,388,0.0
2025-10-02,C11-O08,C11,4.1,332,0.0
2025-10-02,C11-O09,C11,4.1,311,0.0
2025-10-02,C11-O10,C11,4.1,353,0.0
2025-10-02,C11-O11,C11,4.1,207,0.0
2025-10-02,C11-O12,C11,4.1,359,0.0
2025-10-02,C11-O13,C11,4.1,318,0.0
2025-10-02,C11-O14,C11,4.1,247,0.0
2025-10-02,C11-O15,C11,4.1,340,0.0
2025-10-02,C11-O16,C11,4.1,341,0.0
2025-10-02,C11-O17,C11,4.1,363,0.0
2025-10-02,C11-O18,C11,4.1,243,0.0
2025-10-02,C11-O19,C11,4.1,267,0.0
2025-10-02,C11-O20,C11,4.1,387,0.0
2025-10-02,C11-O21,C11,4.1,402,0.0
2025-10-02,C11-O22,C11,4.1,325,0.0
2025-10-02,C12-O01,C12,4.1,199,0.0
2025-10-02,C12-O02,C12,4.1,185,0.0
2025-10-02,C12-O03,C12,4.1,97,0.0
2025-10-02,C12-O04,C12,4.1,197,0.0
2025-10-02,C12-O05,C12,4.1,155,0.0
2025-10-02,C12-O06,C12,4.1,140,0.0
2025-10-02,C12-O07,C12,4.1,139,0.0
2025-10-02,C12-O08,C12,4.1,128,51.0
2025-10-02,C12-O09,C12,4.1,148,0.0
2025-10-02,C12-O10,C12,4.1,164,0.0
2025-10-02,C12-O11,C12,4.1,111,0.0
2025-10-02,C12-O12,C12,4.1,116,0.0
2025-10-02,C12-O13,C12,4.1,164,0.0
2025-10-02,C12-O14,C12,4.1,172,0.0
2025-10-02,C12-O15,C12,4.1,182,0.0
2025-10-02,C12-O16,C12,4.1,111,0.0
2025-10-02,C12-O17,C12,4.1,121,0.0
2025-10-02,C12-O18,C12,4.1,179,0.0
2025-10-02,C12-O19,C12,4.1,149,0.0
2025-10-02,C12-O20,C12,4.1,158,0.0
2025-10-02,C12-O21,C12,4.1,130,0.0
2025-10-02,C12-O22,C12,4.1,100,0.0
2025-10-02,C12-O23,C12,4.1,175,0.0
2025-10-02,C12-O24,C12,4.1,179,0.0
2025-10-02,C13-O01,C13,4.1,189,0.0
2025-10-02,C13-O02,C13,4.1,329,0.0
2025-10-02,C13-O03,C13,4.1,222,0.0
2025-10-02,C13-O04,C13,4.1,225,0.0
2025-10-02,C13-O05,C13,4.1,243,0.0
2025-10-02,C13-O06,C13,4.1,230,0.0
2025-10-02,C13-O07,C13,4.1,201,0.0
2025-10-02,C13-O08,C13,4.1,223,0.0
2025-10-02,C13-O09,C13,4.1,303,0.0
2025-10-02,C13-O10,C13,4.1,287,0.0
2025-10-02,C13-O11,C13,4.1,206,0.0
2025-10-02,C13-O12,C13,4.1,330,0.0
2025-10-02,C13-O13,C13,4.1,279,0.0
2025-10-02,C13-O14,C13,4.1,204,0.0
2025-10-02,C13-O15,C13,4.1,286,0.0
2025-10-02,C13-O16,C13,4.1,272,0.0
2025-10-02,C13-O17,C13,4.1,266,0.0
2025-10-02,C14-O01,C14,4.1,425,0.0
2025-10-02,C14-O02,C14,4.1,274,0.0
2025-10-02,C14-O03,C14,4.1,320,0.0
2025-10-02,C14-O04,C14,4.1,238,0.0
2025-10-02,C14-O05,C14,4.1,297,0.0
2025-10-02,C14-O06,C14,4.1,313,0.0
2025-10-02,C14-O07,C14,4.1,351,0.0
2025-10-02,C14-O08,C14,4.1,248,0.0
2025-10-02,C15-O01,C15,4.1,174,0.0
2025-10-02,C15-O02,C15,4.1,281,0.0
2025-10-02,C15-O03,C15,4.1,238,0.0
2025-10-02,C15-O04,C15,4.1,221,0.0
2025-10-02,C15-O05,C15,4.1,217,0.0
2025-10-02,C15-O06,C15,4.1,203,0.0
2025-10-02,C15-O07,C15,4.1,229,0.0
2025-10-02,C15-O08,C15,4.1,238,0.0
2025-10-02,C15-O09,C15,4.1,270,0.0
2025-10-02,C15-O10,C15,4.1,173,0.0
2025-10-02,C15-O11,C15,4.1,209,0.0
2025-10-02,C15-O12,C15,4.1,260,0.0
2025-10-02,C15-O13,C15,4.1,175,70.0
2025-10-02,C15-O14,C15,4.1,236,0.0
2025-10-02,C15-O15,C15,4.1,203,0.0
2025-10-02,C15-O16,C15,4.1,253,0.0
2025-10-02,C15-O17,C15,4.1,249,0.0
2025-10-02,C15-O18,C15,4.1,186,0.0
2025-10-02,C15-O19,C15,4.1,193,0.0
2025-10-02,C15-O20,C15,4.1,233,93.0
2025-10-02,C15-O21,C15,4.1,233,0.0
2025-10-02,C15-O22,C15,4.1,262,0.0
2025-10-02,C15-O23,C15,4.1,205,0.0
2025-10-02,C16-O01,C16,4.1,75,0.0
2025-10-02,C16-O02,C16,4.1,49,0.0
2025-10-02,C16-O03,C16,4.1,80,0.0
2025-10-02,C16-O04,C16,4.1,61,0.0
2025-10-02,C16-O05,C16,4.1,59,0.0
2025-10-02,C16-O06,C16,4.1,64,0.0
2025-10-02,C16-O07,C16,4.1,57,0.0
2025-10-02,C16-O08,C16,4.1,93,0.0
2025-10-02,C17-O01,C17,4.1,80,0.0
2025-10-02,C17-O02,C17,4.1,108,0.0
2025-10-02,C17-O03,C17,4.1,133,0.0
2025-10-02,C17-O04,C17,4.1,83,0.0
2025-10-02,C17-O05,C17,4.1,100,0.0
2025-10-02,C17-O06,C17,4.1,96,0.0
2025-10-02,C17-O07,C17,4.1,107,0.0
2025-10-02,C17-O08,C17,4.1,110,0.0
2025-10-02,C17-O09,C17,4.1,94,0.0
2025-10-02,C17-O10,C17,4.1,103,0.0
2025-10-02,C18-O01,C18,4.1,367,0.0
2025-10-02,C18-O02,C18,4.1,265,0.0
2025-10-02,C18-O03,C18,4.1,231,0.0
2025-10-02,C18-O04,C18,4.1,263,0.0
2025-10-02,C18-O05,C18,4.1,301,120.0
2025-10-02,C18-O06,C18,4.1,212,0.0
2025-10-02,C18-O07,C18,4.1,291,0.0
2025-10-02,C18-O08,C18,4.1,239,0.0
2025-10-02,C19-O01,C19,4.1,311,0.0
2025-10-02,C19-O02,C19,4.1,310,0.0
2025-10-02,C19-O03,C19,4.1,245,98.0
2025-10-02,C19-O04,C19,4.1,203,0.0
2025-10-02,C19-O05,C19,4.1,189,0.0
2025-10-02,C19-O06,C19,4.1,255,0.0
2025-10-02,C19-O07,C19,4.1,300,0.0
2025-10-02,C19-O08,C19,4.1,287,0.0
2025-10-02,C20-O01,C20,4.1,320,0.0
2025-10-02,C20-O02,C20,4.1,341,0.0
2025-10-02,C20-O03,C20,4.1,259,0.0
2025-10-02,C20-O04,C20,4.1,194,0.0
2025-10-02,C20-O05,C20,4.1,307,0.0
2025-10-02,C21-O01,C21,4.1,212,0.0
2025-10-02,C21-O02,C21,4.1,313,0.0
2025-10-02,C21-O03,C21,4.1,185,0.0
2025-10-02,C21-O04,C21,4.1,266,0.0
2025-10-02,C21-O05,C21,4.1,274,0.0
2025-10-02,C21-O06,C21,4.1,205,0.0
2025-10-02,C21-O07,C21,4.1,224,0.0
2025-10-02,C21-O08,C21,4.1,248,0.0
2025-10-02,C21-O09,C21,4.1,218,0.0
2025-10-02,C22-O01,C22,4.1,357,0.0
2025-10-02,C22-O02,C22,4.1,381,0.0
2025-10-02,C22-O03,C22,4.1,243,0.0
2025-10-02,C22-O04,C22,4.1,329,0.0
2025-10-02,C22-O05,C22,4.1,245,0.0
2025-10-02,C22-O06,C22,4.1,227,0.0
2025-10-02,C22-O07,C22,4.1,227,0.0
2025-10-02,C22-O08,C22,4.1,272,0.0
2025-10-02,C22-O09,C22,4.1,394,0.0
2025-10-02,C22-O10,C22,4.1,387,0.0
2025-10-02,C22-O11,C22,4.1,361,0.0
2025-10-02,C22-O12,C22,4.1,352,0.0
2025-10-02,C22-O13,C22,4.1,266,0.0
2025-10-02,C22-O14,C22,4.1,333,0.0
2025-10-02,C22-O15,C22,4.1,247,0.0
2025-10-02,C22-O16,C22,4.1,364,0.0
2025-10-02,C22-O17,C22,4.1,281,0.0
2025-10-02,C22-O18,C22,4.1,261,0.0
2025-10-02,C23-O01,C23,4.1,326,0.0
2025-10-02,C23-O02,C23,4.1,267,106.0
2025-10-02,C23-O03,C23,4.1,191,0.0
2025-10-02,C23-O04,C23,4.1,169,0.0
2025-10-02,C23-O05,C23,4.1,266,0.0
2025-10-02,C23-O06,C23,4.1,200,0.0
2025-10-02,C24-O01,C24,4.1,388,0.0
2025-10-02,C24-O02,C24,4.1,255,0.0
2025-10-02,C24-O03,C24,4.1,264,0.0
2025-10-02,C24-O04,C24,4.1,413,0.0
2025-10-02,C24-O05,C24,4.1,364,0.0
2025-10-02,C24-O06,C24,4.1,297,0.0
2025-10-02,C24-O07,C24,4.1,237,0.0
2025-10-02,C24-O08,C24,4.1,305,0.0
2025-10-02,C24-O09,C24,4.1,301,0.0
2025-10-02,C24-O10,C24,4.1,303,0.0
2025-10-02,C25-O01,C25,4.1,238,0.0
2025-10-02,C25-O02,C25,4.1,214,0.0
2025-10-02,C25-O03,C25,4.1,263,0.0
2025-10-02,C25-O04,C25,4.1,267,0.0
2025-10-02,C25-O05,C25,4.1,312,0.0
2025-10-02,C25-O06,C25,4.1,304,0.0
2025-10-02,C25-O07,C25,4.1,336,0.0
2025-10-02,C25-O08,C25,4.1,267,0.0
2025-10-02,C25-O09,C25,4.1,262,0.0
2025-10-02,C25-O10,C25,4.1,360,144.0
2025-10-02,C25-O11,C25,4.1,273,0.0
2025-10-02,C25-O12,C25,4.1,368,0.0
2025-10-02,C25-O13,C25,4.1,343,0.0
2025-10-02,C25-O14,C25,4.1,320,0.0
2025-10-02,C25-O15,C25,4.1,254,0.0
2025-10-02,C26-O01,C26,4.1,261,0.0
2025-10-02,C26-O02,C26,4.1,162,0.0
2025-10-02,C26-O03,C26,4.1,208,0.0
2025-10-02,C26-O04,C26,4.1,189,0.0
2025-10-02,C26-O05,C26,4.1,230,0.0
2025-10-02,C26-O06,C26,4.1,277,0.0
2025-10-02,C26-O07,C26,4.1,248,0.0
2025-10-02,C26-O08,C26,4.1,185,0.0
2025-10-02,C26-O09,C26,4.1,299,0.0
2025-10-02,C26-O10,C26,4.1,199,0.0
2025-10-02,C27-O01,C27,4.1,131,0.0
2025-10-02,C27-O02,C27,4.1,98,0.0
2025-10-02,C27-O03,C27,4.1,98,0.0
2025-10-02,C27-O04,C27,4.1,111,0.0
2025-10-02,C27-O05,C27,4.1,129,0.0
2025-10-02,C27-O06,C27,4.1,77,0.0
2025-10-02,C27-O07,C27,4.1,112,0.0
2025-10-02,C27-O08,C27,4.1,122,0.0
2025-10-02,C27-O09,C27,4.1,72,0.0
2025-10-02,C27-O10,C27,4.1,99,0.0
2025-10-02,C27-O11,C27,4.1,126,0.0
2025-10-02,C27-O12,C27,4.1,107,0.0
2025-10-02,C27-O13,C27,4.1,96,0.0
2025-10-02,C27-O14,C27,4.1,84,0.0
2025-10-02,C27-O15,C27,4.1,117,0.0
2025-10-02,C27-O16,C27,4.1,132,0.0
2025-10-02,C27-O17,C27,4.1,118,0.0
2025-10-02,C27-O18,C27,4.1,131,0.0
2025-10-02,C27-O19,C27,4.1,119,0.0
2025-10-02,C27-O20,C27,4.1,80,0.0
2025-10-02,C27-O21,C27,4.1,144,0.0
2025-10-02,C27-O22,C27,4.1,102,0.0
2025-10-02,C28-O01,C28,4.1,334,0.0
2025-10-02,C28-O02,C28,4.1,330,0.0
2025-10-02,C28-O03,C28,4.1,391,0.0
2025-10-02,C28-O04,C28,4.1,391,0.0
2025-10-02,C28-O05,C28,4.1,356,0.0
2025-10-02,C28-O06,C28,4.1,317,127.0
2025-10-02,C28-O07,C28,4.1,267,0.0
2025-10-02,C28-O08,C28,4.1,309,0.0
2025-10-02,C28-O09,C28,4.1,276,0.0
2025-10-02,C28-O10,C28,4.1,294,0.0
2025-10-02,C28-O11,C28,4.1,330,132.0
2025-10-02,C28-O12,C28,4.1,299,0.0
2025-10-02,C29-O01,C29,4.1,109,0.0
2025-10-02,C29-O02,C29,4.1,169,0.0
2025-10-02,C29-O03,C29,4.1,127,0.0
2025-10-02,C29-O04,C29,4.1,128,0.0
2025-10-02,C29-O05,C29,4.1,145,0.0
2025-10-02,C29-O06,C29,4.1,175,0.0
2025-10-02,C29-O07,C29,4.1,109,0.0
2025-10-02,C29-O08,C29,4.1,169,0.0
2025-10-02,C29-O09,C29,4.1,178,0.0
2025-10-02,C29-O10,C29,4.1,139,0.0
2025-10-02,C29-O11,C29,4.1,135,0.0
2025-10-02,C29-O12,C29,4.1,117,0.0
2025-10-02,C30-O01,C30,4.1,287,0.0
2025-10-02,C30-O02,C30,4.1,169,0.0
2025-10-02,C30-O03,C30,4.1,175,0.0
2025-10-02,C30-O04,C30,4.1,209,0.0
2025-10-02,C30-O05,C30,4.1,248,0.0
2025-10-02,C30-O06,C30,4.1,189,0.0
2025-10-02,C30-O07,C30,4.1,214,0.0
2025-10-02,C30-O08,C30,4.1,311,0.0
2025-10-02,C30-O09,C30,4.1,254,0.0
2025-10-02,C30-O10,C30,4.1,281,0.0
2025-10-02,C30-O11,C30,4.1,295,0.0
2025-10-02,C30-O12,C30,4.1,283,0.0
2025-10-02,C30-O13,C30,4.1,219,0.0
2025-10-02,C30-O14,C30,4.1,253,0.0
2025-10-02,C30-O15,C30,4.1,164,0.0
2025-10-02,C30-O16,C30,4.1,312,0.0
2025-10-02,C30-O17,C30,4.1,290,0.0
2025-10-02,C31-O01,C31,4.1,74,0.0
2025-10-02,C31-O02,C31,4.1,84,0.0
2025-10-02,C31-O03,C31,4.1,89,0.0
2025-10-02,C31-O04,C31,4.1,62,0.0
2025-10-02,C31-O05,C31,4.1,64,0.0
2025-10-02,C31-O06,C31,4.1,70,0.0
2025-10-02,C31-O07,C31,4.1,51,0.0
2025-10-02,C31-O08,C31,4.1,94,0.0
2025-10-02,C31-O09,C31,4.1,75,0.0
2025-10-02,C31-O10,C31,4.1,74,0.0
2025-10-02,C31-O11,C31,4.1,93,0.0
2025-10-02,C31-O12,C31,4.1,67,0.0
2025-10-02,C31-O13,C31,4.1,85,0.0
2025-10-02,C32-O01,C32,4.1,318,0.0
2025-10-02,C32-O02,C32,4.1,226,0.0
2025-10-02,C32-O03,C32,4.1,299,0.0
2025-10-02,C32-O04,C32,4.1,325,0.0
2025-10-02,C32-O05,C32,4.1,275,0.0
2025-10-02,C32-O06,C32,4.1,377,0.0
2025-10-02,C32-O07,C32,4.1,377,0.0
2025-10-02,C32-O08,C32,4.1,298,0.0
2025-10-02,C32-O09,C32,4.1,264,0.0
2025-10-02,C32-O10,C32,4.1,305,0.0
2025-10-02,C32-O11,C32,4.1,359,0.0
2025-10-02,C32-O12,C32,4.1,254,0.0
2025-10-02,C32-O13,C32,4.1,319,0.0
2025-10-02,C32-O14,C32,4.1,236,0.0
2025-10-02,C33-O01,C33,4.1,206,0.0
2025-10-02,C33-O02,C33,4.1,243,0.0
2025-10-02,C33-O03,C33,4.1,247,0.0
2025-10-02,C33-O04,C33,4.1,303,0.0
2025-10-02,C34-O01,C34,4.1,267,0.0
2025-10-02,C34-O02,C34,4.1,370,0.0
2025-10-02,C34-O03,C34,4.1,350,0.0
2025-10-02,C34-O04,C34,4.1,316,0.0
2025-10-02,C34-O05,C34,4.1,369,0.0
2025-10-02,C34-O06,C34,4.1,225,0.0
2025-10-02,C34-O07,C34,4.1,230,0.0
2025-10-02,C34-O08,C34,4.1,300,0.0
2025-10-02,C34-O09,C34,4.1,308,0.0
2025-10-02,C34-O10,C34,4.1,210,0.0
2025-10-02,C34-O11,C34,4.1,399,159.0
2025-10-02,C34-O12,C34,4.1,221,0.0
2025-10-02,C35-O01,C35,4.1,264,0.0
2025-10-02,C35-O02,C35,4.1,280,0.0
2025-10-02,C35-O03,C35,4.1,241,96.0
2025-10-02,C35-O04,C35,4.1,336,0.0
2025-10-02,C35-O05,C35,4.1,282,0.0
2025-10-02,C35-O06,C35,4.1,263,0.0
2025-10-02,C35-O07,C35,4.1,386,0.0
2025-10-02,C35-O08,C35,4.1,307,0.0
2025-10-02,C35-O09,C35,4.1,253,0.0
2025-10-02,C35-O10,C35,4.1,361,0.0
2025-10-02,C35-O11,C35,4.1,331,132.0
2025-10-02,C35-O12,C35,4.1,346,0.0
2025-10-02,C35-O13,C35,4.1,406,0.0
2025-10-02,C35-O14,C35,4.1,310,0.0
2025-10-02,C35-O15,C35,4.1,270,0.0
2025-10-02,C35-O16,C35,4.1,246,0.0
2025-10-02,C35-O17,C35,4.1,303,0.0
2025-10-02,C35-O18,C35,4.1,308,0.0
2025-10-02,C35-O19,C35,4.1,244,0.0
2025-10-02,C35-O20,C35,4.1,246,0.0
2025-10-02,C35-O21,C35,4.1,359,0.0
2025-10-02,C35-O22,C35,4.1,400,0.0
2025-10-02,C36-O01,C36,4.1,259,0.0
2025-10-02,C36-O02,C36,4.1,239,0.0
2025-10-02,C36-O03,C36,4.1,208,0.0
2025-10-02,C36-O04,C36,4.1,233,0.0
2025-10-02,C36-O05,C36,4.1,278,0.0
2025-10-02,C36-O06,C36,4.1,209,0.0
2025-10-02,C36-O07,C36,4.1,284,0.0
2025-10-02,C36-O08,C36,4.1,272,0.0
2025-10-02,C36-O09,C36,4.1,174,0.0
2025-10-02,C36-O10,C36,4.1,328,0.0
2025-10-02,C36-O11,C36,4.1,257,0.0
2025-10-02,C37-O01,C37,4.1,283,0.0
2025-10-02,C37-O02,C37,4.1,229,0.0
2025-10-02,C37-O03,C37,4.1,258,0.0
2025-10-02,C37-O04,C37,4.1,295,0.0
2025-10-02,C37-O05,C37,4.1,381,0.0
2025-10-02,C37-O06,C37,4.1,331,0.0
2025-10-02,C37-O07,C37,4.1,264,0.0
2025-10-02,C37-O08,C37,4.1,318,0.0
2025-10-02,C37-O09,C37,4.1,229,0.0
2025-10-02,C37-O10,C37,4.1,215,86.0
2025-10-02,C37-O11,C37,4.1,288,0.0
2025-10-02,C37-O12,C37,4.1,342,0.0
2025-10-02,C38-O01,C38,4.1,332,0.0
2025-10-02,C38-O02,C38,4.1,233,0.0
2025-10-02,C38-O03,C38,4.1,339,0.0
2025-10-02,C38-O04,C38,4.1,196,0.0
2025-10-02,C38-O05,C38,4.1,271,0.0
2025-10-02,C38-O06,C38,4.1,313,0.0
2025-10-02,C38-O07,C38,4.1,264,0.0
2025-10-02,C38-O08,C38,4.1,249,0.0
2025-10-02,C38-O09,C38,4.1,263,0.0
2025-10-02,C38-O10,C38,4.1,363,0.0
2025-10-02,C38-O11,C38,4.1,253,0.0
2025-10-02,C38-O12,C38,4.1,249,0.0
2025-10-02,C38-O13,C38,4.1,360,0.0
2025-10-02,C38-O14,C38,4.1,230,0.0
2025-10-02,C38-O15,C38,4.1,266,0.0
2025-10-02,C38-O16,C38,4.1,264,0.0
2025-10-02,C38-O17,C38,4.1,271,0.0
2025-10-02,C38-O18,C38,4.1,356,0.0
2025-10-02,C38-O19,C38,4.1,224,0.0
2025-10-02,C38-O20,C38,4.1,323,0.0
2025-10-02,C38-O21,C38,4.1,298,0.0
2025-10-02,C39-O01,C39,4.1,165,0.0
2025-10-02,C39-O02,C39,4.1,209,83.0
2025-10-02,C39-O03,C39,4.1,244,0.0
2025-10-02,C39-O04,C39,4.1,317,0.0
2025-10-02,C39-O05,C39,4.1,234,93.0
2025-10-02,C39-O06,C39,4.1,181,0.0
2025-10-02,C39-O07,C39,4.1,197,0.0
2025-10-02,C39-O08,C39,4.1,162,0.0
2025-10-02,C39-O09,C39,4.1,211,0.0
2025-10-02,C39-O10,C39,4.1,219,0.0
2025-10-02,C39-O11,C39,4.1,307,0.0
2025-10-02,C39-O12,C39,4.1,262,0.0
2025-10-02,C39-O13,C39,4.1,273,0.0
2025-10-02,C39-O14,C39,4.1,163,0.0
2025-10-02,C39-O15,C39,4.1,328,0.0
2025-10-02,C39-O16,C39,4.1,169,0.0
2025-10-02,C39-O17,C39,4.1,204,0.0
2025-10-02,C39-O18,C39,4.1,186,0.0
2025-10-02,C39-O19,C39,4.1,325,0.0
2025-10-02,C40-O01,C40,4.1,359,0.0
2025-10-02,C40-O02,C40,4.1,375,0.0
2025-10-02,C40-O03,C40,4.1,297,0.0
2025-10-02,C40-O04,C40,4.1,232,0.0
2025-10-02,C40-O05,C40,4.1,295,0.0
2025-10-02,C40-O06,C40,4.1,358,0.0
2025-10-02,C40-O07,C40,4.1,279,0.0
2025-10-02,C40-O08,C40,4.1,310,0.0
2025-10-02,C40-O09,C40,4.1,403,0.0
2025-10-02,C40-O10,C40,4.1,388,0.0
2025-10-03,C01-O01,C01,4.1,171,0.0
2025-10-03,C01-O02,C01,4.1,213,0.0
2025-10-03,C01-O03,C01,4.1,306,0.0
2025-10-03,C01-O04,C01,4.1,164,0.0
2025-10-03,C01-O05,C01,4.1,325,0.0
2025-10-03,C01-O06,C01,4.1,286,0.0
2025-10-03,C01-O07,C01,4.1,168,0.0
2025-10-03,C01-O08,C01,4.1,252,0.0
2025-10-03,C01-O09,C01,4.1,238,0.0
2025-10-03,C01-O10,C01,4.1,236,0.0
2025-10-03,C01-O11,C01,4.1,177,0.0
2025-10-03,C01-O12,C01,4.1,223,0.0
2025-10-03,C01-O13,C01,4.1,210,0.0
2025-10-03,C01-O14,C01,4.1,278,0.0
2025-10-03,C01-O15,C01,4.1,322,0.0
2025-10-03,C01-O16,C01,4.1,188,0.0
2025-10-03,C01-O17,C01,4.1,253,0.0
2025-10-03,C01-O18,C01,4.1,289,0.0
2025-10-03,C01-O19,C01,4.1,311,0.0
2025-10-03,C01-O20,C01,4.1,184,0.0
2025-10-03,C01-O21,C01,4.1,206,0.0
2025-10-03,C01-O22,C01,4.1,180,0.0
2025-10-03,C01-O23,C01,4.1,173,0.0
2025-10-03,C01-O24,C01,4.1,269,0.0
2025-10-03,C01-O25,C01,4.1,275,0.0
2025-10-03,C01-O26,C01,4.1,228,0.0
2025-10-03,C01-O27,C01,4.1,254,0.0
2025-10-03,C01-O28,C01,4.1,158,0.0
2025-10-03,C01-O29,C01,4.1,306,0.0
2025-10-03,C01-O30,C01,4.1,234,93.0
2025-10-03,C01-O31,C01,4.1,252,0.0
2025-10-03,C01-O32,C01,4.1,228,0.0
2025-10-03,C01-O33,C01,4.1,283,0.0
2025-10-03,C01-O34,C01,4.1,219,0.0
2025-10-03,C01-O35,C01,4.1,191,0.0
2025-10-03,C01-O36,C01,4.1,191,0.0
2025-10-03,C01-O37,C01,4.1,283,0.0
2025-10-03,C01-O38,C01,4.1,174,0.0
2025-10-03,C01-O39,C01,4.1,259,0.0
2025-10-03,C01-O40,C01,4.1,276,0.0
2025-10-03,C01-O41,C01,4.1,215,0.0
2025-10-03,C01-O42,C01,4.1,323,0.0
2025-10-03,C02-O01,C02,4.1,89,0.0
2025-10-03,C02-O02,C02,4.1,85,0.0
2025-10-03,C02-O03,C02,4.1,53,0.0
2025-10-03,C02-O04,C02,4.1,50,0.0
2025-10-03,C02-O05,C02,4.1,67,0.0
2025-10-03,C02-O06,C02,4.1,80,0.0
2025-10-03,C02-O07,C02,4.1,70,0.0
2025-10-03,C02-O08,C02,4.1,64,0.0
2025-10-03,C02-O09,C02,4.1,63,0.0
2025-10-03,C02-O10,C02,4.1,87,0.0
2025-10-03,C02-O11,C02,4.1,53,0.0
2025-10-03,C02-O12,C02,4.1,84,0.0
2025-10-03,C02-O13,C02,4.1,52,0.0
2025-10-03,C02-O14,C02,4.1,56,0.0
2025-10-03,C02-O15,C02,4.1,78,0.0
2025-10-03,C02-O16,C02,4.1,53,0.0
2025-10-03,C02-O17,C02,4.1,65,0.0
2025-10-03,C02-O18,C02,4.1,77,0.0
2025-10-03,C02-O19,C02,4.1,60,0.0
2025-10-03,C02-O20,C02,4.1,95,0.0
2025-10-03,C02-O21,C02,4.1,85,0.0
2025-10-03,C02-O22,C02,4.1,66,0.0
2025-10-03,C02-O23,C02,4.1,54,0.0
2025-10-03,C02-O24,C02,4.1,74,0.0
2025-10-03,C02-O25,C02,4.1,66,0.0
2025-10-03,C03-O01,C03,4.1,98,39.0
2025-10-03,C03-O02,C03,4.1,89,35.0
2025-10-03,C03-O03,C03,4.1,103,41.0
2025-10-03,C03-O04,C03,4.1,141,56.0
2025-10-03,C03-O05,C03,4.1,128,51.0
2025-10-03,C03-O06,C03,4.1,105,42.0
2025-10-03,C03-O07,C03,4.1,106,0.0
2025-10-03,C03-O08,C03,4.1,106,0.0
2025-10-03,C03-O09,C03,4.1,130,0.0
2025-10-03,C03-O10,C03,4.1,138,0.0
2025-10-03,C03-O11,C03,4.1,83,0.0
2025-10-03,C03-O12,C03,4.1,93,0.0
2025-10-03,C03-O13,C03,4.1,130,0.0
2025-10-03,C03-O14,C03,4.1,106,0.0
2025-10-03,C03-O15,C03,4.1,111,0.0
2025-10-03,C03-O16,C03,4.1,153,0.0
2025-10-03,C03-O17,C03,4.1,86,0.0
2025-10-03,C03-O18,C03,4.1,95,0.0
2025-10-03,C04-O01,C04,4.1,80,0.0
2025-10-03,C04-O02,C04,4.1,69,0.0
2025-10-03,C04-O03,C04,4.1,79,0.0
2025-10-03,C04-O04,C04,4.1,53,0.0
2025-10-03,C04-O05,C04,4.1,55,0.0
2025-10-03,C04-O06,C04,4.1,61,0.0
2025-10-03,C04-O07,C04,4.1,55,0.0
2025-10-03,C04-O08,C04,4.1,55,0.0
2025-10-03,C05-O01,C05,4.1,244,97.0
2025-10-03,C05-O02,C05,4.1,232,92.0
2025-10-03,C05-O03,C05,4.1,197,79.0
2025-10-03,C05-O04,C05,4.1,232,92.0
2025-10-03,C05-O05,C05,4.1,200,80.0
2025-10-03,C05-O06,C05,4.1,212,0.0
2025-10-03,C05-O07,C05,4.1,219,0.0
2025-10-03,C05-O08,C05,4.1,361,0.0
2025-10-03,C05-O09,C05,4.1,289,0.0
2025-10-03,C05-O10,C05,4.1,223,0.0
2025-10-03,C05-O11,C05,4.1,290,0.0
2025-10-03,C05-O12,C05,4.1,321,0.0
2025-10-03,C05-O13,C05,4.1,245,0.0
2025-10-03,C05-O14,C05,4.1,262,0.0
2025-10-03,C05-O15,C05,4.1,221,0.0
2025-10-03,C05-O16,C05,4.1,277,0.0
2025-10-03,C05-O17,C05,4.1,229,0.0
2025-10-03,C05-O18,C05,4.1,369,0.0
2025-10-03,C05-O19,C05,4.1,386,0.0
2025-10-03,C05-O20,C05,4.1,218,0.0
2025-10-03,C05-O21,C05,4.1,362,0.0
2025-10-03,C05-O22,C05,4.1,232,0.0
2025-10-03,C05-O23,C05,4.1,303,0.0
2025-10-03,C05-O24,C05,4.1,381,0.0
2025-10-03,C06-O01,C06,4.1,206,0.0
2025-10-03,C06-O02,C06,4.1,297,0.0
2025-10-03,C06-O03,C06,4.1,273,0.0
2025-10-03,C06-O04,C06,4.1,287,0.0
2025-10-03,C06-O05,C06,4.1,326,0.0
2025-10-03,C06-O06,C06,4.1,279,0.0
2025-10-03,C06-O07,C06,4.1,298,0.0
2025-10-03,C06-O08,C06,4.1,267,0.0
2025-10-03,C06-O09,C06,4.1,169,0.0
2025-10-03,C06-O10,C06,4.1,297,0.0
2025-10-03,C06-O11,C06,4.1,254,0.0
2025-10-03,C06-O12,C06,4.1,307,0.0
2025-10-03,C06-O13,C06,4.1,236,0.0
2025-10-03,C06-O14,C06,4.1,276,0.0
2025-10-03,C06-O15,C06,4.1,178,0.0
2025-10-03,C06-O16,C06,4.1,262,0.0
2025-10-03,C06-O17,C06,4.1,205,0.0
2025-10-03,C06-O18,C06,4.1,276,0.0
2025-10-03,C06-O19,C06,4.1,260,0.0
2025-10-03,C06-O20,C06,4.1,244,0.0
2025-10-03,C06-O21,C06,4.1,171,0.0
2025-10-03,C06-O22,C06,4.1,336,0.0
2025-10-03,C06-O23,C06,4.1,205,0.0
2025-10-03,C06-O24,C06,4.1,259,0.0
2025-10-03,C06-O25,C06,4.1,295,0.0
2025-10-03,C06-O26,C06,4.1,315,0.0
2025-10-03,C06-O27,C06,4.1,228,0.0
2025-10-03,C06-O28,C06,4.1,313,0.0
2025-10-03,C06-O29,C06,4.1,263,0.0
2025-10-03,C06-O30,C06,4.1,281,112.0
2025-10-03,C07-O01,C07,4.1,201,0.0
2025-10-03,C07-O02,C07,4.1,216,0.0
2025-10-03,C07-O03,C07,4.1,184,0.0
2025-10-03,C07-O04,C07,4.1,246,0.0
2025-10-03,C07-O05,C07,4.1,185,0.0
2025-10-03,C07-O06,C07,4.1,313,0.0
2025-10-03,C07-O07,C07,4.1,186,0.0
2025-10-03,C07-O08,C07,4.1,196,0.0
2025-10-03,C07-O09,C07,4.1,221,0.0
2025-10-03,C07-O10,C07,4.1,229,0.0
2025-10-03,C07-O11,C07,4.1,296,0.0
2025-10-03,C07-O12,C07,4.1,210,0.0
2025-10-03,C07-O13,C07,4.1,252,0.0
2025-10-03,C07-O14,C07,4.1,185,0.0
2025-10-03,C07-O15,C07,4.1,307,0.0
2025-10-03,C07-O16,C07,4.1,210,0.0
2025-10-03,C07-O17,C07,4.1,249,0.0
2025-10-03,C07-O18,C07,4.1,202,0.0
2025-10-03,C07-O19,C07,4.1,204,0.0
2025-10-03,C07-O20,C07,4.1,265,0.0
2025-10-03,C07-O21,C07,4.1,229,0.0
2025-10-03,C08-O01,C08,4.1,229,0.0
2025-10-03,C08-O02,C08,4.1,277,0.0
2025-10-03,C08-O03,C08,4.1,232,0.0
2025-10-03,C08-O04,C08,4.1,313,0.0
2025-10-03,C08-O05,C08,4.1,211,0.0
2025-10-03,C08-O06,C08,4.1,315,0.0
2025-10-03,C08-O07,C08,4.1,331,0.0
2025-10-03,C08-O08,C08,4.1,326,0.0
2025-10-03,C08-O09,C08,4.1,242,0.0
2025-10-03,C08-O10,C08,4.1,336,0.0
2025-10-03,C08-O11,C08,4.1,250,0.0
2025-10-03,C08-O12,C08,4.1,228,0.0
2025-10-03,C08-O13,C08,4.1,302,0.0
2025-10-03,C08-O14,C08,4.1,237,0.0
2025-10-03,C09-O01,C09,4.1,133,0.0
2025-10-03,C09-O02,C09,4.1,122,0.0
2025-10-03,C09-O03,C09,4.1,90,0.0
2025-10-03,C09-O04,C09,4.1,82,0.0
2025-10-03,C09-O05,C09,4.1,147,0.0
2025-10-03,C09-O06,C09,4.1,86,0.0
2025-10-03,C09-O07,C09,4.1,85,0.0
2025-10-03,C09-O08,C09,4.1,142,0.0
2025-10-03,C09-O09,C09,4.1,76,0.0
2025-10-03,C09-O10,C09,4.1,110,0.0
2025-10-03,C09-O11,C09,4.1,106,0.0
2025-10-03,C09-O12,C09,4.1,77,0.0
2025-10-03,C09-O13,C09,4.1,78,0.0
2025-10-03,C09-O14,C09,4.1,117,0.0
2025-10-03,C09-O15,C09,4.1,104,0.0
2025-10-03,C10-O01,C10,4.1,193,0.0
2025-10-03,C10-O02,C10,4.1,235,94.0
2025-10-03,C10-O03,C10,4.1,284,113.0
2025-10-03,C10-O04,C10,4.1,323,0.0
2025-10-03,C10-O05,C10,4.1,164,0.0
2025-10-03,C10-O06,C10,4.1,234,0.0
2025-10-03,C10-O07,C10,4.1,307,0.0
2025-10-03,C10-O08,C10,4.1,263,0.0
2025-10-03,C10-O09,C10,4.1,179,0.0
2025-10-03,C10-O10,C10,4.1,194,0.0
2025-10-03,C10-O11,C10,4.1,199,0.0
2025-10-03,C10-O12,C10,4.1,240,0.0
2025-10-03,C10-O13,C10,4.1,180,0.0
2025-10-03,C10-O14,C10,4.1,169,0.0
2025-10-03,C10-O15,C10,4.1,287,0.0
2025-10-03,C10-O16,C10,4.1,243,0.0
2025-10-03,C10-O17,C10,4.1,188,0.0
2025-10-03,C10-O18,C10,4.1,255,0.0
2025-10-03,C10-O19,C10,4.1,189,0.0
2025-10-03,C10-O20,C10,4.1,263,0.0
2025-10-03,C10-O21,C10,4.1,232,0.0
2025-10-03,C11-O01,C11,4.1,361,0.0
2025-10-03,C11-O02,C11,4.1,328,0.0
2025-10-03,C11-O03,C11,4.1,359,0.0
2025-10-03,C11-O04,C11,4.1,237,0.0
2025-10-03,C11-O05,C11,4.1,353,0.0
2025-10-03,C11-O06,C11,4.1,213,0.0
2025-10-03,C11-O07,C11,4.1,391,0.0
2025-10-03,C11-O08,C11,4.1,355,0.0
2025-10-03,C11-O09,C11,4.1,331,0.0
2025-10-03,C11-O10,C11,4.1,363,0.0
2025-10-03,C11-O11,C11,4.1,216,0.0
2025-10-03,C11-O12,C11,4.1,335,0.0
2025-10-03,C11-O13,C11,4.1,369,0.0
2025-10-03,C11-O14,C11,4.1,226,0.0
2025-10-03,C11-O15,C11,4.1,370,0.0
2025-10-03,C11-O16,C11,4.1,353,0.0
2025-10-03,C11-O17,C11,4.1,331,0.0
2025-10-03,C11-O18,C11,4.1,246,0.0
2025-10-03,C11-O19,C11,4.1,252,0.0
2025-10-03,C11-O20,C11,4.1,374,0.0
2025-10-03,C11-O21,C11,4.1,404,0.0
2025-10-03,C11-O22,C11,4.1,321,0.0
2025-10-03,C12-O01,C12,4.1,189,0.0
2025-10-03,C12-O02,C12,4.1,164,0.0
2025-10-03,C12-O03,C12,4.1,97,0.0
2025-10-03,C12-O04,C12,4.1,185,0.0
2025-10-03,C12-O05,C12,4.1,175,0.0
2025-10-03,C12-O06,C12,4.1,139,0.0
2025-10-03,C12-O07,C12,4.1,142,0.0
2025-10-03,C12-O08,C12,4.1,121,48.0
2025-10-03,C12-O09,C12,4.1,162,0.0
2025-10-03,C12-O10,C12,4.1,148,0.0
2025-10-03,C12-O11,C12,4.1,96,0.0
2025-10-03,C12-O12,C12,4.1,123,0.0
2025-10-03,C12-O13,C12,4.1,184,0.0
2025-10-03,C12-O14,C12,4.1,145,0.0
2025-10-03,C12-O15,C12,4.1,173,0.0
2025-10-03,C12-O16,C12,4.1,123,0.0
2025-10-03,C12-O17,C12,4.1,113,0.0
2025-10-03,C12-O18,C12,4.1,178,0.0
2025-10-03,C12-O19,C12,4.1,143,0.0
2025-10-03,C12-O20,C12,4.1,145,0.0
2025-10-03,C12-O21,C12,4.1,142,0.0
2025-10-03,C12-O22,C12,4.1,100,0.0
2025-10-03,C12-O23,C12,4.1,183,0.0
2025-10-03,C12-O24,C12,4.1,182,0.0
2025-10-03,C13-O01,C13,4.1,184,0.0
2025-10-03,C13-O02,C13,4.1,279,0.0
2025-10-03,C13-O03,C13,4.1,215,0.0
2025-10-03,C13-O04,C13,4.1,237,0.0
2025-10-03,C13-O05,C13,4.1,271,0.0
2025-10-03,C13-O06,C13,4.1,250,0.0
2025-10-03,C13-O07,C13,4.1,230,0.0
2025-10-03,C13-O08,C13,4.1,252,0.0
2025-10-03,C13-O09,C13,4.1,310,0.0
2025-10-03,C13-O10,C13,4.1,276,0.0
2025-10-03,C13-O11,C13,4.1,188,0.0
2025-10-03,C13-O12,C13,4.1,304,0.0
2025-10-03,C13-O13,C13,4.1,300,0.0
2025-10-03,C13-O14,C13,4.1,196,0.0
2025-10-03,C13-O15,C13,4.1,284,0.0
2025-10-03,C13-O16,C13,4.1,271,0.0
2025-10-03,C13-O17,C13,4.1,233,0.0
2025-10-03,C14-O01,C14,4.1,376,0.0
2025-10-03,C14-O02,C14,4.1,272,0.0
2025-10-03,C14-O03,C14,4.1,304,0.0
2025-10-03,C14-O04,C14,4.1,253,0.0
2025-10-03,C14-O05,C14,4.1,301,0.0
2025-10-03,C14-O06,C14,4.1,313,0.0
2025-10-03,C14-O07,C14,4.1,338,0.0
2025-10-03,C14-O08,C14,4.1,261,0.0
2025-10-03,C15-O01,C15,4.1,160,0.0
2025-10-03,C15-O02,C15,4.1,269,0.0
2025-10-03,C15-O03,C15,4.1,278,0.0
2025-10-03,C15-O04,C15,4.1,201,0.0
2025-10-03,C15-O05,C15,4.1,217,0.0
2025-10-03,C15-O06,C15,4.1,213,0.0
2025-10-03,C15-O07,C15,4.1,226,0.0
2025-10-03,C15-O08,C15,4.1,222,0.0
2025-10-03,C15-O09,C15,4.1,264,0.0
2025-10-03,C15-O10,C15,4.1,184,0.0
2025-10-03,C15-O11,C15,4.1,245,0.0
2025-10-03,C15-O12,C15,4.1,269,0.0
2025-10-03,C15-O13,C15,4.1,172,68.0
2025-10-03,C15-O14,C15,4.1,250,0.0
2025-10-03,C15-O15,C15,4.1,230,0.0
2025-10-03,C15-O16,C15,4.1,255,0.0
2025-10-03,C15-O17,C15,4.1,244,0.0
2025-10-03,C15-O18,C15,4.1,185,0.0
2025-10-03,C15-O19,C15,4.1,166,0.0
2025-10-03,C15-O20,C15,4.1,271,108.0
2025-10-03,C15-O21,C15,4.1,230,0.0
2025-10-03,C15-O22,C15,4.1,255,0.0
2025-10-03,C15-O23,C15,4.1,241,0.0
2025-10-03,C16-O01,C16,4.1,65,0.0
2025-10-03,C16-O02,C16,4.1,56,0.0
2025-10-03,C16-O03,C16,4.1,84,0.0
2025-10-03,C16-O04,C16,4.1,56,0.0
2025-10-03,C16-O05,C16,4.1,59,0.0
2025-10-03,C16-O06,C16,4.1,67,0.0
2025-10-03,C16-O07,C16,4.1,51,0.0
2025-10-03,C16-O08,C16,4.1,93,0.0
2025-10-03,C17-O01,C17,4.1,79,0.0
2025-10-03,C17-O02,C17,4.1,112,0.0
2025-10-03,C17-O03,C17,4.1,122,0.0
2025-10-03,C17-O04,C17,4.1,95,0.0
2025-10-03,C17-O05,C17,4.1,97,0.0
2025-10-03,C17-O06,C17,4.1,107,0.0
2025-10-03,C17-O07,C17,4.1,95,0.0
2025-10-03,C17-O08,C17,4.1,120,0.0
2025-10-03,C17-O09,C17,4.1,82,0.0
2025-10-03,C17-O10,C17,4.1,103,0.0
2025-10-03,C18-O01,C18,4.1,376,0.0
2025-10-03,C18-O02,C18,4.1,270,0.0
2025-10-03,C18-O03,C18,4.1,255,0.0
2025-10-03,C18-O04,C18,4.1,222,0.0
2025-10-03,C18-O05,C18,4.1,262,105.0
2025-10-03,C18-O06,C18,4.1,220,0.0
2025-10-03,C18-O07,C18,4.1,312,0.0
2025-10-03,C18-O08,C18,4.1,233,0.0
2025-10-03,C19-O01,C19,4.1,319,0.0
2025-10-03,C19-O02,C19,4.1,333,0.0
2025-10-03,C19-O03,C19,4.1,225,90.0
2025-10-03,C19-O04,C19,4.1,216,0.0
2025-10-03,C19-O05,C19,4.1,187,0.0
2025-10-03,C19-O06,C19,4.1,229,0.0
2025-10-03,C19-O07,C19,4.1,331,0.0
2025-10-03,C19-O08,C19,4.1,289,0.0
2025-10-03,C20-O01,C20,4.1,353,0.0
2025-10-03,C20-O02,C20,4.1,349,0.0
2025-10-03,C20-O03,C20,4.1,249,0.0
2025-10-03,C20-O04,C20,4.1,219,0.0
2025-10-03,C20-O05,C20,4.1,340,0.0
2025-10-03,C21-O01,C21,4.1,221,0.0
2025-10-03,C21-O02,C21,4.1,297,0.0
2025-10-03,C21-O03,C21,4.1,169,0.0
2025-10-03,C21-O04,C21,4.1,277,0.0
2025-10-03,C21-O05,C21,4.1,305,0.0
2025-10-03,C21-O06,C21,4.1,206,0.0
2025-10-03,C21-O07,C21,4.1,210,0.0
2025-10-03,C21-O08,C21,4.1,266,0.0
2025-10-03,C21-O09,C21,4.1,253,0.0
2025-10-03,C22-O01,C22,4.1,354,0.0
2025-10-03,C22-O02,C22,4.1,393,0.0
2025-10-03,C22-O03,C22,4.1,232,0.0
2025-10-03,C22-O04,C22,4.1,342,0.0
2025-10-03,C22-O05,C22,4.1,224,0.0
2025-10-03,C22-O06,C22,4.1,240,0.0
2025-10-03,C22-O07,C22,4.1,208,0.0
2025-10-03,C22-O08,C22,4.1,273,0.0
2025-10-03,C22-O09,C22,4.1,360,0.0
2025-10-03,C22-O10,C22,4.1,363,0.0
2025-10-03,C22-O11,C22,4.1,359,0.0
2025-10-03,C22-O12,C22,4.1,373,0.0
2025-10-03,C22-O13,C22,4.1,288,0.0
2025-10-03,C22-O14,C22,4.1,318,0.0
2025-10-03,C22-O15,C22,4.1,212,0.0
2025-10-03,C22-O16,C22,4.1,360,0.0
2025-10-03,C22-O17,C22,4.1,263,0.0
2025-10-03,C22-O18,C22,4.1,262,0.0
2025-10-03,C23-O01,C23,4.1,329,0.0
2025-10-03,C23-O02,C23,4.1,249,99.0
2025-10-03,C23-O03,C23,4.1,217,0.0
2025-10-03,C23-O04,C23,4.1,174,0.0
2025-10-03,C23-O05,C23,4.1,267,0.0
2025-10-03,C23-O06,C23,4.1,180,0.0
2025-10-03,C24-O01,C24,4.1,369,0.0
2025-10-03,C24-O02,C24,4.1,237,0.0
2025-10-03,C24-O03,C24,4.1,250,0.0
2025-10-03,C24-O04,C24,4.1,409,0.0
2025-10-03,C24-O05,C24,4.1,345,0.0
2025-10-03,C24-O06,C24,4.1,309,0.0
2025-10-03,C24-O07,C24,4.1,263,0.0
2025-10-03,C24-O08,C24,4.1,317,0.0
2025-10-03,C24-O09,C24,4.1,290,0.0
2025-10-03,C24-O10,C24,4.1,321,0.0
2025-10-03,C25-O01,C25,4.1,215,0.0
2025-10-03,C25-O02,C25,4.1,220,0.0
2025-10-03,C25-O03,C25,4.1,270,0.0
2025-10-03,C25-O04,C25,4.1,271,0.0
2025-10-03,C25-O05,C25,4.1,269,0.0
2025-10-03,C25-O06,C25,4.1,333,0.0
2025-10-03,C25-O07,C25,4.1,321,0.0
2025-10-03,C25-O08,C25,4.1,263,0.0
2025-10-03,C25-O09,C25,4.1,255,0.0
2025-10-03,C25-O10,C25,4.1,343,137.0
2025-10-03,C25-O11,C25,4.1,271,0.0
2025-10-03,C25-O12,C25,4.1,359,0.0
2025-10-03,C25-O13,C25,4.1,353,0.0
2025-10-03,C25-O14,C25,4.1,354,0.0
2025-10-03,C25-O15,C25,4.1,232,0.0
2025-10-03,C26-O01,C26,4.1,251,0.0
2025-10-03,C26-O02,C26,4.1,153,0.0
2025-10-03,C26-O03,C26,4.1,183,0.0
2025-10-03,C26-O04,C26,4.1,178,0.0
2025-10-03,C26-O05,C26,4.1,251,0.0
2025-10-03,C26-O06,C26,4.1,302,0.0
2025-10-03,C26-O07,C26,4.1,254,0.0
2025-10-03,C26-O08,C26,4.1,186,0.0
2025-10-03,C26-O09,C26,4.1,285,0.0
2025-10-03,C26-O10,C26,4.1,203,0.0
2025-10-03,C27-O01,C27,4.1,110,0.0
2025-10-03,C27-O02,C27,4.1,89,0.0
2025-10-03,C27-O03,C27,4.1,102,0.0
2025-10-03,C27-O04,C27,4.1,118,0.0
2025-10-03,C27-O05,C27,4.1,122,0.0
2025-10-03,C27-O06,C27,4.1,71,0.0
2025-10-03,C27-O07,C27,4.1,113,0.0
2025-10-03,C27-O08,C27,4.1,108,0.0
2025-10-03,C27-O09,C27,4.1,86,0.0
2025-10-03,C27-O10,C27,4.1,91,0.0
2025-10-03,C27-O11,C27,4.1,137,0.0
2025-10-03,C27-O12,C27,4.1,108,0.0
2025-10-03,C27-O13,C27,4.1,87,0.0
2025-10-03,C27-O14,C27,4.1,73,0.0
2025-10-03,C27-O15,C27,4.1,117,0.0
2025-10-03,C27-O16,C27,4.1,133,0.0
2025-10-03,C27-O17,C27,4.1,113,0.0
2025-10-03,C27-O18,C27,4.1,140,0.0
2025-10-03,C27-O19,C27,4.1,133,0.0
2025-10-03,C27-O20,C27,4.1,74,0.0
2025-10-03,C27-O21,C27,4.1,146,0.0
2025-10-03,C27-O22,C27,4.1,95,0.0
2025-10-03,C28-O01,C28,4.1,344,0.0
2025-10-03,C28-O02,C28,4.1,344,0.0
2025-10-03,C28-O03,C28,4.1,390,0.0
2025-10-03,C28-O04,C28,4.1,386,0.0
2025-10-03,C28-O05,C28,4.1,377,0.0
2025-10-03,C28-O06,C28,4.1,374,149.0
2025-10-03,C28-O07,C28,4.1,284,0.0
2025-10-03,C28-O08,C28,4.1,365,0.0
2025-10-03,C28-O09,C28,4.1,272,0.0
2025-10-03,C28-O10,C28,4.1,314,0.0
2025-10-03,C28-O11,C28,4.1,326,130.0
2025-10-03,C28-O12,C28,4.1,282,0.0
2025-10-03,C29-O01,C29,4.1,104,0.0
2025-10-03,C29-O02,C29,4.1,162,0.0
2025-10-03,C29-O03,C29,4.1,120,0.0
2025-10-03,C29-O04,C29,4.1,118,0.0
2025-10-03,C29-O05,C29,4.1,145,0.0
2025-10-03,C29-O06,C29,4.1,179,0.0
2025-10-03,C29-O07,C29,4.1,119,0.0
2025-10-03,C29-O08,C29,4.1,186,0.0
2025-10-03,C29-O09,C29,4.1,201,0.0
2025-10-03,C29-O10,C29,4.1,142,0.0
2025-10-03,C29-O11,C29,4.1,140,0.0
2025-10-03,C29-O12,C29,4.1,120,0.0
2025-10-03,C30-O01,C30,4.1,304,0.0
2025-10-03,C30-O02,C30,4.1,161,0.0
2025-10-03,C30-O03,C30,4.1,181,0.0
2025-10-03,C30-O04,C30,4.1,211,0.0
2025-10-03,C30-O05,C30,4.1,253,0.0
2025-10-03,C30-O06,C30,4.1,189,0.0
2025-10-03,C30-O07,C30,4.1,212,0.0
2025-10-03,C30-O08,C30,4.1,289,0.0
2025-10-03,C30-O09,C30,4.1,228,0.0
2025-10-03,C30-O10,C30,4.1,304,0.0
2025-10-03,C30-O11,C30,4.1,318,0.0
2025-10-03,C30-O12,C30,4.1,259,0.0
2025-10-03,C30-O13,C30,4.1,229,0.0
2025-10-03,C30-O14,C30,4.1,273,0.0
2025-10-03,C30-O15,C30,4.1,177,0.0
2025-10-03,C30-O16,C30,4.1,299,0.0
2025-10-03,C30-O17,C30,4.1,300,0.0
2025-10-03,C31-O01,C31,4.1,68,0.0
2025-10-03,C31-O02,C31,4.1,74,0.0
2025-10-03,C31-O03,C31,4.1,91,0.0
2025-10-03,C31-O04,C31,4.1,64,0.0
2025-10-03,C31-O05,C31,4.1,61,0.0
2025-10-03,C31-O06,C31,4.1,80,0.0
2025-10-03,C31-O07,C31,4.1,54,0.0
2025-10-03,C31-O08,C31,4.1,83,0.0
2025-10-03,C31-O09,C31,4.1,77,0.0
2025-10-03,C31-O10,C31,4.1,80,0.0
2025-10-03,C31-O11,C31,4.1,95,0.0
2025-10-03,C31-O12,C31,4.1,65,0.0
2025-10-03,C31-O13,C31,4.1,75,0.0
2025-10-03,C32-O01,C32,4.1,374,0.0
2025-10-03,C32-O02,C32,4.1,212,0.0
2025-10-03,C32-O03,C32,4.1,274,0.0
2025-10-03,C32-O04,C32,4.1,307,0.0
2025-10-03,C32-O05,C32,4.1,274,0.0
2025-10-03,C32-O06,C32,4.1,326,0.0
2025-10-03,C32-O07,C32,4.1,387,0.0
2025-10-03,C32-O08,C32,4.1,261,0.0
2025-10-03,C32-O09,C32,4.1,273,0.0
2025-10-03,C32-O10,C32,4.1,277,0.0
2025-10-03,C32-O11,C32,4.1,354,0.0
2025-10-03,C32-O12,C32,4.1,230,0.0
2025-10-03,C32-O13,C32,4.1,365,0.0
2025-10-03,C32-O14,C32,4.1,209,0.0
2025-10-03,C33-O01,C33,4.1,213,0.0
2025-10-03,C33-O02,C33,4.1,218,0.0
2025-10-03,C33-O03,C33,4.1,205,0.0
2025-10-03,C33-O04,C33,4.1,310,0.0
2025-10-03,C34-O01,C34,4.1,281,0.0
2025-10-03,C34-O02,C34,4.1,406,0.0
2025-10-03,C34-O03,C34,4.1,334,0.0
2025-10-03,C34-O04,C34,4.1,325,0.0
2025-10-03,C34-O05,C34,4.1,364,0.0
2025-10-03,C34-O06,C34,4.1,224,0.0
2025-10-03,C34-O07,C34,4.1,230,0.0
2025-10-03,C34-O08,C34,4.1,314,0.0
2025-10-03,C34-O09,C34,4.1,314,0.0
2025-10-03,C34-O10,C34,4.1,240,0.0
2025-10-03,C34-O11,C34,4.1,364,145.0
2025-10-03,C34-O12,C34,4.1,234,0.0
2025-10-03,C35-O01,C35,4.1,290,0.0
2025-10-03,C35-O02,C35,4.1,282,0.0
2025-10-03,C35-O03,C35,4.1,261,104.0
2025-10-03,C35-O04,C35,4.1,303,0.0
2025-10-03,C35-O05,C35,4.1,278,0.0
2025-10-03,C35-O06,C35,4.1,235,0.0
2025-10-03,C35-O07,C35,4.1,391,0.0
2025-10-03,C35-O08,C35,4.1,321,0.0
2025-10-03,C35-O09,C35,4.1,267,0.0
2025-10-03,C35-O10,C35,4.1,380,0.0
2025-10-03,C35-O11,C35,4.1,322,128.0
2025-10-03,C35-O12,C35,4.1,340,0.0
2025-10-03,C35-O13,C35,4.1,389,0.0
2025-10-03,C35-O14,C35,4.1,289,0.0
2025-10-03,C35-O15,C35,4.1,317,0.0
2025-10-03,C35-O16,C35,4.1,286,0.0
2025-10-03,C35-O17,C35,4.1,318,0.0
2025-10-03,C35-O18,C35,4.1,298,0.0
2025-10-03,C35-O19,C35,4.1,221,0.0
2025-10-03,C35-O20,C35,4.1,279,0.0
2025-10-03,C35-O21,C35,4.1,334,0.0
2025-10-03,C35-O22,C35,4.1,385,0.0
2025-10-03,C36-O01,C36,4.1,285,0.0
2025-10-03,C36-O02,C36,4.1,271,0.0
2025-10-03,C36-O03,C36,4.1,197,0.0
2025-10-03,C36-O04,C36,4.1,237,0.0
2025-10-03,C36-O05,C36,4.1,271,0.0
2025-10-03,C36-O06,C36,4.1,182,0.0
2025-10-03,C36-O07,C36,4.1,270,0.0
2025-10-03,C36-O08,C36,4.1,298,0.0
2025-10-03,C36-O09,C36,4.1,180,0.0
2025-10-03,C36-O10,C36,4.1,309,0.0
2025-10-03,C36-O11,C36,4.1,303,0.0
2025-10-03,C37-O01,C37,4.1,308,0.0
2025-10-03,C37-O02,C37,4.1,243,0.0
2025-10-03,C37-O03,C37,4.1,292,0.0
2025-10-03,C37-O04,C37,4.1,303,0.0
2025-10-03,C37-O05,C37,4.1,363,0.0
2025-10-03,C37-O06,C37,4.1,331,0.0
2025-10-03,C37-O07,C37,4.1,268,0.0
2025-10-03,C37-O08,C37,4.1,308,0.0
2025-10-03,C37-O09,C37,4.1,200,0.0
2025-10-03,C37-O10,C37,4.1,240,96.0
2025-10-03,C37-O11,C37,4.1,307,0.0
2025-10-03,C37-O12,C37,4.1,379,0.0
2025-10-03,C38-O01,C38,4.1,360,0.0
2025-10-03,C38-O02,C38,4.1,223,0.0
2025-10-03,C38-O03,C38,4.1,346,0.0
2025-10-03,C38-O04,C38,4.1,224,0.0
2025-10-03,C38-O05,C38,4.1,317,0.0
2025-10-03,C38-O06,C38,4.1,312,0.0
2025-10-03,C38-O07,C38,4.1,264,0.0
2025-10-03,C38-O08,C38,4.1,246,0.0
2025-10-03,C38-O09,C38,4.1,245,0.0
2025-10-03,C38-O10,C38,4.1,408,0.0
2025-10-03,C38-O11,C38,4.1,276,0.0
2025-10-03,C38-O12,C38,4.1,226,0.0
2025-10-03,C38-O13,C38,4.1,341,0.0
2025-10-03,C38-O14,C38,4.1,214,0.0
2025-10-03,C38-O15,C38,4.1,308,0.0
2025-10-03,C38-O16,C38,4.1,248,0.0
2025-10-03,C38-O17,C38,4.1,284,0.0
2025-10-03,C38-O18,C38,4.1,321,0.0
2025-10-03,C38-O19,C38,4.1,234,0.0
2025-10-03,C38-O20,C38,4.1,370,0.0
2025-10-03,C38-O21,C38,4.1,301,0.0
2025-10-03,C39-O01,C39,4.1,183,0.0
2025-10-03,C39-O02,C39,4.1,183,73.0
2025-10-03,C39-O03,C39,4.1,248,0.0
2025-10-03,C39-O04,C39,4.1,323,0.0
2025-10-03,C39-O05,C39,4.1,251,100.0
2025-10-03,C39-O06,C39,4.1,166,0.0
2025-10-03,C39-O07,C39,4.1,225,0.0
2025-10-03,C39-O08,C39,4.1,188,0.0
2025-10-03,C39-O09,C39,4.1,235,0.0
2025-10-03,C39-O10,C39,4.1,224,0.0
2025-10-03,C39-O11,C39,4.1,288,0.0
2025-10-03,C39-O12,C39,4.1,251,0.0
2025-10-03,C39-O13,C39,4.1,267,0.0
2025-10-03,C39-O14,C39,4.1,162,0.0
2025-10-03,C39-O15,C39,4.1,327,0.0
2025-10-03,C39-O16,C39,4.1,167,0.0
2025-10-03,C39-O17,C39,4.1,212,0.0
2025-10-03,C39-O18,C39,4.1,206,0.0
2025-10-03,C39-O19,C39,4.1,332,0.0
2025-10-03,C40-O01,C40,4.1,401,0.0
2025-10-03,C40-O02,C40,4.1,347,0.0
2025-10-03,C40-O03,C40,4.1,284,0.0
2025-10-03,C40-O04,C40,4.1,215,0.0
2025-10-03,C40-O05,C40,4.1,302,0.0
2025-10-03,C40-O06,C40,4.1,388,0.0
2025-10-03,C40-O07,C40,4.1,272,0.0
2025-10-03,C40-O08,C40,4.1,292,0.0
2025-10-03,C40-O09,C40,4.1,372,0.0
2025-10-03,C40-O10,C40,4.1,412,0.0
2025-10-04,C01-O01,C01,4.1,207,0.0
2025-10-04,C01-O02,C01,4.1,206,0.0
2025-10-04,C01-O03,C01,4.1,332,0.0
2025-10-04,C01-O04,C01,4.1,209,0.0
2025-10-04,C01-O05,C01,4.1,357,0.0
2025-10-04,C01-O06,C01,4.1,351,0.0
2025-10-04,C01-O07,C01,4.1,226,0.0
2025-10-04,C01-O08,C01,4.1,286,0.0
2025-10-04,C01-O09,C01,4.1,271,0.0
2025-10-04,C01-O10,C01,4.1,242,0.0
2025-10-04,C01-O11,C01,4.1,194,0.0
2025-10-04,C01-O12,C01,4.1,253,0.0
2025-10-04,C01-O13,C01,4.1,263,0.0
2025-10-04,C01-O14,C01,4.1,277,0.0
2025-10-04,C01-O15,C01,4.1,374,0.0
2025-10-04,C01-O16,C01,4.1,207,0.0
2025-10-04,C01-O17,C01,4.1,251,0.0
2025-10-04,C01-O18,C01,4.1,364,0.0
2025-10-04,C01-O19,C01,4.1,345,0.0
2025-10-04,C01-O20,C01,4.1,204,0.0
2025-10-04,C01-O21,C01,4.1,239,0.0
2025-10-04,C01-O22,C01,4.1,217,0.0
2025-10-04,C01-O23,C01,4.1,204,0.0
2025-10-04,C01-O24,C01,4.1,292,0.0
2025-10-04,C01-O25,C01,4.1,348,0.0
2025-10-04,C01-O26,C01,4.1,252,0.0
2025-10-04,C01-O27,C01,4.1,306,0.0
2025-10-04,C01-O28,C01,4.1,196,0.0
2025-10-04,C01-O29,C01,4.1,335,0.0
2025-10-04,C01-O30,C01,4.1,256,102.0
2025-10-04,C01-O31,C01,4.1,270,0.0
2025-10-04,C01-O32,C01,4.1,263,0.0
2025-10-04,C01-O33,C01,4.1,320,0.0
2025-10-04,C01-O34,C01,4.1,236,0.0
2025-10-04,C01-O35,C01,4.1,230,0.0
2025-10-04,C01-O36,C01,4.1,263,0.0
2025-10-04,C01-O37,C01,4.1,295,0.0
2025-10-04,C01-O38,C01,4.1,231,0.0
2025-10-04,C01-O39,C01,4.1,345,0.0
2025-10-04,C01-O40,C01,4.1,353,0.0
2025-10-04,C01-O41,C01,4.1,252,0.0
2025-10-04,C01-O42,C01,4.1,354,0.0
2025-10-04,C02-O01,C02,4.1,88,0.0
2025-10-04,C02-O02,C02,4.1,98,0.0
2025-10-04,C02-O03,C02,4.1,66,0.0
2025-10-04,C02-O04,C02,4.1,56,0.0
2025-10-04,C02-O05,C02,4.1,74,0.0
2025-10-04,C02-O06,C02,4.1,98,0.0
2025-10-04,C02-O07,C02,4.1,88,0.0
2025-10-04,C02-O08,C02,4.1,83,0.0
2025-10-04,C02-O09,C02,4.1,63,0.0
2025-10-04,C02-O10,C02,4.1,103,0.0
2025-10-04,C02-O11,C02,4.1,69,0.0
2025-10-04,C02-O12,C02,4.1,83,0.0
2025-10-04,C02-O13,C02,4.1,60,0.0
2025-10-04,C02-O14,C02,4.1,74,0.0
2025-10-04,C02-O15,C02,4.1,89,0.0
2025-10-04,C02-O16,C02,4.1,62,0.0
2025-10-04,C02-O17,C02,4.1,75,0.0
2025-10-04,C02-O18,C02,4.1,90,0.0
2025-10-04,C02-O19,C02,4.1,74,0.0
2025-10-04,C02-O20,C02,4.1,95,0.0
2025-10-04,C02-O21,C02,4.1,90,0.0
2025-10-04,C02-O22,C02,4.1,81,0.0
2025-10-04,C02-O23,C02,4.1,60,0.0
2025-10-04,C02-O24,C02,4.1,97,0.0
2025-10-04,C02-O25,C02,4.1,78,0.0
2025-10-04,C03-O01,C03,4.1,125,50.0
2025-10-04,C03-O02,C03,4.1,108,43.0
2025-10-04,C03-O03,C03,4.1,127,51.0
2025-10-04,C03-O04,C03,4.1,156,62.0
2025-10-04,C03-O05,C03,4.1,144,57.0
2025-10-04,C03-O06,C03,4.1,107,42.0
2025-10-04,C03-O07,C03,4.1,127,0.0
2025-10-04,C03-O08,C03,4.1,146,0.0
2025-10-04,C03-O09,C03,4.1,153,0.0
2025-10-04,C03-O10,C03,4.1,163,0.0
2025-10-04,C03-O11,C03,4.1,96,0.0
2025-10-04,C03-O12,C03,4.1,114,0.0
2025-10-04,C03-O13,C03,4.1,154,0.0
2025-10-04,C03-O14,C03,4.1,103,0.0
2025-10-04,C03-O15,C03,4.1,143,0.0
2025-10-04,C03-O16,C03,4.1,169,0.0
2025-10-04,C03-O17,C03,4.1,94,0.0
2025-10-04,C03-O18,C03,4.1,99,0.0
2025-10-04,C04-O01,C04,4.1,93,0.0
2025-10-04,C04-O02,C04,4.1,79,0.0
2025-10-04,C04-O03,C04,4.1,100,0.0
2025-10-04,C04-O04,C04,4.1,60,0.0
2025-10-04,C04-O05,C04,4.1,68,0.0
2025-10-04,C04-O06,C04,4.1,70,0.0
2025-10-04,C04-O07,C04,4.1,68,0.0
2025-10-04,C04-O08,C04,4.1,71,0.0
2025-10-04,C05-O01,C05,4.1,272,108.0
2025-10-04,C05-O02,C05,4.1,289,115.0
2025-10-04,C05-O03,C05,4.1,228,91.0
2025-10-04,C05-O04,C05,4.1,251,100.0
2025-10-04,C05-O05,C05,4.1,259,103.0
2025-10-04,C05-O06,C05,4.1,254,0.0
2025-10-04,C05-O07,C05,4.1,269,0.0
2025-10-04,C05-O08,C05,4.1,415,0.0
2025-10-04,C05-O09,C05,4.1,334,0.0
2025-10-04,C05-O10,C05,4.1,296,0.0
2025-10-04,C05-O11,C05,4.1,374,0.0
2025-10-04,C05-O12,C05,4.1,402,0.0
2025-10-04,C05-O13,C05,4.1,271,0.0
2025-10-04,C05-O14,C05,4.1,308,0.0
2025-10-04,C05-O15,C05,4.1,250,0.0
2025-10-04,C05-O16,C05,4.1,311,0.0
2025-10-04,C05-O17,C05,4.1,253,0.0
2025-10-04,C05-O18,C05,4.1,377,0.0
2025-10-04,C05-O19,C05,4.1,442,0.0
2025-10-04,C05-O20,C05,4.1,300,0.0
2025-10-04,C05-O21,C05,4.1,450,0.0
2025-10-04,C05-O22,C05,4.1,284,0.0
2025-10-04,C05-O23,C05,4.1,364,0.0
2025-10-04,C05-O24,C05,4.1,483,0.0
2025-10-04,C06-O01,C06,4.1,238,0.0
2025-10-04,C06-O02,C06,4.1,342,0.0
2025-10-04,C06-O03,C06,4.1,335,0.0
2025-10-04,C06-O04,C06,4.1,342,0.0
2025-10-04,C06-O05,C06,4.1,368,0.0
2025-10-04,C06-O06,C06,4.1,359,0.0
2025-10-04,C06-O07,C06,4.1,362,0.0
2025-10-04,C06-O08,C06,4.1,303,0.0
2025-10-04,C06-O09,C06,4.1,206,0.0
2025-10-04,C06-O10,C06,4.1,345,0.0
2025-10-04,C06-O11,C06,4.1,315,0.0
2025-10-04,C06-O12,C06,4.1,356,0.0
2025-10-04,C06-O13,C06,4.1,331,0.0
2025-10-04,C06-O14,C06,4.1,375,0.0
2025-10-04,C06-O15,C06,4.1,201,0.0
2025-10-04,C06-O16,C06,4.1,321,0.0
2025-10-04,C06-O17,C06,4.1,249,0.0
2025-10-04,C06-O18,C06,4.1,267,0.0
2025-10-04,C06-O19,C06,4.1,284,0.0
2025-10-04,C06-O20,C06,4.1,261,0.0
2025-10-04,C06-O21,C06,4.1,228,0.0
2025-10-04,C06-O22,C06,4.1,362,0.0
2025-10-04,C06-O23,C06,4.1,274,0.0
2025-10-04,C06-O24,C06,4.1,260,0.0
2025-10-04,C06-O25,C06,4.1,317,0.0
2025-10-04,C06-O26,C06,4.1,351,0.0
2025-10-04,C06-O27,C06,4.1,252,0.0
2025-10-04,C06-O28,C06,4.1,346,0.0
2025-10-04,C06-O29,C06,4.1,359,0.0
2025-10-04,C06-O30,C06,4.1,337,134.0
2025-10-04,C07-O01,C07,4.1,220,0.0
2025-10-04,C07-O02,C07,4.1,266,0.0
2025-10-04,C07-O03,C07,4.1,212,0.0
2025-10-04,C07-O04,C07,4.1,260,0.0
2025-10-04,C07-O05,C07,4.1,189,0.0
2025-10-04,C07-O06,C07,4.1,312,0.0
2025-10-04,C07-O07,C07,4.1,236,0.0
2025-10-04,C07-O08,C07,4.1,257,0.0
2025-10-04,C07-O09,C07,4.1,243,0.0
2025-10-04,C07-O10,C07,4.1,255,0.0
2025-10-04,C07-O11,C07,4.1,325,0.0
2025-10-04,C07-O12,C07,4.1,259,0.0
2025-10-04,C07-O13,C07,4.1,261,0.0
2025-10-04,C07-O14,C07,4.1,207,0.0
2025-10-04,C07-O15,C07,4.1,326,0.0
2025-10-04,C07-O16,C07,4.1,200,0.0
2025-10-04,C07-O17,C07,4.1,255,0.0
2025-10-04,C07-O18,C07,4.1,242,0.0
2025-10-04,C07-O19,C07,4.1,275,0.0
2025-10-04,C07-O20,C07,4.1,299,0.0
2025-10-04,C07-O21,C07,4.1,251,0.0
2025-10-04,C08-O01,C08,4.1,291,0.0
2025-10-04,C08-O02,C08,4.1,301,0.0
2025-10-04,C08-O03,C08,4.1,250,0.0
2025-10-04,C08-O04,C08,4.1,348,0.0
2025-10-04,C08-O05,C08,4.1,243,0.0
2025-10-04,C08-O06,C08,4.1,349,0.0
2025-10-04,C08-O07,C08,4.1,389,0.0
2025-10-04,C08-O08,C08,4.1,333,0.0
2025-10-04,C08-O09,C08,4.1,287,0.0
2025-10-04,C08-O10,C08,4.1,361,0.0
2025-10-04,C08-O11,C08,4.1,266,0.0
2025-10-04,C08-O12,C08,4.1,290,0.0
2025-10-04,C08-O13,C08,4.1,350,0.0
2025-10-04,C08-O14,C08,4.1,242,0.0
2025-10-04,C09-O01,C09,4.1,164,0.0
2025-10-04,C09-O02,C09,4.1,158,0.0
2025-10-04,C09-O03,C09,4.1,92,0.0
2025-10-04,C09-O04,C09,4.1,82,0.0
2025-10-04,C09-O05,C09,4.1,160,0.0
2025-10-04,C09-O06,C09,4.1,98,0.0
2025-10-04,C09-O07,C09,4.1,84,0.0
2025-10-04,C09-O08,C09,4.1,163,0.0
2025-10-04,C09-O09,C09,4.1,87,0.0
2025-10-04,C09-O10,C09,4.1,133,0.0
2025-10-04,C09-O11,C09,4.1,101,0.0
2025-10-04,C09-O12,C09,4.1,96,0.0
2025-10-04,C09-O13,C09,4.1,103,0.0
2025-10-04,C09-O14,C09,4.1,140,0.0
2025-10-04,C09-O15,C09,4.1,118,0.0
2025-10-04,C10-O01,C10,4.1,237,0.0
2025-10-04,C10-O02,C10,4.1,251,100.0
2025-10-04,C10-O03,C10,4.1,300,120.0
2025-10-04,C10-O04,C10,4.1,316,0.0
2025-10-04,C10-O05,C10,4.1,213,0.0
2025-10-04,C10-O06,C10,4.1,249,0.0
2025-10-04,C10-O07,C10,4.1,351,0.0
2025-10-04,C10-O08,C10,4.1,314,0.0
2025-10-04,C10-O09,C10,4.1,204,0.0
2025-10-04,C10-O10,C10,4.1,245,0.0
2025-10-04,C10-O11,C10,4.1,264,0.0
2025-10-04,C10-O12,C10,4.1,314,0.0
2025-10-04,C10-O13,C10,4.1,216,0.0
2025-10-04,C10-O14,C10,4.1,201,0.0
2025-10-04,C10-O15,C10,4.1,283,0.0
2025-10-04,C10-O16,C10,4.1,286,0.0
2025-10-04,C10-O17,C10,4.1,221,0.0
2025-10-04,C10-O18,C10,4.1,257,0.0
2025-10-04,C10-O19,C10,4.1,243,0.0
2025-10-04,C10-O20,C10,4.1,296,0.0
2025-10-04,C10-O21,C10,4.1,257,0.0
2025-10-04,C11-O01,C11,4.1,386,0.0
2025-10-04,C11-O02,C11,4.1,411,0.0
2025-10-04,C11-O03,C11,4.1,388,0.0
2025-10-04,C11-O04,C11,4.1,247,0.0
2025-10-04,C11-O05,C11,4.1,407,0.0
2025-10-04,C11-O06,C11,4.1,258,0.0
2025-10-04,C11-O07,C11,4.1,429,0.0
2025-10-04,C11-O08,C11,4.1,397,0.0
2025-10-04,C11-O09,C11,4.1,323,0.0
2025-10-04,C11-O10,C11,4.1,412,0.0
2025-10-04,C11-O11,C11,4.1,281,0.0
2025-10-04,C11-O12,C11,4.1,397,0.0
2025-10-04,C11-O13,C11,4.1,405,0.0
2025-10-04,C11-O14,C11,4.1,316,0.0
2025-10-04,C11-O15,C11,4.1,382,0.0
2025-10-04,C11-O16,C11,4.1,407,0.0
2025-10-04,C11-O17,C11,4.1,424,0.0
2025-10-04,C11-O18,C11,4.1,330,0.0
2025-10-04,C11-O19,C11,4.1,284,0.0
2025-10-04,C11-O20,C11,4.1,457,0.0
2025-10-04,C11-O21,C11,4.1,416,0.0
2025-10-04,C11-O22,C11,4.1,394,0.0
2025-10-04,C12-O01,C12,4.1,231,0.0
2025-10-04,C12-O02,C12,4.1,180,0.0
2025-10-04,C12-O03,C12,4.1,127,0.0
2025-10-04,C12-O04,C12,4.1,196,0.0
2025-10-04,C12-O05,C12,4.1,178,0.0
2025-10-04,C12-O06,C12,4.1,147,0.0
2025-10-04,C12-O07,C12,4.1,174,0.0
2025-10-04,C12-O08,C12,4.1,148,59.0
2025-10-04,C12-O09,C12,4.1,182,0.0
2025-10-04,C12-O10,C12,4.1,197,0.0
2025-10-04,C12-O11,C12,4.1,124,0.0
2025-10-04,C12-O12,C12,4.1,132,0.0
2025-10-04,C12-O13,C12,4.1,188,0.0
2025-10-04,C12-O14,C12,4.1,183,0.0
2025-10-04,C12-O15,C12,4.1,219,0.0
2025-10-04,C12-O16,C12,4.1,145,0.0
2025-10-04,C12-O17,C12,4.1,123,0.0
2025-10-04,C12-O18,C12,4.1,189,0.0
2025-10-04,C12-O19,C12,4.1,169,0.0
2025-10-04,C12-O20,C12,4.1,169,0.0
2025-10-04,C12-O21,C12,4.1,170,0.0
2025-10-04,C12-O22,C12,4.1,125,0.0
2025-10-04,C12-O23,C12,4.1,193,0.0
2025-10-04,C12-O24,C12,4.1,208,0.0
2025-10-04,C13-O01,C13,4.1,221,0.0
2025-10-04,C13-O02,C13,4.1,363,0.0
2025-10-04,C13-O03,C13,4.1,256,0.0
2025-10-04,C13-O04,C13,4.1,265,0.0
2025-10-04,C13-O05,C13,4.1,285,0.0
2025-10-04,C13-O06,C13,4.1,272,0.0
2025-10-04,C13-O07,C13,4.1,231,0.0
2025-10-04,C13-O08,C13,4.1,291,0.0
2025-10-04,C13-O09,C13,4.1,354,0.0
2025-10-04,C13-O10,C13,4.1,302,0.0
2025-10-04,C13-O11,C13,4.1,234,0.0
2025-10-04,C13-O12,C13,4.1,337,0.0
2025-10-04,C13-O13,C13,4.1,327,0.0
2025-10-04,C13-O14,C13,4.1,204,0.0
2025-10-04,C13-O15,C13,4.1,310,0.0
2025-10-04,C13-O16,C13,4.1,315,0.0
2025-10-04,C13-O17,C13,4.1,278,0.0
2025-10-04,C14-O01,C14,4.1,477,0.0
2025-10-04,C14-O02,C14,4.1,329,0.0
2025-10-04,C14-O03,C14,4.1,419,0.0
2025-10-04,C14-O04,C14,4.1,327,0.0
2025-10-04,C14-O05,C14,4.1,320,0.0
2025-10-04,C14-O06,C14,4.1,403,0.0
2025-10-04,C14-O07,C14,4.1,400,0.0
2025-10-04,C14-O08,C14,4.1,278,0.0
2025-10-04,C15-O01,C15,4.1,183,0.0
2025-10-04,C15-O02,C15,4.1,321,0.0
2025-10-04,C15-O03,C15,4.1,322,0.0
2025-10-04,C15-O04,C15,4.1,272,0.0
2025-10-04,C15-O05,C15,4.1,243,0.0
2025-10-04,C15-O06,C15,4.1,205,0.0
2025-10-04,C15-O07,C15,4.1,288,0.0
2025-10-04,C15-O08,C15,4.1,268,0.0
2025-10-04,C15-O09,C15,4.1,323,0.0
2025-10-04,C15-O10,C15,4.1,199,0.0
2025-10-04,C15-O11,C15,4.1,255,0.0
2025-10-04,C15-O12,C15,4.1,279,0.0
2025-10-04,C15-O13,C15,4.1,214,85.0
2025-10-04,C15-O14,C15,4.1,311,0.0
2025-10-04,C15-O15,C15,4.1,250,0.0
2025-10-04,C15-O16,C15,4.1,335,0.0
2025-10-04,C15-O17,C15,4.1,287,0.0
2025-10-04,C15-O18,C15,4.1,210,0.0
2025-10-04,C15-O19,C15,4.1,216,0.0
2025-10-04,C15-O20,C15,4.1,286,114.0
2025-10-04,C15-O21,C15,4.1,242,0.0
2025-10-04,C15-O22,C15,4.1,318,0.0
2025-10-04,C15-O23,C15,4.1,246,0.0
2025-10-04,C16-O01,C16,4.1,84,0.0
2025-10-04,C16-O02,C16,4.1,55,0.0
2025-10-04,C16-O03,C16,4.1,96,0.0
2025-10-04,C16-O04,C16,4.1,60,0.0
2025-10-04,C16-O05,C16,4.1,68,0.0
2025-10-04,C16-O06,C16,4.1,67,0.0
2025-10-04,C16-O07,C16,4.1,62,0.0
2025-10-04,C16-O08,C16,4.1,100,0.0
2025-10-04,C17-O01,C17,4.1,95,0.0
2025-10-04,C17-O02,C17,4.1,143,0.0
2025-10-04,C17-O03,C17,4.1,133,0.0
2025-10-04,C17-O04,C17,4.1,109,0.0
2025-10-04,C17-O05,C17,4.1,123,0.0
2025-10-04,C17-O06,C17,4.1,111,0.0
2025-10-04,C17-O07,C17,4.1,130,0.0
2025-10-04,C17-O08,C17,4.1,126,0.0
2025-10-04,C17-O09,C17,4.1,107,0.0
2025-10-04,C17-O10,C17,4.1,130,0.0
2025-10-04,C18-O01,C18,4.1,463,0.0
2025-10-04,C18-O02,C18,4.1,314,0.0
2025-10-04,C18-O03,C18,4.1,270,0.0
2025-10-04,C18-O04,C18,4.1,255,0.0
2025-10-04,C18-O05,C18,4.1,331,132.0
2025-10-04,C18-O06,C18,4.1,289,0.0
2025-10-04,C18-O07,C18,4.1,370,0.0
2025-10-04,C18-O08,C18,4.1,236,0.0
2025-10-04,C19-O01,C19,4.1,341,0.0
2025-10-04,C19-O02,C19,4.1,335,0.0
2025-10-04,C19-O03,C19,4.1,240,96.0
2025-10-04,C19-O04,C19,4.1,212,0.0
2025-10-04,C19-O05,C19,4.1,239,0.0
2025-10-04,C19-O06,C19,4.1,285,0.0
2025-10-04,C19-O07,C19,4.1,343,0.0
2025-10-04,C19-O08,C19,4.1,320,0.0
2025-10-04,C20-O01,C20,4.1,379,0.0
2025-10-04,C20-O02,C20,4.1,397,0.0
2025-10-04,C20-O03,C20,4.1,285,0.0
2025-10-04,C20-O04,C20,4.1,249,0.0
2025-10-04,C20-O05,C20,4.1,349,0.0
2025-10-04,C21-O01,C21,4.1,236,0.0
2025-10-04,C21-O02,C21,4.1,377,0.0
2025-10-04,C21-O03,C21,4.1,206,0.0
2025-10-04,C21-O04,C21,4.1,339,0.0
2025-10-04,C21-O05,C21,4.1,332,0.0
2025-10-04,C21-O06,C21,4.1,240,0.0
2025-10-04,C21-O07,C21,4.1,258,0.0
2025-10-04,C21-O08,C21,4.1,287,0.0
2025-10-04,C21-O09,C21,4.1,283,0.0
2025-10-04,C22-O01,C22,4.1,370,0.0
2025-10-04,C22-O02,C22,4.1,426,0.0
2025-10-04,C22-O03,C22,4.1,258,0.0
2025-10-04,C22-O04,C22,4.1,394,0.0
2025-10-04,C22-O05,C22,4.1,275,0.0
2025-10-04,C22-O06,C22,4.1,310,0.0
2025-10-04,C22-O07,C22,4.1,231,0.0
2025-10-04,C22-O08,C22,4.1,314,0.0
2025-10-04,C22-O09,C22,4.1,423,0.0
2025-10-04,C22-O10,C22,4.1,402,0.0
2025-10-04,C22-O11,C22,4.1,402,0.0
2025-10-04,C22-O12,C22,4.1,392,0.0
2025-10-04,C22-O13,C22,4.1,318,0.0
2025-10-04,C22-O14,C22,4.1,420,0.0
2025-10-04,C22-O15,C22,4.1,252,0.0
2025-10-04,C22-O16,C22,4.1,439,0.0
2025-10-04,C22-O17,C22,4.1,292,0.0
2025-10-04,C22-O18,C22,4.1,322,0.0
2025-10-04,C23-O01,C23,4.1,328,0.0
2025-10-04,C23-O02,C23,4.1,261,104.0
2025-10-04,C23-O03,C23,4.1,241,0.0
2025-10-04,C23-O04,C23,4.1,187,0.0
2025-10-04,C23-O05,C23,4.1,291,0.0
2025-10-04,C23-O06,C23,4.1,206,0.0
2025-10-04,C24-O01,C24,4.1,401,0.0
2025-10-04,C24-O02,C24,4.1,243,0.0
2025-10-04,C24-O03,C24,4.1,301,0.0
2025-10-04,C24-O04,C24,4.1,473,0.0
2025-10-04,C24-O05,C24,4.1,417,0.0
2025-10-04,C24-O06,C24,4.1,338,0.0
2025-10-04,C24-O07,C24,4.1,281,0.0
2025-10-04,C24-O08,C24,4.1,359,0.0
2025-10-04,C24-O09,C24,4.1,352,0.0
2025-10-04,C24-O10,C24,4.1,327,0.0
2025-10-04,C25-O01,C25,4.1,275,0.0
2025-10-04,C25-O02,C25,4.1,238,0.0
2025-10-04,C25-O03,C25,4.1,300,0.0
2025-10-04,C25-O04,C25,4.1,318,0.0
2025-10-04,C25-O05,C25,4.1,359,0.0
2025-10-04,C25-O06,C25,4.1,375,0.0
2025-10-04,C25-O07,C25,4.1,358,0.0
2025-10-04,C25-O08,C25,4.1,300,0.0
2025-10-04,C25-O09,C25,4.1,286,0.0
2025-10-04,C25-O10,C25,4.1,419,167.0
2025-10-04,C25-O11,C25,4.1,300,0.0
2025-10-04,C25-O12,C25,4.1,392,0.0
2025-10-04,C25-O13,C25,4.1,391,0.0
2025-10-04,C25-O14,C25,4.1,418,0.0
2025-10-04,C25-O15,C25,4.1,263,0.0
2025-10-04,C26-O01,C26,4.1,296,0.0
2025-10-04,C26-O02,C26,4.1,205,0.0
2025-10-04,C26-O03,C26,4.1,242,0.0
2025-10-04,C26-O04,C26,4.1,187,0.0
2025-10-04,C26-O05,C26,4.1,294,0.0
2025-10-04,C26-O06,C26,4.1,331,0.0
2025-10-04,C26-O07,C26,4.1,269,0.0
2025-10-04,C26-O08,C26,4.1,199,0.0
2025-10-04,C26-O09,C26,4.1,377,0.0
2025-10-04,C26-O10,C26,4.1,274,0.0
2025-10-04,C27-O01,C27,4.1,127,0.0
2025-10-04,C27-O02,C27,4.1,103,0.0
2025-10-04,C27-O03,C27,4.1,98,0.0
2025-10-04,C27-O04,C27,4.1,142,0.0
2025-10-04,C27-O05,C27,4.1,145,0.0
2025-10-04,C27-O06,C27,4.1,93,0.0
2025-10-04,C27-O07,C27,4.1,131,0.0
2025-10-04,C27-O08,C27,4.1,117,0.0
2025-10-04,C27-O09,C27,4.1,100,0.0
2025-10-04,C27-O10,C27,4.1,109,0.0
2025-10-04,C27-O11,C27,4.1,157,0.0
2025-10-04,C27-O12,C27,4.1,112,0.0
2025-10-04,C27-O13,C27,4.1,108,0.0
2025-10-04,C27-O14,C27,4.1,101,0.0
2025-10-04,C27-O15,C27,4.1,128,0.0
2025-10-04,C27-O16,C27,4.1,147,0.0
2025-10-04,C27-O17,C27,4.1,143,0.0
2025-10-04,C27-O18,C27,4.1,149,0.0
2025-10-04,C27-O19,C27,4.1,133,0.0
2025-10-04,C27-O20,C27,4.1,83,0.0
2025-10-04,C27-O21,C27,4.1,156,0.0
2025-10-04,C27-O22,C27,4.1,110,0.0
2025-10-04,C28-O01,C28,4.1,355,0.0
2025-10-04,C28-O02,C28,4.1,354,0.0
2025-10-04,C28-O03,C28,4.1,381,0.0
2025-10-04,C28-O04,C28,4.1,431,0.0
2025-10-04,C28-O05,C28,4.1,377,0.0
2025-10-04,C28-O06,C28,4.1,362,145.0
2025-10-04,C28-O07,C28,4.1,304,0.0
2025-10-04,C28-O08,C28,4.1,382,0.0
2025-10-04,C28-O09,C28,4.1,297,0.0
2025-10-04,C28-O10,C28,4.1,400,0.0
2025-10-04,C28-O11,C28,4.1,403,161.0
2025-10-04,C28-O12,C28,4.1,338,0.0
2025-10-04,C29-O01,C29,4.1,134,0.0
2025-10-04,C29-O02,C29,4.1,168,0.0
2025-10-04,C29-O03,C29,4.1,144,0.0
2025-10-04,C29-O04,C29,4.1,150,0.0
2025-10-04,C29-O05,C29,4.1,151,0.0
2025-10-04,C29-O06,C29,4.1,199,0.0
2025-10-04,C29-O07,C29,4.1,134,0.0
2025-10-04,C29-O08,C29,4.1,217,0.0
2025-10-04,C29-O09,C29,4.1,220,0.0
2025-10-04,C29-O10,C29,4.1,156,0.0
2025-10-04,C29-O11,C29,4.1,161,0.0
2025-10-04,C29-O12,C29,4.1,155,0.0
2025-10-04,C30-O01,C30,4.1,319,0.0
2025-10-04,C30-O02,C30,4.1,206,0.0
2025-10-04,C30-O03,C30,4.1,212,0.0
2025-10-04,C30-O04,C30,4.1,250,0.0
2025-10-04,C30-O05,C30,4.1,266,0.0
2025-10-04,C30-O06,C30,4.1,212,0.0
2025-10-04,C30-O07,C30,4.1,236,0.0
2025-10-04,C30-O08,C30,4.1,358,0.0
2025-10-04,C30-O09,C30,4.1,294,0.0
2025-10-04,C30-O10,C30,4.1,330,0.0
2025-10-04,C30-O11,C30,4.1,343,0.0
2025-10-04,C30-O12,C30,4.1,317,0.0
2025-10-04,C30-O13,C30,4.1,256,0.0
2025-10-04,C30-O14,C30,4.1,325,0.0
2025-10-04,C30-O15,C30,4.1,204,0.0
2025-10-04,C30-O16,C30,4.1,327,0.0
2025-10-04,C30-O17,C30,4.1,363,0.0
2025-10-04,C31-O01,C31,4.1,82,0.0
2025-10-04,C31-O02,C31,4.1,88,0.0
2025-10-04,C31-O03,C31,4.1,102,0.0
2025-10-04,C31-O04,C31,4.1,80,0.0
2025-10-04,C31-O05,C31,4.1,65,0.0
2025-10-04,C31-O06,C31,4.1,76,0.0
2025-10-04,C31-O07,C31,4.1,64,0.0
2025-10-04,C31-O08,C31,4.1,95,0.0
2025-10-04,C31-O09,C31,4.1,79,0.0
2025-10-04,C31-O10,C31,4.1,88,0.0
2025-10-04,C31-O11,C31,4.1,106,0.0
2025-10-04,C31-O12,C31,4.1,83,0.0
2025-10-04,C31-O13,C31,4.1,87,0.0
2025-10-04,C32-O01,C32,4.1,423,0.0
2025-10-04,C32-O02,C32,4.1,236,0.0
2025-10-04,C32-O03,C32,4.1,332,0.0
2025-10-04,C32-O04,C32,4.1,374,0.0
2025-10-04,C32-O05,C32,4.1,336,0.0
2025-10-04,C32-O06,C32,4.1,382,0.0
2025-10-04,C32-O07,C32,4.1,473,0.0
2025-10-04,C32-O08,C32,4.1,345,0.0
2025-10-04,C32-O09,C32,4.1,285,0.0
2025-10-04,C32-O10,C32,4.1,319,0.0
2025-10-04,C32-O11,C32,4.1,435,0.0
2025-10-04,C32-O12,C32,4.1,281,0.0
2025-10-04,C32-O13,C32,4.1,386,0.0
2025-10-04,C32-O14,C32,4.1,245,0.0
2025-10-04,C33-O01,C33,4.1,242,0.0
2025-10-04,C33-O02,C33,4.1,276,0.0
2025-10-04,C33-O03,C33,4.1,253,0.0
2025-10-04,C33-O04,C33,4.1,382,0.0
2025-10-04,C34-O01,C34,4.1,291,0.0
2025-10-04,C34-O02,C34,4.1,430,0.0
2025-10-04,C34-O03,C34,4.1,403,0.0
2025-10-04,C34-O04,C34,4.1,370,0.0
2025-10-04,C34-O05,C34,4.1,398,0.0
2025-10-04,C34-O06,C34,4.1,224,0.0
2025-10-04,C34-O07,C34,4.1,300,0.0
2025-10-04,C34-O08,C34,4.1,321,0.0
2025-10-04,C34-O09,C34,4.1,358,0.0
2025-10-04,C34-O10,C34,4.1,247,0.0
2025-10-04,C34-O11,C34,4.1,391,156.0
2025-10-04,C34-O12,C34,4.1,262,0.0
2025-10-04,C35-O01,C35,4.1,339,0.0
2025-10-04,C35-O02,C35,4.1,337,0.0
2025-10-04,C35-O03,C35,4.1,260,104.0
2025-10-04,C35-O04,C35,4.1,338,0.0
2025-10-04,C35-O05,C35,4.1,322,0.0
2025-10-04,C35-O06,C35,4.1,287,0.0
2025-10-04,C35-O07,C35,4.1,395,0.0
2025-10-04,C35-O08,C35,4.1,385,0.0
2025-10-04,C35-O09,C35,4.1,282,0.0
2025-10-04,C35-O10,C35,4.1,398,0.0
2025-10-04,C35-O11,C35,4.1,422,169.0
2025-10-04,C35-O12,C35,4.1,398,0.0
2025-10-04,C35-O13,C35,4.1,454,0.0
2025-10-04,C35-O14,C35,4.1,386,0.0
2025-10-04,C35-O15,C35,4.1,344,0.0
2025-10-04,C35-O16,C35,4.1,325,0.0
2025-10-04,C35-O17,C35,4.1,356,0.0
2025-10-04,C35-O18,C35,4.1,353,0.0
2025-10-04,C35-O19,C35,4.1,269,0.0
2025-10-04,C35-O20,C35,4.1,325,0.0
2025-10-04,C35-O21,C35,4.1,423,0.0
2025-10-04,C35-O22,C35,4.1,411,0.0
2025-10-04,C36-O01,C36,4.1,301,0.0
2025-10-04,C36-O02,C36,4.1,278,0.0
2025-10-04,C36-O03,C36,4.1,225,0.0
2025-10-04,C36-O04,C36,4.1,255,0.0
2025-10-04,C36-O05,C36,4.1,295,0.0
2025-10-04,C36-O06,C36,4.1,227,0.0
2025-10-04,C36-O07,C36,4.1,341,0.0
2025-10-04,C36-O08,C36,4.1,357,0.0
2025-10-04,C36-O09,C36,4.1,207,0.0
2025-10-04,C36-O10,C36,4.1,378,0.0
2025-10-04,C36-O11,C36,4.1,331,0.0
2025-10-04,C37-O01,C37,4.1,344,0.0
2025-10-04,C37-O02,C37,4.1,249,0.0
2025-10-04,C37-O03,C37,4.1,316,0.0
2025-10-04,C37-O04,C37,4.1,341,0.0
2025-10-04,C37-O05,C37,4.1,398,0.0
2025-10-04,C37-O06,C37,4.1,413,0.0
2025-10-04,C37-O07,C37,4.1,276,0.0
2025-10-04,C37-O08,C37,4.1,375,0.0
2025-10-04,C37-O09,C37,4.1,249,0.0
2025-10-04,C37-O10,C37,4.1,264,105.0
2025-10-04,C37-O11,C37,4.1,355,0.0
2025-10-04,C37-O12,C37,4.1,424,0.0
2025-10-04,C38-O01,C38,4.1,425,0.0
2025-10-04,C38-O02,C38,4.1,252,0.0
2025-10-04,C38-O03,C38,4.1,346,0.0
2025-10-04,C38-O04,C38,4.1,242,0.0
2025-10-04,C38-O05,C38,4.1,305,0.0
2025-10-04,C38-O06,C38,4.1,359,0.0
2025-10-04,C38-O07,C38,4.1,365,0.0
2025-10-04,C38-O08,C38,4.1,268,0.0
2025-10-04,C38-O09,C38,4.1,312,0.0
2025-10-04,C38-O10,C38,4.1,465,0.0
2025-10-04,C38-O11,C38,4.1,300,0.0
2025-10-04,C38-O12,C38,4.1,279,0.0
2025-10-04,C38-O13,C38,4.1,370,0.0
2025-10-04,C38-O14,C38,4.1,260,0.0
2025-10-04,C38-O15,C38,4.1,347,0.0
2025-10-04,C38-O16,C38,4.1,265,0.0
2025-10-04,C38-O17,C38,4.1,338,0.0
2025-10-04,C38-O18,C38,4.1,410,0.0
2025-10-04,C38-O19,C38,4.1,238,0.0
2025-10-04,C38-O20,C38,4.1,374,0.0
2025-10-04,C38-O21,C38,4.1,334,0.0
2025-10-04,C39-O01,C39,4.1,215,0.0
2025-10-04,C39-O02,C39,4.1,232,92.0
2025-10-04,C39-O03,C39,4.1,290,0.0
2025-10-04,C39-O04,C39,4.1,357,0.0
2025-10-04,C39-O05,C39,4.1,265,106.0
2025-10-04,C39-O06,C39,4.1,209,0.0
2025-10-04,C39-O07,C39,4.1,247,0.0
2025-10-04,C39-O08,C39,4.1,214,0.0
2025-10-04,C39-O09,C39,4.1,256,0.0
2025-10-04,C39-O10,C39,4.1,235,0.0
2025-10-04,C39-O11,C39,4.1,320,0.0
2025-10-04,C39-O12,C39,4.1,323,0.0
2025-10-04,C39-O13,C39,4.1,276,0.0
2025-10-04,C39-O14,C39,4.1,181,0.0
2025-10-04,C39-O15,C39,4.1,326,0.0
2025-10-04,C39-O16,C39,4.1,183,0.0
2025-10-04,C39-O17,C39,4.1,224,0.0
2025-10-04,C39-O18,C39,4.1,238,0.0
2025-10-04,C39-O19,C39,4.1,385,0.0
2025-10-04,C40-O01,C40,4.1,453,0.0
2025-10-04,C40-O02,C40,4.1,435,0.0
2025-10-04,C40-O03,C40,4.1,331,0.0
2025-10-04,C40-O04,C40,4.1,261,0.0
2025-10-04,C40-O05,C40,4.1,376,0.0
2025-10-04,C40-O06,C40,4.1,439,0.0
2025-10-04,C40-O07,C40,4.1,303,0.0
2025-10-04,C40-O08,C40,4.1,346,0.0
2025-10-04,C40-O09,C40,4.1,444,0.0
2025-10-04,C40-O10,C40,4.1,477,0.0
2025-10-05,C01-O01,C01,4.1,195,0.0
2025-10-05,C01-O02,C01,4.1,207,0.0
2025-10-05,C01-O03,C01,4.1,333,0.0
2025-10-05,C01-O04,C01,4.1,200,0.0
2025-10-05,C01-O05,C01,4.1,334,0.0
2025-10-05,C01-O06,C01,4.1,352,0.0
2025-10-05,C01-O07,C01,4.1,216,0.0
2025-10-05,C01-O08,C01,4.1,315,0.0
2025-10-05,C01-O09,C01,4.1,277,0.0
2025-10-05,C01-O10,C01,4.1,234,0.0
2025-10-05,C01-O11,C01,4.1,192,0.0
2025-10-05,C01-O12,C01,4.1,260,0.0
2025-10-05,C01-O13,C01,4.1,239,0.0
2025-10-05,C01-O14,C01,4.1,322,0.0
2025-10-05,C01-O15,C01,4.1,368,0.0
2025-10-05,C01-O16,C01,4.1,219,0.0
2025-10-05,C01-O17,C01,4.1,268,0.0
2025-10-05,C01-O18,C01,4.1,336,0.0
2025-10-05,C01-O19,C01,4.1,375,0.0
2025-10-05,C01-O20,C01,4.1,209,0.0
2025-10-05,C01-O21,C01,4.1,242,0.0
2025-10-05,C01-O22,C01,4.1,206,0.0
2025-10-05,C01-O23,C01,4.1,228,0.0
2025-10-05,C01-O24,C01,4.1,289,0.0
2025-10-05,C01-O25,C01,4.1,316,0.0
2025-10-05,C01-O26,C01,4.1,238,0.0
2025-10-05,C01-O27,C01,4.1,262,0.0
2025-10-05,C01-O28,C01,4.1,208,0.0
2025-10-05,C01-O29,C01,4.1,380,0.0
2025-10-05,C01-O30,C01,4.1,245,98.0
2025-10-05,C01-O31,C01,4.1,311,0.0
2025-10-05,C01-O32,C01,4.1,251,0.0
2025-10-05,C01-O33,C01,4.1,294,0.0
2025-10-05,C01-O34,C01,4.1,242,0.0
2025-10-05,C01-O35,C01,4.1,229,0.0
2025-10-05,C01-O36,C01,4.1,260,0.0
2025-10-05,C01-O37,C01,4.1,343,0.0
2025-10-05,C01-O38,C01,4.1,230,0.0
2025-10-05,C01-O39,C01,4.1,337,0.0
2025-10-05,C01-O40,C01,4.1,381,0.0
2025-10-05,C01-O41,C01,4.1,221,0.0
2025-10-05,C01-O42,C01,4.1,334,0.0
2025-10-05,C02-O01,C02,4.1,102,0.0
2025-10-05,C02-O02,C02,4.1,95,0.0
2025-10-05,C02-O03,C02,4.1,62,0.0
2025-10-05,C02-O04,C02,4.1,60,0.0
2025-10-05,C02-O05,C02,4.1,74,0.0
2025-10-05,C02-O06,C02,4.1,107,0.0
2025-10-05,C02-O07,C02,4.1,84,0.0
2025-10-05,C02-O08,C02,4.1,77,0.0
2025-10-05,C02-O09,C02,4.1,64,0.0
2025-10-05,C02-O10,C02,4.1,106,0.0
2025-10-05,C02-O11,C02,4.1,65,0.0
2025-10-05,C02-O12,C02,4.1,95,0.0
2025-10-05,C02-O13,C02,4.1,56,0.0
2025-10-05,C02-O14,C02,4.1,68,0.0
2025-10-05,C02-O15,C02,4.1,103,0.0
2025-10-05,C02-O16,C02,4.1,57,0.0
2025-10-05,C02-O17,C02,4.1,69,0.0
2025-10-05,C02-O18,C02,4.1,88,0.0
2025-10-05,C02-O19,C02,4.1,74,0.0
2025-10-05,C02-O20,C02,4.1,90,0.0
2025-10-05,C02-O21,C02,4.1,94,0.0
2025-10-05,C02-O22,C02,4.1,81,0.0
2025-10-05,C02-O23,C02,4.1,62,0.0
2025-10-05,C02-O24,C02,4.1,93,0.0
2025-10-05,C02-O25,C02,4.1,73,0.0
2025-10-05,C03-O01,C03,4.1,113,45.0
2025-10-05,C03-O02,C03,4.1,96,38.0
2025-10-05,C03-O03,C03,4.1,116,46.0
2025-10-05,C03-O04,C03,4.1,139,55.0
2025-10-05,C03-O05,C03,4.1,164,65.0
2025-10-05,C03-O06,C03,4.1,112,45.0
2025-10-05,C03-O07,C03,4.1,117,0.0
2025-10-05,C03-O08,C03,4.1,129,0.0
2025-10-05,C03-O09,C03,4.1,151,0.0
2025-10-05,C03-O10,C03,4.1,141,0.0
2025-10-05,C03-O11,C03,4.1,91,0.0
2025-10-05,C03-O12,C03,4.1,116,0.0
2025-10-05,C03-O13,C03,4.1,155,0.0
2025-10-05,C03-O14,C03,4.1,113,0.0
2025-10-05,C03-O15,C03,4.1,142,0.0
2025-10-05,C03-O16,C03,4.1,175,0.0
2025-10-05,C03-O17,C03,4.1,100,0.0
2025-10-05,C03-O18,C03,4.1,114,0.0
2025-10-05,C04-O01,C04,4.1,97,0.0
2025-10-05,C04-O02,C04,4.1,84,0.0
2025-10-05,C04-O03,C04,4.1,99,0.0
2025-10-05,C04-O04,C04,4.1,53,0.0
2025-10-05,C04-O05,C04,4.1,58,0.0
2025-10-05,C04-O06,C04,4.1,68,0.0
2025-10-05,C04-O07,C04,4.1,64,0.0
2025-10-05,C04-O08,C04,4.1,69,0.0
2025-10-05,C05-O01,C05,4.1,237,95.0
2025-10-05,C05-O02,C05,4.1,257,103.0
2025-10-05,C05-O03,C05,4.1,276,110.0
2025-10-05,C05-O04,C05,4.1,282,113.0
2025-10-05,C05-O05,C05,4.1,234,93.0
2025-10-05,C05-O06,C05,4.1,241,0.0
2025-10-05,C05-O07,C05,4.1,248,0.0
2025-10-05,C05-O08,C05,4.1,422,0.0
2025-10-05,C05-O09,C05,4.1,363,0.0
2025-10-05,C05-O10,C05,4.1,259,0.0
2025-10-05,C05-O11,C05,4.1,380,0.0
2025-10-05,C05-O12,C05,4.1,365,0.0
2025-10-05,C05-O13,C05,4.1,256,0.0
2025-10-05,C05-O14,C05,4.1,314,0.0
2025-10-05,C05-O15,C05,4.1,234,0.0
2025-10-05,C05-O16,C05,4.1,371,0.0
2025-10-05,C05-O17,C05,4.1,288,0.0
2025-10-05,C05-O18,C05,4.1,358,0.0
2025-10-05,C05-O19,C05,4.1,407,0.0
2025-10-05,C05-O20,C05,4.1,286,0.0
2025-10-05,C05-O21,C05,4.1,452,0.0
2025-10-05,C05-O22,C05,4.1,280,0.0
2025-10-05,C05-O23,C05,4.1,411,0.0
2025-10-05,C05-O24,C05,4.1,488,0.0
2025-10-05,C06-O01,C06,4.1,244,0.0
2025-10-05,C06-O02,C06,4.1,327,0.0
2025-10-05,C06-O03,C06,4.1,348,0.0
2025-10-05,C06-O04,C06,4.1,322,0.0
2025-10-05,C06-O05,C06,4.1,368,0.0
2025-10-05,C06-O06,C06,4.1,338,0.0
2025-10-05,C06-O07,C06,4.1,375,0.0
2025-10-05,C06-O08,C06,4.1,280,0.0
2025-10-05,C06-O09,C06,4.1,214,0.0
2025-10-05,C06-O10,C06,4.1,348,0.0
2025-10-05,C06-O11,C06,4.1,294,0.0
2025-10-05,C06-O12,C06,4.1,326,0.0
2025-10-05,C06-O13,C06,4.1,305,0.0
2025-10-05,C06-O14,C06,4.1,339,0.0
2025-10-05,C06-O15,C06,4.1,228,0.0
2025-10-05,C06-O16,C06,4.1,270,0.0
2025-10-05,C06-O17,C06,4.1,262,0.0
2025-10-05,C06-O18,C06,4.1,308,0.0
2025-10-05,C06-O19,C06,4.1,317,0.0
2025-10-05,C06-O20,C06,4.1,311,0.0
2025-10-05,C06-O21,C06,4.1,236,0.0
2025-10-05,C06-O22,C06,4.1,349,0.0
2025-10-05,C06-O23,C06,4.1,275,0.0
2025-10-05,C06-O24,C06,4.1,289,0.0
2025-10-05,C06-O25,C06,4.1,339,0.0
2025-10-05,C06-O26,C06,4.1,362,0.0
2025-10-05,C06-O27,C06,4.1,305,0.0
2025-10-05,C06-O28,C06,4.1,355,0.0
2025-10-05,C06-O29,C06,4.1,336,0.0
2025-10-05,C06-O30,C06,4.1,324,129.0
2025-10-05,C07-O01,C07,4.1,221,0.0
2025-10-05,C07-O02,C07,4.1,270,0.0
2025-10-05,C07-O03,C07,4.1,213,0.0
2025-10-05,C07-O04,C07,4.1,240,0.0
2025-10-05,C07-O05,C07,4.1,188,0.0
2025-10-05,C07-O06,C07,4.1,356,0.0
2025-10-05,C07-O07,C07,4.1,220,0.0
2025-10-05,C07-O08,C07,4.1,251,0.0
2025-10-05,C07-O09,C07,4.1,260,0.0
2025-10-05,C07-O10,C07,4.1,234,0.0
2025-10-05,C07-O11,C07,4.1,331,0.0
2025-10-05,C07-O12,C07,4.1,248,0.0
2025-10-05,C07-O13,C07,4.1,295,0.0
2025-10-05,C07-O14,C07,4.1,215,0.0
2025-10-05,C07-O15,C07,4.1,313,0.0
2025-10-05,C07-O16,C07,4.1,228,0.0
2025-10-05,C07-O17,C07,4.1,280,0.0
2025-10-05,C07-O18,C07,4.1,202,0.0
2025-10-05,C07-O19,C07,4.1,232,0.0
2025-10-05,C07-O20,C07,4.1,319,0.0
2025-10-05,C07-O21,C07,4.1,230,0.0
2025-10-05,C08-O01,C08,4.1,285,0.0
2025-10-05,C08-O02,C08,4.1,296,0.0
2025-10-05,C08-O03,C08,4.1,291,0.0
2025-10-05,C08-O04,C08,4.1,358,0.0
2025-10-05,C08-O05,C08,4.1,240,0.0
2025-10-05,C08-O06,C08,4.1,371,0.0
2025-10-05,C08-O07,C08,4.1,345,0.0
2025-10-05,C08-O08,C08,4.1,332,0.0
2025-10-05,C08-O09,C08,4.1,291,0.0
2025-10-05,C08-O10,C08,4.1,369,0.0
2025-10-05,C08-O11,C08,4.1,296,0.0
2025-10-05,C08-O12,C08,4.1,257,0.0
2025-10-05,C08-O13,C08,4.1,364,0.0
2025-10-05,C08-O14,C08,4.1,278,0.0
2025-10-05,C09-O01,C09,4.1,170,0.0
2025-10-05,C09-O02,C09,4.1,154,0.0
2025-10-05,C09-O03,C09,4.1,109,0.0
2025-10-05,C09-O04,C09,4.1,91,0.0
2025-10-05,C09-O05,C09,4.1,175,0.0
2025-10-05,C09-O06,C09,4.1,92,0.0
2025-10-05,C09-O07,C09,4.1,96,0.0
2025-10-05,C09-O08,C09,4.1,172,0.0
2025-10-05,C09-O09,C09,4.1,96,0.0
2025-10-05,C09-O10,C09,4.1,143,0.0
2025-10-05,C09-O11,C09,4.1,113,0.0
2025-10-05,C09-O12,C09,4.1,85,0.0
2025-10-05,C09-O13,C09,4.1,88,0.0
2025-10-05,C09-O14,C09,4.1,146,0.0
2025-10-05,C09-O15,C09,4.1,105,0.0
2025-10-05,C10-O01,C10,4.1,242,0.0
2025-10-05,C10-O02,C10,4.1,283,113.0
2025-10-05,C10-O03,C10,4.1,325,130.0
2025-10-05,C10-O04,C10,4.1,327,0.0
2025-10-05,C10-O05,C10,4.1,197,0.0
2025-10-05,C10-O06,C10,4.1,272,0.0
2025-10-05,C10-O07,C10,4.1,334,0.0
2025-10-05,C10-O08,C10,4.1,346,0.0
2025-10-05,C10-O09,C10,4.1,240,0.0
2025-10-05,C10-O10,C10,4.1,256,0.0
2025-10-05,C10-O11,C10,4.1,267,0.0
2025-10-05,C10-O12,C10,4.1,293,0.0
2025-10-05,C10-O13,C10,4.1,178,0.0
2025-10-05,C10-O14,C10,4.1,208,0.0
2025-10-05,C10-O15,C10,4.1,331,0.0
2025-10-05,C10-O16,C10,4.1,282,0.0
2025-10-05,C10-O17,C10,4.1,218,0.0
2025-10-05,C10-O18,C10,4.1,294,0.0
2025-10-05,C10-O19,C10,4.1,252,0.0
2025-10-05,C10-O20,C10,4.1,328,0.0
2025-10-05,C10-O21,C10,4.1,233,0.0
2025-10-05,C11-O01,C11,4.1,433,0.0
2025-10-05,C11-O02,C11,4.1,414,0.0
2025-10-05,C11-O03,C11,4.1,399,0.0
2025-10-05,C11-O04,C11,4.1,263,0.0
2025-10-05,C11-O05,C11,4.1,417,0.0
2025-10-05,C11-O06,C11,4.1,249,0.0
2025-10-05,C11-O07,C11,4.1,468,0.0
2025-10-05,C11-O08,C11,4.1,353,0.0
2025-10-05,C11-O09,C11,4.1,347,0.0
2025-10-05,C11-O10,C11,4.1,448,0.0
2025-10-05,C11-O11,C11,4.1,266,0.0
2025-10-05,C11-O12,C11,4.1,420,0.0
2025-10-05,C11-O13,C11,4.1,392,0.0
2025-10-05,C11-O14,C11,4.1,313,0.0
2025-10-05,C11-O15,C11,4.1,360,0.0
2025-10-05,C11-O16,C11,4.1,371,0.0
2025-10-05,C11-O17,C11,4.1,424,0.0
2025-10-05,C11-O18,C11,4.1,294,0.0
2025-10-05,C11-O19,C11,4.1,298,0.0
2025-10-05,C11-O20,C11,4.1,421,0.0
2025-10-05,C11-O21,C11,4.1,415,0.0
2025-10-05,C11-O22,C11,4.1,381,0.0
2025-10-05,C12-O01,C12,4.1,211,0.0
2025-10-05,C12-O02,C12,4.1,180,0.0
2025-10-05,C12-O03,C12,4.1,127,0.0
2025-10-05,C12-O04,C12,4.1,200,0.0
2025-10-05,C12-O05,C12,4.1,217,0.0
2025-10-05,C12-O06,C12,4.1,158,0.0
2025-10-05,C12-O07,C12,4.1,161,0.0
2025-10-05,C12-O08,C12,4.1,128,51.0
2025-10-05,C12-O09,C12,4.1,188,0.0
2025-10-05,C12-O10,C12,4.1,167,0.0
2025-10-05,C12-O11,C12,4.1,128,0.0
2025-10-05,C12-O12,C12,4.1,138,0.0
2025-10-05,C12-O13,C12,4.1,227,0.0
2025-10-05,C12-O14,C12,4.1,172,0.0
2025-10-05,C12-O15,C12,4.1,230,0.0
2025-10-05,C12-O16,C12,4.1,139,0.0
2025-10-05,C12-O17,C12,4.1,121,0.0
2025-10-05,C12-O18,C12,4.1,218,0.0
2025-10-05,C12-O19,C12,4.1,173,0.0
2025-10-05,C12-O20,C12,4.1,170,0.0
2025-10-05,C12-O21,C12,4.1,174,0.0
2025-10-05,C12-O22,C12,4.1,129,0.0
2025-10-05,C12-O23,C12,4.1,198,0.0
2025-10-05,C12-O24,C12,4.1,211,0.0
2025-10-05,C13-O01,C13,4.1,214,0.0
2025-10-05,C13-O02,C13,4.1,363,0.0
2025-10-05,C13-O03,C13,4.1,265,0.0
2025-10-05,C13-O04,C13,4.1,271,0.0
2025-10-05,C13-O05,C13,4.1,259,0.0
2025-10-05,C13-O06,C13,4.1,263,0.0
2025-10-05,C13-O07,C13,4.1,268,0.0
2025-10-05,C13-O08,C13,4.1,269,0.0
2025-10-05,C13-O09,C13,4.1,330,0.0
2025-10-05,C13-O10,C13,4.1,296,0.0
2025-10-05,C13-O11,C13,4.1,260,0.0
2025-10-05,C13-O12,C13,4.1,359,0.0
2025-10-05,C13-O13,C13,4.1,328,0.0
2025-10-05,C13-O14,C13,4.1,242,0.0
2025-10-05,C13-O15,C13,4.1,344,0.0
2025-10-05,C13-O16,C13,4.1,304,0.0
2025-10-05,C13-O17,C13,4.1,271,0.0
2025-10-05,C14-O01,C14,4.1,444,0.0
2025-10-05,C14-O02,C14,4.1,311,0.0
2025-10-05,C14-O03,C14,4.1,411,0.0
2025-10-05,C14-O04,C14,4.1,292,0.0
2025-10-05,C14-O05,C14,4.1,384,0.0
2025-10-05,C14-O06,C14,4.1,342,0.0
2025-10-05,C14-O07,C14,4.1,381,0.0
2025-10-05,C14-O08,C14,4.1,283,0.0
2025-10-05,C15-O01,C15,4.1,188,0.0
2025-10-05,C15-O02,C15,4.1,370,0.0
2025-10-05,C15-O03,C15,4.1,274,0.0
2025-10-05,C15-O04,C15,4.1,279,0.0
2025-10-05,C15-O05,C15,4.1,260,0.0
2025-10-05,C15-O06,C15,4.1,233,0.0
2025-10-05,C15-O07,C15,4.1,274,0.0
2025-10-05,C15-O08,C15,4.1,245,0.0
2025-10-05,C15-O09,C15,4.1,277,0.0
2025-10-05,C15-O10,C15,4.1,203,0.0
2025-10-05,C15-O11,C15,4.1,265,0.0
2025-10-05,C15-O12,C15,4.1,303,0.0
2025-10-05,C15-O13,C15,4.1,225,90.0
2025-10-05,C15-O14,C15,4.1,290,0.0
2025-10-05,C15-O15,C15,4.1,246,0.0
2025-10-05,C15-O16,C15,4.1,329,0.0
2025-10-05,C15-O17,C15,4.1,295,0.0
2025-10-05,C15-O18,C15,4.1,189,0.0
2025-10-05,C15-O19,C15,4.1,201,0.0
2025-10-05,C15-O20,C15,4.1,283,113.0
2025-10-05,C15-O21,C15,4.1,264,0.0
2025-10-05,C15-O22,C15,4.1,276,0.0
2025-10-05,C15-O23,C15,4.1,263,0.0
2025-10-05,C16-O01,C16,4.1,72,0.0
2025-10-05,C16-O02,C16,4.1,57,0.0
2025-10-05,C16-O03,C16,4.1,99,0.0
2025-10-05,C16-O04,C16,4.1,61,0.0
2025-10-05,C16-O05,C16,4.1,67,0.0
2025-10-05,C16-O06,C16,4.1,77,0.0
2025-10-05,C16-O07,C16,4.1,62,0.0
2025-10-05,C16-O08,C16,4.1,103,0.0
2025-10-05,C17-O01,C17,4.1,84,0.0
2025-10-05,C17-O02,C17,4.1,119,0.0
2025-10-05,C17-O03,C17,4.1,140,0.0
2025-10-05,C17-O04,C17,4.1,108,0.0
2025-10-05,C17-O05,C17,4.1,114,0.0
2025-10-05,C17-O06,C17,4.1,115,0.0
2025-10-05,C17-O07,C17,4.1,125,0.0
2025-10-05,C17-O08,C17,4.1,138,0.0
2025-10-05,C17-O09,C17,4.1,104,0.0
2025-10-05,C17-O10,C17,4.1,130,0.0
2025-10-05,C18-O01,C18,4.1,477,0.0
2025-10-05,C18-O02,C18,4.1,330,0.0
2025-10-05,C18-O03,C18,4.1,266,0.0
2025-10-05,C18-O04,C18,4.1,255,0.0
2025-10-05,C18-O05,C18,4.1,359,143.0
2025-10-05,C18-O06,C18,4.1,246,0.0
2025-10-05,C18-O07,C18,4.1,335,0.0
2025-10-05,C18-O08,C18,4.1,252,0.0
2025-10-05,C19-O01,C19,4.1,366,0.0
2025-10-05,C19-O02,C19,4.1,354,0.0
2025-10-05,C19-O03,C19,4.1,281,112.0
2025-10-05,C19-O04,C19,4.1,225,0.0
2025-10-05,C19-O05,C19,4.1,229,0.0
2025-10-05,C19-O06,C19,4.1,286,0.0
2025-10-05,C19-O07,C19,4.1,373,0.0
2025-10-05,C19-O08,C19,4.1,291,0.0
2025-10-05,C20-O01,C20,4.1,354,0.0
2025-10-05,C20-O02,C20,4.1,395,0.0
2025-10-05,C20-O03,C20,4.1,308,0.0
2025-10-05,C20-O04,C20,4.1,253,0.0
2025-10-05,C20-O05,C20,4.1,327,0.0
2025-10-05,C21-O01,C21,4.1,257,0.0
2025-10-05,C21-O02,C21,4.1,370,0.0
2025-10-05,C21-O03,C21,4.1,206,0.0
2025-10-05,C21-O04,C21,4.1,319,0.0
2025-10-05,C21-O05,C21,4.1,357,0.0
2025-10-05,C21-O06,C21,4.1,226,0.0
2025-10-05,C21-O07,C21,4.1,263,0.0
2025-10-05,C21-O08,C21,4.1,265,0.0
2025-10-05,C21-O09,C21,4.1,291,0.0
2025-10-05,C22-O01,C22,4.1,403,0.0
2025-10-05,C22-O02,C22,4.1,448,0.0
2025-10-05,C22-O03,C22,4.1,281,0.0
2025-10-05,C22-O04,C22,4.1,419,0.0
2025-10-05,C22-O05,C22,4.1,289,0.0
2025-10-05,C22-O06,C22,4.1,290,0.0
2025-10-05,C22-O07,C22,4.1,266,0.0
2025-10-05,C22-O08,C22,4.1,280,0.0
2025-10-05,C22-O09,C22,4.1,446,0.0
2025-10-05,C22-O10,C22,4.1,421,0.0
2025-10-05,C22-O11,C22,4.1,452,0.0
2025-10-05,C22-O12,C22,4.1,361,0.0
2025-10-05,C22-O13,C22,4.1,313,0.0
2025-10-05,C22-O14,C22,4.1,423,0.0
2025-10-05,C22-O15,C22,4.1,244,0.0
2025-10-05,C22-O16,C22,4.1,421,0.0
2025-10-05,C22-O17,C22,4.1,296,0.0
2025-10-05,C22-O18,C22,4.1,293,0.0
2025-10-05,C23-O01,C23,4.1,349,0.0
2025-10-05,C23-O02,C23,4.1,294,117.0
2025-10-05,C23-O03,C23,4.1,236,0.0
2025-10-05,C23-O04,C23,4.1,204,0.0
2025-10-05,C23-O05,C23,4.1,346,0.0
2025-10-05,C23-O06,C23,4.1,190,0.0
2025-10-05,C24-O01,C24,4.1,386,0.0
2025-10-05,C24-O02,C24,4.1,252,0.0
2025-10-05,C24-O03,C24,4.1,263,0.0
2025-10-05,C24-O04,C24,4.1,450,0.0
2025-10-05,C24-O05,C24,4.1,463,0.0
2025-10-05,C24-O06,C24,4.1,304,0.0
2025-10-05,C24-O07,C24,4.1,278,0.0
2025-10-05,C24-O08,C24,4.1,348,0.0
2025-10-05,C24-O09,C24,4.1,317,0.0
2025-10-05,C24-O10,C24,4.1,369,0.0
2025-10-05,C25-O01,C25,4.1,261,0.0
2025-10-05,C25-O02,C25,4.1,236,0.0
2025-10-05,C25-O03,C25,4.1,317,0.0
2025-10-05,C25-O04,C25,4.1,284,0.0
2025-10-05,C25-O05,C25,4.1,310,0.0
2025-10-05,C25-O06,C25,4.1,378,0.0
2025-10-05,C25-O07,C25,4.1,367,0.0
2025-10-05,C25-O08,C25,4.1,302,0.0
2025-10-05,C25-O09,C25,4.1,265,0.0
2025-10-05,C25-O10,C25,4.1,401,160.0
2025-10-05,C25-O11,C25,4.1,294,0.0
2025-10-05,C25-O12,C25,4.1,420,0.0
2025-10-05,C25-O13,C25,4.1,354,0.0
2025-10-05,C25-O14,C25,4.1,405,0.0
2025-10-05,C25-O15,C25,4.1,261,0.0
2025-10-05,C26-O01,C26,4.1,282,0.0
2025-10-05,C26-O02,C26,4.1,196,0.0
2025-10-05,C26-O03,C26,4.1,228,0.0
2025-10-05,C26-O04,C26,4.1,198,0.0
2025-10-05,C26-O05,C26,4.1,257,0.0
2025-10-05,C26-O06,C26,4.1,314,0.0
2025-10-05,C26-O07,C26,4.1,269,0.0
2025-10-05,C26-O08,C26,4.1,192,0.0
2025-10-05,C26-O09,C26,4.1,329,0.0
2025-10-05,C26-O10,C26,4.1,258,0.0
2025-10-05,C27-O01,C27,4.1,127,0.0
2025-10-05,C27-O02,C27,4.1,102,0.0
2025-10-05,C27-O03,C27,4.1,112,0.0
2025-10-05,C27-O04,C27,4.1,137,0.0
2025-10-05,C27-O05,C27,4.1,138,0.0
2025-10-05,C27-O06,C27,4.1,92,0.0
2025-10-05,C27-O07,C27,4.1,135,0.0
2025-10-05,C27-O08,C27,4.1,130,0.0
2025-10-05,C27-O09,C27,4.1,98,0.0
2025-10-05,C27-O10,C27,4.1,113,0.0
2025-10-05,C27-O11,C27,4.1,151,0.0
2025-10-05,C27-O12,C27,4.1,130,0.0
2025-10-05,C27-O13,C27,4.1,101,0.0
2025-10-05,C27-O14,C27,4.1,87,0.0
2025-10-05,C27-O15,C27,4.1,128,0.0
2025-10-05,C27-O16,C27,4.1,149,0.0
2025-10-05,C27-O17,C27,4.1,134,0.0
2025-10-05,C27-O18,C27,4.1,147,0.0
2025-10-05,C27-O19,C27,4.1,139,0.0
2025-10-05,C27-O20,C27,4.1,99,0.0
2025-10-05,C27-O21,C27,4.1,174,0.0
2025-10-05,C27-O22,C27,4.1,116,0.0
2025-10-05,C28-O01,C28,4.1,345,0.0
2025-10-05,C28-O02,C28,4.1,374,0.0
2025-10-05,C28-O03,C28,4.1,394,0.0
2025-10-05,C28-O04,C28,4.1,446,0.0
2025-10-05,C28-O05,C28,4.1,369,0.0
2025-10-05,C28-O06,C28,4.1,434,173.0
2025-10-05,C28-O07,C28,4.1,277,0.0
2025-10-05,C28-O08,C28,4.1,386,0.0
2025-10-05,C28-O09,C28,4.1,309,0.0
2025-10-05,C28-O10,C28,4.1,369,0.0
2025-10-05,C28-O11,C28,4.1,381,152.0
2025-10-05,C28-O12,C28,4.1,371,0.0
2025-10-05,C29-O01,C29,4.1,133,0.0
2025-10-05,C29-O02,C29,4.1,174,0.0
2025-10-05,C29-O03,C29,4.1,141,0.0
2025-10-05,C29-O04,C29,4.1,140,0.0
2025-10-05,C29-O05,C29,4.1,149,0.0
2025-10-05,C29-O06,C29,4.1,205,0.0
2025-10-05,C29-O07,C29,4.1,135,0.0
2025-10-05,C29-O08,C29,4.1,219,0.0
2025-10-05,C29-O09,C29,4.1,224,0.0
2025-10-05,C29-O10,C29,4.1,162,0.0
2025-10-05,C29-O11,C29,4.1,135,0.0
2025-10-05,C29-O12,C29,4.1,154,0.0
2025-10-05,C30-O01,C30,4.1,322,0.0
2025-10-05,C30-O02,C30,4.1,224,0.0
2025-10-05,C30-O03,C30,4.1,242,0.0
2025-10-05,C30-O04,C30,4.1,250,0.0
2025-10-05,C30-O05,C30,4.1,275,0.0
2025-10-05,C30-O06,C30,4.1,211,0.0
2025-10-05,C30-O07,C30,4.1,233,0.0
2025-10-05,C30-O08,C30,4.1,353,0.0
2025-10-05,C30-O09,C30,4.1,268,0.0
2025-10-05,C30-O10,C30,4.1,327,0.0
2025-10-05,C30-O11,C30,4.1,319,0.0
2025-10-05,C30-O12,C30,4.1,295,0.0
2025-10-05,C30-O13,C30,4.1,223,0.0
2025-10-05,C30-O14,C30,4.1,280,0.0
2025-10-05,C30-O15,C30,4.1,199,0.0
2025-10-05,C30-O16,C30,4.1,330,0.0
2025-10-05,C30-O17,C30,4.1,321,0.0
2025-10-05,C31-O01,C31,4.1,84,0.0
2025-10-05,C31-O02,C31,4.1,86,0.0
2025-10-05,C31-O03,C31,4.1,105,0.0
2025-10-05,C31-O04,C31,4.1,70,0.0
2025-10-05,C31-O05,C31,4.1,68,0.0
2025-10-05,C31-O06,C31,4.1,93,0.0
2025-10-05,C31-O07,C31,4.1,58,0.0
2025-10-05,C31-O08,C31,4.1,94,0.0
2025-10-05,C31-O09,C31,4.1,76,0.0
2025-10-05,C31-O10,C31,4.1,87,0.0
2025-10-05,C31-O11,C31,4.1,104,0.0
2025-10-05,C31-O12,C31,4.1,86,0.0
2025-10-05,C31-O13,C31,4.1,88,0.0
2025-10-05,C32-O01,C32,4.1,417,0.0
2025-10-05,C32-O02,C32,4.1,263,0.0
2025-10-05,C32-O03,C32,4.1,362,0.0
2025-10-05,C32-O04,C32,4.1,396,0.0
2025-10-05,C32-O05,C32,4.1,299,0.0
2025-10-05,C32-O06,C32,4.1,426,0.0
2025-10-05,C32-O07,C32,4.1,406,0.0
2025-10-05,C32-O08,C32,4.1,351,0.0
2025-10-05,C32-O09,C32,4.1,278,0.0
2025-10-05,C32-O10,C32,4.1,363,0.0
2025-10-05,C32-O11,C32,4.1,459,0.0
2025-10-05,C32-O12,C32,4.1,287,0.0
2025-10-05,C32-O13,C32,4.1,365,0.0
2025-10-05,C32-O14,C32,4.1,277,0.0
2025-10-05,C33-O01,C33,4.1,247,0.0
2025-10-05,C33-O02,C33,4.1,285,0.0
2025-10-05,C33-O03,C33,4.1,275,0.0
2025-10-05,C33-O04,C33,4.1,386,0.0
2025-10-05,C34-O01,C34,4.1,322,0.0
2025-10-05,C34-O02,C34,4.1,403,0.0
2025-10-05,C34-O03,C34,4.1,431,0.0
2025-10-05,C34-O04,C34,4.1,365,0.0
2025-10-05,C34-O05,C34,4.1,428,0.0
2025-10-05,C34-O06,C34,4.1,240,0.0
2025-10-05,C34-O07,C34,4.1,266,0.0
2025-10-05,C34-O08,C34,4.1,346,0.0
2025-10-05,C34-O09,C34,4.1,372,0.0
2025-10-05,C34-O10,C34,4.1,274,0.0
2025-10-05,C34-O11,C34,4.1,412,165.0
2025-10-05,C34-O12,C34,4.1,271,0.0
2025-10-05,C35-O01,C35,4.1,312,0.0
2025-10-05,C35-O02,C35,4.1,310,0.0
2025-10-05,C35-O03,C35,4.1,279,111.0
2025-10-05,C35-O04,C35,4.1,324,0.0
2025-10-05,C35-O05,C35,4.1,307,0.0
2025-10-05,C35-O06,C35,4.1,301,0.0
2025-10-05,C35-O07,C35,4.1,446,0.0
2025-10-05,C35-O08,C35,4.1,330,0.0
2025-10-05,C35-O09,C35,4.1,308,0.0
2025-10-05,C35-O10,C35,4.1,392,0.0
2025-10-05,C35-O11,C35,4.1,412,164.0
2025-10-05,C35-O12,C35,4.1,346,0.0
2025-10-05,C35-O13,C35,4.1,456,0.0
2025-10-05,C35-O14,C35,4.1,379,0.0
2025-10-05,C35-O15,C35,4.1,348,0.0
2025-10-05,C35-O16,C35,4.1,316,0.0
2025-10-05,C35-O17,C35,4.1,337,0.0
2025-10-05,C35-O18,C35,4.1,370,0.0
2025-10-05,C35-O19,C35,4.1,281,0.0
2025-10-05,C35-O20,C35,4.1,336,0.0
2025-10-05,C35-O21,C35,4.1,453,0.0
2025-10-05,C35-O22,C35,4.1,433,0.0
2025-10-05,C36-O01,C36,4.1,294,0.0
2025-10-05,C36-O02,C36,4.1,322,0.0
2025-10-05,C36-O03,C36,4.1,272,0.0
2025-10-05,C36-O04,C36,4.1,278,0.0
2025-10-05,C36-O05,C36,4.1,297,0.0
2025-10-05,C36-O06,C36,4.1,247,0.0
2025-10-05,C36-O07,C36,4.1,331,0.0
2025-10-05,C36-O08,C36,4.1,306,0.0
2025-10-05,C36-O09,C36,4.1,225,0.0
2025-10-05,C36-O10,C36,4.1,372,0.0
2025-10-05,C36-O11,C36,4.1,299,0.0
2025-10-05,C37-O01,C37,4.1,364,0.0
2025-10-05,C37-O02,C37,4.1,263,0.0
2025-10-05,C37-O03,C37,4.1,334,0.0
2025-10-05,C37-O04,C37,4.1,335,0.0
2025-10-05,C37-O05,C37,4.1,377,0.0
2025-10-05,C37-O06,C37,4.1,395,0.0
2025-10-05,C37-O07,C37,4.1,282,0.0
2025-10-05,C37-O08,C37,4.1,353,0.0
2025-10-05,C37-O09,C37,4.1,231,0.0
2025-10-05,C37-O10,C37,4.1,296,118.0
2025-10-05,C37-O11,C37,4.1,301,0.0
2025-10-05,C37-O12,C37,4.1,399,0.0
2025-10-05,C38-O01,C38,4.1,360,0.0
2025-10-05,C38-O02,C38,4.1,243,0.0
2025-10-05,C38-O03,C38,4.1,380,0.0
2025-10-05,C38-O04,C38,4.1,221,0.0
2025-10-05,C38-O05,C38,4.1,333,0.0
2025-10-05,C38-O06,C38,4.1,348,0.0
2025-10-05,C38-O07,C38,4.1,354,0.0
2025-10-05,C38-O08,C38,4.1,282,0.0
2025-10-05,C38-O09,C38,4.1,311,0.0
2025-10-05,C38-O10,C38,4.1,413,0.0
2025-10-05,C38-O11,C38,4.1,296,0.0
2025-10-05,C38-O12,C38,4.1,289,0.0
2025-10-05,C38-O13,C38,4.1,381,0.0
2025-10-05,C38-O14,C38,4.1,278,0.0
2025-10-05,C38-O15,C38,4.1,318,0.0
2025-10-05,C38-O16,C38,4.1,302,0.0
2025-10-05,C38-O17,C38,4.1,329,0.0
2025-10-05,C38-O18,C38,4.1,404,0.0
2025-10-05,C38-O19,C38,4.1,280,0.0
2025-10-05,C38-O20,C38,4.1,414,0.0
2025-10-05,C38-O21,C38,4.1,337,0.0
2025-10-05,C39-O01,C39,4.1,209,0.0
2025-10-05,C39-O02,C39,4.1,211,84.0
2025-10-05,C39-O03,C39,4.1,271,0.0
2025-10-05,C39-O04,C39,4.1,375,0.0
2025-10-05,C39-O05,C39,4.1,292,116.0
2025-10-05,C39-O06,C39,4.1,183,0.0
2025-10-05,C39-O07,C39,4.1,231,0.0
2025-10-05,C39-O08,C39,4.1,188,0.0
2025-10-05,C39-O09,C39,4.1,256,0.0
2025-10-05,C39-O10,C39,4.1,228,0.0
2025-10-05,C39-O11,C39,4.1,331,0.0
2025-10-05,C39-O12,C39,4.1,322,0.0
2025-10-05,C39-O13,C39,4.1,286,0.0
2025-10-05,C39-O14,C39,4.1,183,0.0
2025-10-05,C39-O15,C39,4.1,369,0.0
2025-10-05,C39-O16,C39,4.1,179,0.0
2025-10-05,C39-O17,C39,4.1,205,0.0
2025-10-05,C39-O18,C39,4.1,223,0.0
2025-10-05,C39-O19,C39,4.1,354,0.0
2025-10-05,C40-O01,C40,4.1,403,0.0
2025-10-05,C40-O02,C40,4.1,416,0.0
2025-10-05,C40-O03,C40,4.1,380,0.0
2025-10-05,C40-O04,C40,4.1,267,0.0
2025-10-05,C40-O05,C40,4.1,374,0.0
2025-10-05,C40-O06,C40,4.1,398,0.0
2025-10-05,C40-O07,C40,4.1,343,0.0
2025-10-05,C40-O08,C40,4.1,311,0.0
2025-10-05,C40-O09,C40,4.1,398,0.0
2025-10-05,C40-O10,C40,4.1,452,0.0
2025-10-06,C01-O01,C01,4.1,169,0.0
2025-10-06,C01-O02,C01,4.1,207,0.0
2025-10-06,C01-O03,C01,4.1,322,0.0
2025-10-06,C01-O04,C01,4.1,189,0.0
2025-10-06,C01-O05,C01,4.1,314,0.0
2025-10-06,C01-O06,C01,4.1,322,0.0
2025-10-06,C01-O07,C01,4.1,177,0.0
2025-10-06,C01-O08,C01,4.1,273,0.0
2025-10-06,C01-O09,C01,4.1,213,0.0
2025-10-06,C01-O10,C01,4.1,218,0.0
2025-10-06,C01-O11,C01,4.1,171,0.0
2025-10-06,C01-O12,C01,4.1,191,0.0
2025-10-06,C01-O13,C01,4.1,223,0.0
2025-10-06,C01-O14,C01,4.1,255,0.0
2025-10-06,C01-O15,C01,4.1,302,0.0
2025-10-06,C01-O16,C01,4.1,206,0.0
2025-10-06,C01-O17,C01,4.1,218,0.0
2025-10-06,C01-O18,C01,4.1,317,0.0
2025-10-06,C01-O19,C01,4.1,280,0.0
2025-10-06,C01-O20,C01,4.1,166,0.0
2025-10-06,C01-O21,C01,4.1,237,0.0
2025-10-06,C01-O22,C01,4.1,188,0.0
2025-10-06,C01-O23,C01,4.1,180,0.0
2025-10-06,C01-O24,C01,4.1,276,0.0
2025-10-06,C01-O25,C01,4.1,308,0.0
2025-10-06,C01-O26,C01,4.1,232,0.0
2025-10-06,C01-O27,C01,4.1,228,0.0
2025-10-06,C01-O28,C01,4.1,176,0.0
2025-10-06,C01-O29,C01,4.1,313,0.0
2025-10-06,C01-O30,C01,4.1,235,94.0
2025-10-06,C01-O31,C01,4.1,254,0.0
2025-10-06,C01-O32,C01,4.1,225,0.0
2025-10-06,C01-O33,C01,4.1,274,0.0
2025-10-06,C01-O34,C01,4.1,233,0.0
2025-10-06,C01-O35,C01,4.1,174,0.0
2025-10-06,C01-O36,C01,4.1,216,0.0
2025-10-06,C01-O37,C01,4.1,307,0.0
2025-10-06,C01-O38,C01,4.1,206,0.0
2025-10-06,C01-O39,C01,4.1,294,0.0
2025-10-06,C01-O40,C01,4.1,303,0.0
2025-10-06,C01-O41,C01,4.1,212,0.0
2025-10-06,C01-O42,C01,4.1,300,0.0
2025-10-06,C02-O01,C02,4.1,83,0.0
2025-10-06,C02-O02,C02,4.1,81,0.0
2025-10-06,C02-O03,C02,4.1,54,0.0
2025-10-06,C02-O04,C02,4.1,44,0.0
2025-10-06,C02-O05,C02,4.1,64,0.0
2025-10-06,C02-O06,C02,4.1,84,0.0
2025-10-06,C02-O07,C02,4.1,76,0.0
2025-10-06,C02-O08,C02,4.1,64,0.0
2025-10-06,C02-O09,C02,4.1,57,0.0
2025-10-06,C02-O10,C02,4.1,80,0.0
2025-10-06,C02-O11,C02,4.1,63,0.0
2025-10-06,C02-O12,C02,4.1,75,0.0
2025-10-06,C02-O13,C02,4.1,45,0.0
2025-10-06,C02-O14,C02,4.1,64,0.0
2025-10-06,C02-O15,C02,4.1,82,0.0
2025-10-06,C02-O16,C02,4.1,52,0.0
2025-10-06,C02-O17,C02,4.1,62,0.0
2025-10-06,C02-O18,C02,4.1,67,0.0
2025-10-06,C02-O19,C02,4.1,66,0.0
2025-10-06,C02-O20,C02,4.1,86,0.0
2025-10-06,C02-O21,C02,4.1,80,0.0
2025-10-06,C02-O22,C02,4.1,67,0.0
2025-10-06,C02-O23,C02,4.1,54,0.0
2025-10-06,C02-O24,C02,4.1,87,0.0
2025-10-06,C02-O25,C02,4.1,59,0.0
2025-10-06,C03-O01,C03,4.1,93,37.0
2025-10-06,C03-O02,C03,4.1,81,32.0
2025-10-06,C03-O03,C03,4.1,95,38.0
2025-10-06,C03-O04,C03,4.1,130,52.0
2025-10-06,C03-O05,C03,4.1,124,49.0
2025-10-06,C03-O06,C03,4.1,92,36.0
2025-10-06,C03-O07,C03,4.1,112,0.0
2025-10-06,C03-O08,C03,4.1,124,0.0
2025-10-06,C03-O09,C03,4.1,148,0.0
2025-10-06,C03-O10,C03,4.1,124,0.0
2025-10-06,C03-O11,C03,4.1,89,0.0
2025-10-06,C03-O12,C03,4.1,98,0.0
2025-10-06,C03-O13,C03,4.1,137,0.0
2025-10-06,C03-O14,C03,4.1,100,0.0
2025-10-06,C03-O15,C03,4.1,110,0.0
2025-10-06,C03-O16,C03,4.1,139,0.0
2025-10-06,C03-O17,C03,4.1,82,0.0
2025-10-06,C03-O18,C03,4.1,88,0.0
2025-10-06,C04-O01,C04,4.1,83,0.0
2025-10-06,C04-O02,C04,4.1,67,0.0
2025-10-06,C04-O03,C04,4.1,90,0.0
2025-10-06,C04-O04,C04,4.1,50,0.0
2025-10-06,C04-O05,C04,4.1,57,0.0
2025-10-06,C04-O06,C04,4.1,55,0.0
2025-10-06,C04-O07,C04,4.1,57,0.0
2025-10-06,C04-O08,C04,4.1,58,0.0
2025-10-06,C05-O01,C05,4.1,244,97.0
2025-10-06,C05-O02,C05,4.1,244,97.0
2025-10-06,C05-O03,C05,4.1,218,87.0
2025-10-06,C05-O04,C05,4.1,236,94.0
2025-10-06,C05-O05,C05,4.1,221,88.0
2025-10-06,C05-O06,C05,4.1,215,0.0
2025-10-06,C05-O07,C05,4.1,233,0.0
2025-10-06,C05-O08,C05,4.1,362,0.0
2025-10-06,C05-O09,C05,4.1,306,0.0
2025-10-06,C05-O10,C05,4.1,243,0.0
2025-10-06,C05-O11,C05,4.1,312,0.0
2025-10-06,C05-O12,C05,4.1,311,0.0
2025-10-06,C05-O13,C05,4.1,237,0.0
2025-10-06,C05-O14,C05,4.1,272,0.0
2025-10-06,C05-O15,C05,4.1,222,0.0
2025-10-06,C05-O16,C05,4.1,292,0.0
2025-10-06,C05-O17,C05,4.1,223,0.0
2025-10-06,C05-O18,C05,4.1,323,0.0
2025-10-06,C05-O19,C05,4.1,381,0.0
2025-10-06,C05-O20,C05,4.1,253,0.0
2025-10-06,C05-O21,C05,4.1,376,0.0
2025-10-06,C05-O22,C05,4.1,250,0.0
2025-10-06,C05-O23,C05,4.1,329,0.0
2025-10-06,C05-O24,C05,4.1,363,0.0
2025-10-06,C06-O01,C06,4.1,187,0.0
2025-10-06,C06-O02,C06,4.1,265,0.0
2025-10-06,C06-O03,C06,4.1,282,0.0
2025-10-06,C06-O04,C06,4.1,257,0.0
2025-10-06,C06-O05,C06,4.1,360,0.0
2025-10-06,C06-O06,C06,4.1,336,0.0
2025-10-06,C06-O07,C06,4.1,276,0.0
2025-10-06,C06-O08,C06,4.1,235,0.0
2025-10-06,C06-O09,C06,4.1,179,0.0
2025-10-06,C06-O10,C06,4.1,320,0.0
2025-10-06,C06-O11,C06,4.1,262,0.0
2025-10-06,C06-O12,C06,4.1,304,0.0
2025-10-06,C06-O13,C06,4.1,258,0.0
2025-10-06,C06-O14,C06,4.1,292,0.0
2025-10-06,C06-O15,C06,4.1,177,0.0
2025-10-06,C06-O16,C06,4.1,238,0.0
2025-10-06,C06-O17,C06,4.1,219,0.0
2025-10-06,C06-O18,C06,4.1,259,0.0
2025-10-06,C06-O19,C06,4.1,236,0.0
2025-10-06,C06-O20,C06,4.1,262,0.0
2025-10-06,C06-O21,C06,4.1,190,0.0
2025-10-06,C06-O22,C06,4.1,339,0.0
2025-10-06,C06-O23,C06,4.1,218,0.0
2025-10-06,C06-O24,C06,4.1,250,0.0
2025-10-06,C06-O25,C06,4.1,300,0.0
2025-10-06,C06-O26,C06,4.1,297,0.0
2025-10-06,C06-O27,C06,4.1,257,0.0
2025-10-06,C06-O28,C06,4.1,306,0.0
2025-10-06,C06-O29,C06,4.1,287,0.0
2025-10-06,C06-O30,C06,4.1,318,127.0
2025-10-06,C07-O01,C07,4.1,191,0.0
2025-10-06,C07-O02,C07,4.1,234,0.0
2025-10-06,C07-O03,C07,4.1,162,0.0
2025-10-06,C07-O04,C07,4.1,206,0.0
2025-10-06,C07-O05,C07,4.1,180,0.0
2025-10-06,C07-O06,C07,4.1,300,0.0
2025-10-06,C07-O07,C07,4.1,192,0.0
2025-10-06,C07-O08,C07,4.1,206,0.0
2025-10-06,C07-O09,C07,4.1,238,0.0
2025-10-06,C07-O10,C07,4.1,210,0.0
2025-10-06,C07-O11,C07,4.1,256,0.0
2025-10-06,C07-O12,C07,4.1,199,0.0
2025-10-06,C07-O13,C07,4.1,226,0.0
2025-10-06,C07-O14,C07,4.1,174,0.0
2025-10-06,C07-O15,C07,4.1,261,0.0
2025-10-06,C07-O16,C07,4.1,210,0.0
2025-10-06,C07-O17,C07,4.1,245,0.0
2025-10-06,C07-O18,C07,4.1,198,0.0
2025-10-06,C07-O19,C07,4.1,235,0.0
2025-10-06,C07-O20,C07,4.1,246,0.0
2025-10-06,C07-O21,C07,4.1,221,0.0
2025-10-06,C08-O01,C08,4.1,243,0.0
2025-10-06,C08-O02,C08,4.1,266,0.0
2025-10-06,C08-O03,C08,4.1,258,0.0
2025-10-06,C08-O04,C08,4.1,297,0.0
2025-10-06,C08-O05,C08,4.1,208,0.0
2025-10-06,C08-O06,C08,4.1,326,0.0
2025-10-06,C08-O07,C08,4.1,293,0.0
2025-10-06,C08-O08,C08,4.1,301,0.0
2025-10-06,C08-O09,C08,4.1,261,0.0
2025-10-06,C08-O10,C08,4.1,340,0.0
2025-10-06,C08-O11,C08,4.1,217,0.0
2025-10-06,C08-O12,C08,4.1,246,0.0
2025-10-06,C08-O13,C08,4.1,326,0.0
2025-10-06,C08-O14,C08,4.1,218,0.0
2025-10-06,C09-O01,C09,4.1,147,0.0
2025-10-06,C09-O02,C09,4.1,129,0.0
2025-10-06,C09-O03,C09,4.1,89,0.0
2025-10-06,C09-O04,C09,4.1,81,0.0
2025-10-06,C09-O05,C09,4.1,133,0.0
2025-10-06,C09-O06,C09,4.1,75,0.0
2025-10-06,C09-O07,C09,4.1,78,0.0
2025-10-06,C09-O08,C09,4.1,132,0.0
2025-10-06,C09-O09,C09,4.1,77,0.0
2025-10-06,C09-O10,C09,4.1,120,0.0
2025-10-06,C09-O11,C09,4.1,99,0.0
2025-10-06,C09-O12,C09,4.1,83,0.0
2025-10-06,C09-O13,C09,4.1,83,0.0
2025-10-06,C09-O14,C09,4.1,111,0.0
2025-10-06,C09-O15,C09,4.1,90,0.0
2025-10-06,C10-O01,C10,4.1,230,0.0
2025-10-06,C10-O02,C10,4.1,227,91.0
2025-10-06,C10-O03,C10,4.1,263,105.0
2025-10-06,C10-O04,C10,4.1,325,0.0
2025-10-06,C10-O05,C10,4.1,185,0.0
2025-10-06,C10-O06,C10,4.1,216,0.0
2025-10-06,C10-O07,C10,4.1,299,0.0
2025-10-06,C10-O08,C10,4.1,273,0.0
2025-10-06,C10-O09,C10,4.1,183,0.0
2025-10-06,C10-O10,C10,4.1,223,0.0
2025-10-06,C10-O11,C10,4.1,218,0.0
2025-10-06,C10-O12,C10,4.1,245,0.0
2025-10-06,C10-O13,C10,4.1,181,0.0
2025-10-06,C10-O14,C10,4.1,197,0.0
2025-10-06,C10-O15,C10,4.1,265,0.0
2025-10-06,C10-O16,C10,4.1,257,0.0
2025-10-06,C10-O17,C10,4.1,210,0.0
2025-10-06,C10-O18,C10,4.1,231,0.0
2025-10-06,C10-O19,C10,4.1,193,0.0
2025-10-06,C10-O20,C10,4.1,303,0.0
2025-10-06,C10-O21,C10,4.1,194,0.0
2025-10-06,C11-O01,C11,4.1,337,0.0
2025-10-06,C11-O02,C11,4.1,350,0.0
2025-10-06,C11-O03,C11,4.1,362,0.0
2025-10-06,C11-O04,C11,4.1,255,0.0
2025-10-06,C11-O05,C11,4.1,361,0.0
2025-10-06,C11-O06,C11,4.1,241,0.0
2025-10-06,C11-O07,C11,4.1,350,0.0
2025-10-06,C11-O08,C11,4.1,336,0.0
2025-10-06,C11-O09,C11,4.1,326,0.0
2025-10-06,C11-O10,C11,4.1,356,0.0
2025-10-06,C11-O11,C11,4.1,247,0.0
2025-10-06,C11-O12,C11,4.1,339,0.0
2025-10-06,C11-O13,C11,4.1,372,0.0
2025-10-06,C11-O14,C11,4.1,264,0.0
2025-10-06,C11-O15,C11,4.1,341,0.0
2025-10-06,C11-O16,C11,4.1,364,0.0
2025-10-06,C11-O17,C11,4.1,358,0.0
2025-10-06,C11-O18,C11,4.1,282,0.0
2025-10-06,C11-O19,C11,4.1,260,0.0
2025-10-06,C11-O20,C11,4.1,398,0.0
2025-10-06,C11-O21,C11,4.1,367,0.0
2025-10-06,C11-O22,C11,4.1,344,0.0
2025-10-06,C12-O01,C12,4.1,209,0.0
2025-10-06,C12-O02,C12,4.1,182,0.0
2025-10-06,C12-O03,C12,4.1,109,0.0
2025-10-06,C12-O04,C12,4.1,170,0.0
2025-10-06,C12-O05,C12,4.1,168,0.0
2025-10-06,C12-O06,C12,4.1,141,0.0
2025-10-06,C12-O07,C12,4.1,130,0.0
2025-10-06,C12-O08,C12,4.1,122,48.0
2025-10-06,C12-O09,C12,4.1,164,0.0
2025-10-06,C12-O10,C12,4.1,145,0.0
2025-10-06,C12-O11,C12,4.1,99,0.0
2025-10-06,C12-O12,C12,4.1,117,0.0
2025-10-06,C12-O13,C12,4.1,170,0.0
2025-10-06,C12-O14,C12,4.1,162,0.0
2025-10-06,C12-O15,C12,4.1,175,0.0
2025-10-06,C12-O16,C12,4.1,120,0.0
2025-10-06,C12-O17,C12,4.1,105,0.0
2025-10-06,C12-O18,C12,4.1,173,0.0
2025-10-06,C12-O19,C12,4.1,140,0.0
2025-10-06,C12-O20,C12,4.1,145,0.0
2025-10-06,C12-O21,C12,4.1,154,0.0
2025-10-06,C12-O22,C12,4.1,99,0.0
2025-10-06,C12-O23,C12,4.1,180,0.0
2025-10-06,C12-O24,C12,4.1,184,0.0
2025-10-06,C13-O01,C13,4.1,189,0.0
2025-10-06,C13-O02,C13,4.1,331,0.0
2025-10-06,C13-O03,C13,4.1,217,0.0
2025-10-06,C13-O04,C13,4.1,241,0.0
2025-10-06,C13-O05,C13,4.1,232,0.0
2025-10-06,C13-O06,C13,4.1,235,0.0
2025-10-06,C13-O07,C13,4.1,213,0.0
2025-10-06,C13-O08,C13,4.1,247,0.0
2025-10-06,C13-O09,C13,4.1,318,0.0
2025-10-06,C13-O10,C13,4.1,276,0.0
2025-10-06,C13-O11,C13,4.1,220,0.0
2025-10-06,C13-O12,C13,4.1,281,0.0
2025-10-06,C13-O13,C13,4.1,258,0.0
2025-10-06,C13-O14,C13,4.1,179,0.0
2025-10-06,C13-O15,C13,4.1,313,0.0
2025-10-06,C13-O16,C13,4.1,260,0.0
2025-10-06,C13-O17,C13,4.1,237,0.0
2025-10-06,C14-O01,C14,4.1,372,0.0
2025-10-06,C14-O02,C14,4.1,280,0.0
2025-10-06,C14-O03,C14,4.1,309,0.0
2025-10-06,C14-O04,C14,4.1,261,0.0
2025-10-06,C14-O05,C14,4.1,293,0.0
2025-10-06,C14-O06,C14,4.1,300,0.0
2025-10-06,C14-O07,C14,4.1,344,0.0
2025-10-06,C14-O08,C14,4.1,225,0.0
2025-10-06,C15-O01,C15,4.1,169,0.0
2025-10-06,C15-O02,C15,4.1,293,0.0
2025-10-06,C15-O03,C15,4.1,283,0.0
2025-10-06,C15-O04,C15,4.1,208,0.0
2025-10-06,C15-O05,C15,4.1,227,0.0
2025-10-06,C15-O06,C15,4.1,184,0.0
2025-10-06,C15-O07,C15,4.1,222,0.0
2025-10-06,C15-O08,C15,4.1,238,0.0
2025-10-06,C15-O09,C15,4.1,269,0.0
2025-10-06,C15-O10,C15,4.1,193,0.0
2025-10-06,C15-O11,C15,4.1,250,0.0
2025-10-06,C15-O12,C15,4.1,236,0.0
2025-10-06,C15-O13,C15,4.1,172,69.0
2025-10-06,C15-O14,C15,4.1,261,0.0
2025-10-06,C15-O15,C15,4.1,227,0.0
2025-10-06,C15-O16,C15,4.1,258,0.0
2025-10-06,C15-O17,C15,4.1,252,0.0
2025-10-06,C15-O18,C15,4.1,190,0.0
2025-10-06,C15-O19,C15,4.1,200,0.0
2025-10-06,C15-O20,C15,4.1,257,103.0
2025-10-06,C15-O21,C15,4.1,193,0.0
2025-10-06,C15-O22,C15,4.1,248,0.0
2025-10-06,C15-O23,C15,4.1,220,0.0
2025-10-06,C16-O01,C16,4.1,69,0.0
2025-10-06,C16-O02,C16,4.1,49,0.0
2025-10-06,C16-O03,C16,4.1,92,0.0
2025-10-06,C16-O04,C16,4.1,58,0.0
2025-10-06,C16-O05,C16,4.1,55,0.0
2025-10-06,C16-O06,C16,4.1,64,0.0
2025-10-06,C16-O07,C16,4.1,50,0.0
2025-10-06,C16-O08,C16,4.1,96,0.0
2025-10-06,C17-O01,C17,4.1,74,0.0
2025-10-06,C17-O02,C17,4.1,121,0.0
2025-10-06,C17-O03,C17,4.1,136,0.0
2025-10-06,C17-O04,C17,4.1,99,0.0
2025-10-06,C17-O05,C17,4.1,102,0.0
2025-10-06,C17-O06,C17,4.1,98,0.0
2025-10-06,C17-O07,C17,4.1,100,0.0
2025-10-06,C17-O08,C17,4.1,115,0.0
2025-10-06,C17-O09,C17,4.1,83,0.0
2025-10-06,C17-O10,C17,4.1,111,0.0
2025-10-06,C18-O01,C18,4.1,411,0.0
2025-10-06,C18-O02,C18,4.1,287,0.0
2025-10-06,C18-O03,C18,4.1,245,0.0
2025-10-06,C18-O04,C18,4.1,267,0.0
2025-10-06,C18-O05,C18,4.1,279,111.0
2025-10-06,C18-O06,C18,4.1,221,0.0
2025-10-06,C18-O07,C18,4.1,312,0.0
2025-10-06,C18-O08,C18,4.1,209,0.0
2025-10-06,C19-O01,C19,4.1,287,0.0
2025-10-06,C19-O02,C19,4.1,279,0.0
2025-10-06,C19-O03,C19,4.1,238,95.0
2025-10-06,C19-O04,C19,4.1,217,0.0
2025-10-06,C19-O05,C19,4.1,201,0.0
2025-10-06,C19-O06,C19,4.1,259,0.0
2025-10-06,C19-O07,C19,4.1,329,0.0
2025-10-06,C19-O08,C19,4.1,246,0.0
2025-10-06,C20-O01,C20,4.1,310,0.0
2025-10-06,C20-O02,C20,4.1,346,0.0
2025-10-06,C20-O03,C20,4.1,243,0.0
2025-10-06,C20-O04,C20,4.1,229,0.0
2025-10-06,C20-O05,C20,4.1,295,0.0
2025-10-06,C21-O01,C21,4.1,222,0.0
2025-10-06,C21-O02,C21,4.1,305,0.0
2025-10-06,C21-O03,C21,4.1,176,0.0
2025-10-06,C21-O04,C21,4.1,291,0.0
2025-10-06,C21-O05,C21,4.1,284,0.0
2025-10-06,C21-O06,C21,4.1,202,0.0
2025-10-06,C21-O07,C21,4.1,248,0.0
2025-10-06,C21-O08,C21,4.1,267,0.0
2025-10-06,C21-O09,C21,4.1,228,0.0
2025-10-06,C22-O01,C22,4.1,310,0.0
2025-10-06,C22-O02,C22,4.1,391,0.0
2025-10-06,C22-O03,C22,4.1,223,0.0
2025-10-06,C22-O04,C22,4.1,342,0.0
2025-10-06,C22-O05,C22,4.1,239,0.0
2025-10-06,C22-O06,C22,4.1,227,0.0
2025-10-06,C22-O07,C22,4.1,201,0.0
2025-10-06,C22-O08,C22,4.1,264,0.0
2025-10-06,C22-O09,C22,4.1,356,0.0
2025-10-06,C22-O10,C22,4.1,331,0.0
2025-10-06,C22-O11,C22,4.1,349,0.0
2025-10-06,C22-O12,C22,4.1,363,0.0
2025-10-06,C22-O13,C22,4.1,303,0.0
2025-10-06,C22-O14,C22,4.1,324,0.0
2025-10-06,C22-O15,C22,4.1,219,0.0
2025-10-06,C22-O16,C22,4.1,372,0.0
2025-10-06,C22-O17,C22,4.1,269,0.0
2025-10-06,C22-O18,C22,4.1,296,0.0
2025-10-06,C23-O01,C23,4.1,338,0.0
2025-10-06,C23-O02,C23,4.1,240,96.0
2025-10-06,C23-O03,C23,4.1,182,0.0
2025-10-06,C23-O04,C23,4.1,183,0.0
2025-10-06,C23-O05,C23,4.1,268,0.0
2025-10-06,C23-O06,C23,4.1,172,0.0
2025-10-06,C24-O01,C24,4.1,366,0.0
2025-10-06,C24-O02,C24,4.1,253,0.0
2025-10-06,C24-O03,C24,4.1,245,0.0
2025-10-06,C24-O04,C24,4.1,404,0.0
2025-10-06,C24-O05,C24,4.1,344,0.0
2025-10-06,C24-O06,C24,4.1,297,0.0
2025-10-06,C24-O07,C24,4.1,238,0.0
2025-10-06,C24-O08,C24,4.1,289,0.0
2025-10-06,C24-O09,C24,4.1,268,0.0
2025-10-06,C24-O10,C24,4.1,301,0.0
2025-10-06,C25-O01,C25,4.1,236,0.0
2025-10-06,C25-O02,C25,4.1,207,0.0
2025-10-06,C25-O03,C25,4.1,273,0.0
2025-10-06,C25-O04,C25,4.1,258,0.0
2025-10-06,C25-O05,C25,4.1,315,0.0
2025-10-06,C25-O06,C25,4.1,287,0.0
2025-10-06,C25-O07,C25,4.1,344,0.0
2025-10-06,C25-O08,C25,4.1,232,0.0
2025-10-06,C25-O09,C25,4.1,223,0.0
2025-10-06,C25-O10,C25,4.1,370,148.0
2025-10-06,C25-O11,C25,4.1,252,0.0
2025-10-06,C25-O12,C25,4.1,350,0.0
2025-10-06,C25-O13,C25,4.1,334,0.0
2025-10-06,C25-O14,C25,4.1,311,0.0
2025-10-06,C25-O15,C25,4.1,228,0.0
2025-10-06,C26-O01,C26,4.1,232,0.0
2025-10-06,C26-O02,C26,4.1,164,0.0
2025-10-06,C26-O03,C26,4.1,199,0.0
2025-10-06,C26-O04,C26,4.1,189,0.0
2025-10-06,C26-O05,C26,4.1,222,0.0
2025-10-06,C26-O06,C26,4.1,308,0.0
2025-10-06,C26-O07,C26,4.1,240,0.0
2025-10-06,C26-O08,C26,4.1,193,0.0
2025-10-06,C26-O09,C26,4.1,273,0.0
2025-10-06,C26-O10,C26,4.1,199,0.0
2025-10-06,C27-O01,C27,4.1,111,0.0
2025-10-06,C27-O02,C27,4.1,108,0.0
2025-10-06,C27-O03,C27,4.1,96,0.0
2025-10-06,C27-O04,C27,4.1,119,0.0
2025-10-06,C27-O05,C27,4.1,122,0.0
2025-10-06,C27-O06,C27,4.1,79,0.0
2025-10-06,C27-O07,C27,4.1,123,0.0
2025-10-06,C27-O08,C27,4.1,112,0.0
2025-10-06,C27-O09,C27,4.1,85,0.0
2025-10-06,C27-O10,C27,4.1,89,0.0
2025-10-06,C27-O11,C27,4.1,150,0.0
2025-10-06,C27-O12,C27,4.1,98,0.0
2025-10-06,C27-O13,C27,4.1,89,0.0
2025-10-06,C27-O14,C27,4.1,77,0.0
2025-10-06,C27-O15,C27,4.1,119,0.0
2025-10-06,C27-O16,C27,4.1,129,0.0
2025-10-06,C27-O17,C27,4.1,130,0.0
2025-10-06,C27-O18,C27,4.1,123,0.0
2025-10-06,C27-O19,C27,4.1,128,0.0
2025-10-06,C27-O20,C27,4.1,79,0.0
2025-10-06,C27-O21,C27,4.1,152,0.0
2025-10-06,C27-O22,C27,4.1,100,0.0
2025-10-06,C28-O01,C28,4.1,302,0.0
2025-10-06,C28-O02,C28,4.1,325,0.0
2025-10-06,C28-O03,C28,4.1,385,0.0
2025-10-06,C28-O04,C28,4.1,392,0.0
2025-10-06,C28-O05,C28,4.1,382,0.0
2025-10-06,C28-O06,C28,4.1,336,134.0
2025-10-06,C28-O07,C28,4.1,267,0.0
2025-10-06,C28-O08,C28,4.1,346,0.0
2025-10-06,C28-O09,C28,4.1,264,0.0
2025-10-06,C28-O10,C28,4.1,313,0.0
2025-10-06,C28-O11,C28,4.1,349,139.0
2025-10-06,C28-O12,C28,4.1,327,0.0
2025-10-06,C29-O01,C29,4.1,98,0.0
2025-10-06,C29-O02,C29,4.1,145,0.0
2025-10-06,C29-O03,C29,4.1,122,0.0
2025-10-06,C29-O04,C29,4.1,125,0.0
2025-10-06,C29-O05,C29,4.1,145,0.0
2025-10-06,C29-O06,C29,4.1,182,0.0
2025-10-06,C29-O07,C29,4.1,113,0.0
2025-10-06,C29-O08,C29,4.1,183,0.0
2025-10-06,C29-O09,C29,4.1,187,0.0
2025-10-06,C29-O10,C29,4.1,147,0.0
2025-10-06,C29-O11,C29,4.1,121,0.0
2025-10-06,C29-O12,C29,4.1,130,0.0
2025-10-06,C30-O01,C30,4.1,254,0.0
2025-10-06,C30-O02,C30,4.1,171,0.0
2025-10-06,C30-O03,C30,4.1,212,0.0
2025-10-06,C30-O04,C30,4.1,226,0.0
2025-10-06,C30-O05,C30,4.1,239,0.0
2025-10-06,C30-O06,C30,4.1,167,0.0
2025-10-06,C30-O07,C30,4.1,204,0.0
2025-10-06,C30-O08,C30,4.1,273,0.0
2025-10-06,C30-O09,C30,4.1,245,0.0
2025-10-06,C30-O10,C30,4.1,306,0.0
2025-10-06,C30-O11,C30,4.1,277,0.0
2025-10-06,C30-O12,C30,4.1,252,0.0
2025-10-06,C30-O13,C30,4.1,202,0.0
2025-10-06,C30-O14,C30,4.1,278,0.0
2025-10-06,C30-O15,C30,4.1,164,0.0
2025-10-06,C30-O16,C30,4.1,338,0.0
2025-10-06,C30-O17,C30,4.1,283,0.0
2025-10-06,C31-O01,C31,4.1,77,0.0
2025-10-06,C31-O02,C31,4.1,81,0.0
2025-10-06,C31-O03,C31,4.1,86,0.0
2025-10-06,C31-O04,C31,4.1,70,0.0
2025-10-06,C31-O05,C31,4.1,54,0.0
2025-10-06,C31-O06,C31,4.1,76,0.0
2025-10-06,C31-O07,C31,4.1,55,0.0
2025-10-06,C31-O08,C31,4.1,91,0.0
2025-10-06,C31-O09,C31,4.1,76,0.0
2025-10-06,C31-O10,C31,4.1,85,0.0
2025-10-06,C31-O11,C31,4.1,87,0.0
2025-10-06,C31-O12,C31,4.1,74,0.0
2025-10-06,C31-O13,C31,4.1,82,0.0
2025-10-06,C32-O01,C32,4.1,309,0.0
2025-10-06,C32-O02,C32,4.1,214,0.0
2025-10-06,C32-O03,C32,4.1,294,0.0
2025-10-06,C32-O04,C32,4.1,345,0.0
2025-10-06,C32-O05,C32,4.1,292,0.0
2025-10-06,C32-O06,C32,4.1,348,0.0
2025-10-06,C32-O07,C32,4.1,348,0.0
2025-10-06,C32-O08,C32,4.1,300,0.0
2025-10-06,C32-O09,C32,4.1,276,0.0
2025-10-06,C32-O10,C32,4.1,286,0.0
2025-10-06,C32-O11,C32,4.1,365,0.0
2025-10-06,C32-O12,C32,4.1,233,0.0
2025-10-06,C32-O13,C32,4.1,329,0.0
2025-10-06,C32-O14,C32,4.1,223,0.0
2025-10-06,C33-O01,C33,4.1,207,0.0
2025-10-06,C33-O02,C33,4.1,207,0.0
2025-10-06,C33-O03,C33,4.1,210,0.0
2025-10-06,C33-O04,C33,4.1,281,0.0
2025-10-06,C34-O01,C34,4.1,241,0.0
2025-10-06,C34-O02,C34,4.1,410,0.0
2025-10-06,C34-O03,C34,4.1,327,0.0
2025-10-06,C34-O04,C34,4.1,294,0.0
2025-10-06,C34-O05,C34,4.1,378,0.0
2025-10-06,C34-O06,C34,4.1,217,0.0
2025-10-06,C34-O07,C34,4.1,276,0.0
2025-10-06,C34-O08,C34,4.1,331,0.0
2025-10-06,C34-O09,C34,4.1,324,0.0
2025-10-06,C34-O10,C34,4.1,245,0.0
2025-10-06,C34-O11,C34,4.1,384,153.0
2025-10-06,C34-O12,C34,4.1,233,0.0
2025-10-06,C35-O01,C35,4.1,273,0.0
2025-10-06,C35-O02,C35,4.1,297,0.0
2025-10-06,C35-O03,C35,4.1,247,99.0
2025-10-06,C35-O04,C35,4.1,283,0.0
2025-10-06,C35-O05,C35,4.1,258,0.0
2025-10-06,C35-O06,C35,4.1,263,0.0
2025-10-06,C35-O07,C35,4.1,378,0.0
2025-10-06,C35-O08,C35,4.1,333,0.0
2025-10-06,C35-O09,C35,4.1,265,0.0
2025-10-06,C35-O10,C35,4.1,335,0.0
2025-10-06,C35-O11,C35,4.1,338,135.0
2025-10-06,C35-O12,C35,4.1,304,0.0
2025-10-06,C35-O13,C35,4.1,342,0.0
2025-10-06,C35-O14,C35,4.1,295,0.0
2025-10-06,C35-O15,C35,4.1,301,0.0
2025-10-06,C35-O16,C35,4.1,274,0.0
2025-10-06,C35-O17,C35,4.1,323,0.0
2025-10-06,C35-O18,C35,4.1,294,0.0
2025-10-06,C35-O19,C35,4.1,247,0.0
2025-10-06,C35-O20,C35,4.1,294,0.0
2025-10-06,C35-O21,C35,4.1,393,0.0
2025-10-06,C35-O22,C35,4.1,397,0.0
2025-10-06,C36-O01,C36,4.1,274,0.0
2025-10-06,C36-O02,C36,4.1,278,0.0
2025-10-06,C36-O03,C36,4.1,205,0.0
2025-10-06,C36-O04,C36,4.1,231,0.0
2025-10-06,C36-O05,C36,4.1,248,0.0
2025-10-06,C36-O06,C36,4.1,202,0.0
2025-10-06,C36-O07,C36,4.1,258,0.0
2025-10-06,C36-O08,C36,4.1,274,0.0
2025-10-06,C36-O09,C36,4.1,185,0.0
2025-10-06,C36-O10,C36,4.1,317,0.0
2025-10-06,C36-O11,C36,4.1,273,0.0
2025-10-06,C37-O01,C37,4.1,316,0.0
2025-10-06,C37-O02,C37,4.1,232,0.0
2025-10-06,C37-O03,C37,4.1,282,0.0
2025-10-06,C37-O04,C37,4.1,275,0.0
2025-10-06,C37-O05,C37,4.1,357,0.0
2025-10-06,C37-O06,C37,4.1,365,0.0
2025-10-06,C37-O07,C37,4.1,247,0.0
2025-10-06,C37-O08,C37,4.1,321,0.0
2025-10-06,C37-O09,C37,4.1,206,0.0
2025-10-06,C37-O10,C37,4.1,260,104.0
2025-10-06,C37-O11,C37,4.1,285,0.0
2025-10-06,C37-O12,C37,4.1,345,0.0
2025-10-06,C38-O01,C38,4.1,327,0.0
2025-10-06,C38-O02,C38,4.1,235,0.0
2025-10-06,C38-O03,C38,4.1,331,0.0
2025-10-06,C38-O04,C38,4.1,229,0.0
2025-10-06,C38-O05,C38,4.1,281,0.0
2025-10-06,C38-O06,C38,4.1,305,0.0
2025-10-06,C38-O07,C38,4.1,290,0.0
2025-10-06,C38-O08,C38,4.1,263,0.0
2025-10-06,C38-O09,C38,4.1,274,0.0
2025-10-06,C38-O10,C38,4.1,396,0.0
2025-10-06,C38-O11,C38,4.1,283,0.0
2025-10-06,C38-O12,C38,4.1,245,0.0
2025-10-06,C38-O13,C38,4.1,333,0.0
2025-10-06,C38-O14,C38,4.1,220,0.0
2025-10-06,C38-O15,C38,4.1,295,0.0
2025-10-06,C38-O16,C38,4.1,254,0.0
2025-10-06,C38-O17,C38,4.1,324,0.0
2025-10-06,C38-O18,C38,4.1,358,0.0
2025-10-06,C38-O19,C38,4.1,226,0.0
2025-10-06,C38-O20,C38,4.1,326,0.0
2025-10-06,C38-O21,C38,4.1,300,0.0
2025-10-06,C39-O01,C39,4.1,167,0.0
2025-10-06,C39-O02,C39,4.1,188,75.0
2025-10-06,C39-O03,C39,4.1,244,0.0
2025-10-06,C39-O04,C39,4.1,307,0.0
2025-10-06,C39-O05,C39,4.1,232,93.0
2025-10-06,C39-O06,C39,4.1,179,0.0
2025-10-06,C39-O07,C39,4.1,224,0.0
2025-10-06,C39-O08,C39,4.1,186,0.0
2025-10-06,C39-O09,C39,4.1,226,0.0
2025-10-06,C39-O10,C39,4.1,225,0.0
2025-10-06,C39-O11,C39,4.1,287,0.0
2025-10-06,C39-O12,C39,4.1,287,0.0
2025-10-06,C39-O13,C39,4.1,231,0.0
2025-10-06,C39-O14,C39,4.1,175,0.0
2025-10-06,C39-O15,C39,4.1,313,0.0
2025-10-06,C39-O16,C39,4.1,166,0.0
2025-10-06,C39-O17,C39,4.1,176,0.0
2025-10-06,C39-O18,C39,4.1,211,0.0
2025-10-06,C39-O19,C39,4.1,279,0.0
2025-10-06,C40-O01,C40,4.1,366,0.0
2025-10-06,C40-O02,C40,4.1,381,0.0
2025-10-06,C40-O03,C40,4.1,320,0.0
2025-10-06,C40-O04,C40,4.1,246,0.0
2025-10-06,C40-O05,C40,4.1,342,0.0
2025-10-06,C40-O06,C40,4.1,389,0.0
2025-10-06,C40-O07,C40,4.1,275,0.0
2025-10-06,C40-O08,C40,4.1,300,0.0
2025-10-06,C40-O09,C40,4.1,414,0.0
2025-10-06,C40-O10,C40,4.1,358,0.0
2025-10-07,C01-O01,C01,4.1,156,0.0
2025-10-07,C01-O02,C01,4.1,180,0.0
2025-10-07,C01-O03,C01,4.1,270,0.0
2025-10-07,C01-O04,C01,4.1,167,0.0
2025-10-07,C01-O05,C01,4.1,286,0.0
2025-10-07,C01-O06,C01,4.1,314,0.0
2025-10-07,C01-O07,C01,4.1,171,0.0
2025-10-07,C01-O08,C01,4.1,262,0.0
2025-10-07,C01-O09,C01,4.1,224,0.0
2025-10-07,C01-O10,C01,4.1,235,0.0
2025-10-07,C01-O11,C01,4.1,161,0.0
2025-10-07,C01-O12,C01,4.1,195,0.0
2025-10-07,C01-O13,C01,4.1,223,0.0
2025-10-07,C01-O14,C01,4.1,238,0.0
2025-10-07,C01-O15,C01,4.1,307,0.0
2025-10-07,C01-O16,C01,4.1,194,0.0
2025-10-07,C01-O17,C01,4.1,241,0.0
2025-10-07,C01-O18,C01,4.1,312,0.0
2025-10-07,C01-O19,C01,4.1,324,0.0
2025-10-07,C01-O20,C01,4.1,165,0.0
2025-10-07,C01-O21,C01,4.1,236,0.0
2025-10-07,C01-O22,C01,4.1,173,0.0
2025-10-07,C01-O23,C01,4.1,200,0.0
2025-10-07,C01-O24,C01,4.1,278,0.0
2025-10-07,C01-O25,C01,4.1,287,0.0
2025-10-07,C01-O26,C01,4.1,195,0.0
2025-10-07,C01-O27,C01,4.1,257,0.0
2025-10-07,C01-O28,C01,4.1,182,0.0
2025-10-07,C01-O29,C01,4.1,275,0.0
2025-10-07,C01-O30,C01,4.1,220,88.0
2025-10-07,C01-O31,C01,4.1,234,0.0
2025-10-07,C01-O32,C01,4.1,225,0.0
2025-10-07,C01-O33,C01,4.1,244,0.0
2025-10-07,C01-O34,C01,4.1,221,0.0
2025-10-07,C01-O35,C01,4.1,183,0.0
2025-10-07,C01-O36,C01,4.1,202,0.0
2025-10-07,C01-O37,C01,4.1,276,0.0
2025-10-07,C01-O38,C01,4.1,200,0.0
2025-10-07,C01-O39,C01,4.1,259,0.0
2025-10-07,C01-O40,C01,4.1,330,0.0
2025-10-07,C01-O41,C01,4.1,196,0.0
2025-10-07,C01-O42,C01,4.1,336,0.0
2025-10-07,C02-O01,C02,4.1,79,0.0
2025-10-07,C02-O02,C02,4.1,73,0.0
2025-10-07,C02-O03,C02,4.1,60,0.0
2025-10-07,C02-O04,C02,4.1,50,0.0
2025-10-07,C02-O05,C02,4.1,61,0.0
2025-10-07,C02-O06,C02,4.1,80,0.0
2025-10-07,C02-O07,C02,4.1,84,0.0
2025-10-07,C02-O08,C02,4.1,70,0.0
2025-10-07,C02-O09,C02,4.1,63,0.0
2025-10-07,C02-O10,C02,4.1,90,0.0
2025-10-07,C02-O11,C02,4.1,63,0.0
2025-10-07,C02-O12,C02,4.1,79,0.0
2025-10-07,C02-O13,C02,4.1,52,0.0
2025-10-07,C02-O14,C02,4.1,60,0.0
2025-10-07,C02-O15,C02,4.1,87,0.0
2025-10-07,C02-O16,C02,4.1,49,0.0
2025-10-07,C02-O17,C02,4.1,66,0.0
2025-10-07,C02-O18,C02,4.1,73,0.0
2025-10-07,C02-O19,C02,4.1,63,0.0
2025-10-07,C02-O20,C02,4.1,86,0.0
2025-10-07,C02-O21,C02,4.1,82,0.0
2025-10-07,C02-O22,C02,4.1,74,0.0
2025-10-07,C02-O23,C02,4.1,55,0.0
2025-10-07,C02-O24,C02,4.1,72,0.0
2025-10-07,C02-O25,C02,4.1,65,0.0
2025-10-07,C03-O01,C03,4.1,111,44.0
2025-10-07,C03-O02,C03,4.1,88,35.0
2025-10-07,C03-O03,C03,4.1,105,42.0
2025-10-07,C03-O04,C03,4.1,127,51.0
2025-10-07,C03-O05,C03,4.1,126,50.0
2025-10-07,C03-O06,C03,4.1,108,43.0
2025-10-07,C03-O07,C03,4.1,102,0.0
2025-10-07,C03-O08,C03,4.1,112,0.0
2025-10-07,C03-O09,C03,4.1,133,0.0
2025-10-07,C03-O10,C03,4.1,128,0.0
2025-10-07,C03-O11,C03,4.1,85,0.0
2025-10-07,C03-O12,C03,4.1,86,0.0
2025-10-07,C03-O13,C03,4.1,150,0.0
2025-10-07,C03-O14,C03,4.1,102,0.0
2025-10-07,C03-O15,C03,4.1,131,0.0
2025-10-07,C03-O16,C03,4.1,144,0.0
2025-10-07,C03-O17,C03,4.1,86,0.0
2025-10-07,C03-O18,C03,4.1,86,0.0
2025-10-07,C04-O01,C04,4.1,75,0.0
2025-10-07,C04-O02,C04,4.1,73,0.0
2025-10-07,C04-O03,C04,4.1,82,0.0
2025-10-07,C04-O04,C04,4.1,45,0.0
2025-10-07,C04-O05,C04,4.1,53,0.0
2025-10-07,C04-O06,C04,4.1,57,0.0
2025-10-07,C04-O07,C04,4.1,53,0.0
2025-10-07,C04-O08,C04,4.1,60,0.0
2025-10-07,C05-O01,C05,4.1,209,83.0
2025-10-07,C05-O02,C05,4.1,214,85.0
2025-10-07,C05-O03,C05,4.1,239,95.0
2025-10-07,C05-O04,C05,4.1,234,93.0
2025-10-07,C05-O05,C05,4.1,226,90.0
2025-10-07,C05-O06,C05,4.1,224,0.0
2025-10-07,C05-O07,C05,4.1,257,0.0
2025-10-07,C05-O08,C05,4.1,348,0.0
2025-10-07,C05-O09,C05,4.1,306,0.0
2025-10-07,C05-O10,C05,4.1,239,0.0
2025-10-07,C05-O11,C05,4.1,314,0.0
2025-10-07,C05-O12,C05,4.1,309,0.0
2025-10-07,C05-O13,C05,4.1,226,0.0
2025-10-07,C05-O14,C05,4.1,270,0.0
2025-10-07,C05-O15,C05,4.1,227,0.0
2025-10-07,C05-O16,C05,4.1,318,0.0
2025-10-07,C05-O17,C05,4.1,239,0.0
2025-10-07,C05-O18,C05,4.1,351,0.0
2025-10-07,C05-O19,C05,4.1,418,0.0
2025-10-07,C05-O20,C05,4.1,235,0.0
2025-10-07,C05-O21,C05,4.1,344,0.0
2025-10-07,C05-O22,C05,4.1,245,0.0
2025-10-07,C05-O23,C05,4.1,326,0.0
2025-10-07,C05-O24,C05,4.1,383,0.0
2025-10-07,C06-O01,C06,4.1,181,0.0
2025-10-07,C06-O02,C06,4.1,249,0.0
2025-10-07,C06-O03,C06,4.1,308,0.0
2025-10-07,C06-O04,C06,4.1,287,0.0
2025-10-07,C06-O05,C06,4.1,331,0.0
2025-10-07,C06-O06,C06,4.1,320,0.0
2025-10-07,C06-O07,C06,4.1,283,0.0
2025-10-07,C06-O08,C06,4.1,245,0.0
2025-10-07,C06-O09,C06,4.1,202,0.0
2025-10-07,C06-O10,C06,4.1,327,0.0
2025-10-07,C06-O11,C06,4.1,241,0.0
2025-10-07,C06-O12,C06,4.1,297,0.0
2025-10-07,C06-O13,C06,4.1,263,0.0
2025-10-07,C06-O14,C06,4.1,303,0.0
2025-10-07,C06-O15,C06,4.1,185,0.0
2025-10-07,C06-O16,C06,4.1,237,0.0
2025-10-07,C06-O17,C06,4.1,201,0.0
2025-10-07,C06-O18,C06,4.1,272,0.0
2025-10-07,C06-O19,C06,4.1,284,0.0
2025-10-07,C06-O20,C06,4.1,244,0.0
2025-10-07,C06-O21,C06,4.1,177,0.0
2025-10-07,C06-O22,C06,4.1,348,0.0
2025-10-07,C06-O23,C06,4.1,228,0.0
2025-10-07,C06-O24,C06,4.1,238,0.0
2025-10-07,C06-O25,C06,4.1,255,0.0
2025-10-07,C06-O26,C06,4.1,278,0.0
2025-10-07,C06-O27,C06,4.1,225,0.0
2025-10-07,C06-O28,C06,4.1,284,0.0
2025-10-07,C06-O29,C06,4.1,306,0.0
2025-10-07,C06-O30,C06,4.1,298,119.0
2025-10-07,C07-O01,C07,4.1,171,0.0
2025-10-07,C07-O02,C07,4.1,233,0.0
2025-10-07,C07-O03,C07,4.1,167,0.0
2025-10-07,C07-O04,C07,4.1,245,0.0
2025-10-07,C07-O05,C07,4.1,182,0.0
2025-10-07,C07-O06,C07,4.1,296,0.0
2025-10-07,C07-O07,C07,4.1,206,0.0
2025-10-07,C07-O08,C07,4.1,207,0.0
2025-10-07,C07-O09,C07,4.1,247,0.0
2025-10-07,C07-O10,C07,4.1,223,0.0
2025-10-07,C07-O11,C07,4.1,285,0.0
2025-10-07,C07-O12,C07,4.1,224,0.0
2025-10-07,C07-O13,C07,4.1,272,0.0
2025-10-07,C07-O14,C07,4.1,194,0.0
2025-10-07,C07-O15,C07,4.1,297,0.0
2025-10-07,C07-O16,C07,4.1,187,0.0
2025-10-07,C07-O17,C07,4.1,241,0.0
2025-10-07,C07-O18,C07,4.1,183,0.0
2025-10-07,C07-O19,C07,4.1,208,0.0
2025-10-07,C07-O20,C07,4.1,262,0.0
2025-10-07,C07-O21,C07,4.1,202,0.0
2025-10-07,C08-O01,C08,4.1,241,0.0
2025-10-07,C08-O02,C08,4.1,237,0.0
2025-10-07,C08-O03,C08,4.1,237,0.0
2025-10-07,C08-O04,C08,4.1,306,0.0
2025-10-07,C08-O05,C08,4.1,242,0.0
2025-10-07,C08-O06,C08,4.1,312,0.0
2025-10-07,C08-O07,C08,4.1,299,0.0
2025-10-07,C08-O08,C08,4.1,324,0.0
2025-10-07,C08-O09,C08,4.1,245,0.0
2025-10-07,C08-O10,C08,4.1,299,0.0
2025-10-07,C08-O11,C08,4.1,252,0.0
2025-10-07,C08-O12,C08,4.1,248,0.0
2025-10-07,C08-O13,C08,4.1,292,0.0
2025-10-07,C08-O14,C08,4.1,222,0.0
2025-10-07,C09-O01,C09,4.1,126,0.0
2025-10-07,C09-O02,C09,4.1,115,0.0
2025-10-07,C09-O03,C09,4.1,83,0.0
2025-10-07,C09-O04,C09,4.1,73,0.0
2025-10-07,C09-O05,C09,4.1,135,0.0
2025-10-07,C09-O06,C09,4.1,87,0.0
2025-10-07,C09-O07,C09,4.1,73,0.0
2025-10-07,C09-O08,C09,4.1,139,0.0
2025-10-07,C09-O09,C09,4.1,77,0.0
2025-10-07,C09-O10,C09,4.1,113,0.0
2025-10-07,C09-O11,C09,4.1,101,0.0
2025-10-07,C09-O12,C09,4.1,73,0.0
2025-10-07,C09-O13,C09,4.1,80,0.0
2025-10-07,C09-O14,C09,4.1,122,0.0
2025-10-07,C09-O15,C09,4.1,105,0.0
2025-10-07,C10-O01,C10,4.1,192,0.0
2025-10-07,C10-O02,C10,4.1,244,97.0
2025-10-07,C10-O03,C10,4.1,274,109.0
2025-10-07,C10-O04,C10,4.1,304,0.0
2025-10-07,C10-O05,C10,4.1,166,0.0
2025-10-07,C10-O06,C10,4.1,206,0.0
2025-10-07,C10-O07,C10,4.1,267,0.0
2025-10-07,C10-O08,C10,4.1,285,0.0
2025-10-07,C10-O09,C10,4.1,199,0.0
2025-10-07,C10-O10,C10,4.1,197,0.0
2025-10-07,C10-O11,C10,4.1,203,0.0
2025-10-07,C10-O12,C10,4.1,257,0.0
2025-10-07,C10-O13,C10,4.1,166,0.0
2025-10-07,C10-O14,C10,4.1,192,0.0
2025-10-07,C10-O15,C10,4.1,274,0.0
2025-10-07,C10-O16,C10,4.1,249,0.0
2025-10-07,C10-O17,C10,4.1,181,0.0
2025-10-07,C10-O18,C10,4.1,260,0.0
2025-10-07,C10-O19,C10,4.1,217,0.0
2025-10-07,C10-O20,C10,4.1,256,0.0
2025-10-07,C10-O21,C10,4.1,198,0.0
2025-10-07,C11-O01,C11,4.1,337,0.0
2025-10-07,C11-O02,C11,4.1,386,0.0
2025-10-07,C11-O03,C11,4.1,307,0.0
2025-10-07,C11-O04,C11,4.1,250,0.0
2025-10-07,C11-O05,C11,4.1,344,0.0
2025-10-07,C11-O06,C11,4.1,249,0.0
2025-10-07,C11-O07,C11,4.1,368,0.0
2025-10-07,C11-O08,C11,4.1,337,0.0
2025-10-07,C11-O09,C11,4.1,303,0.0
2025-10-07,C11-O10,C11,4.1,402,0.0
2025-10-07,C11-O11,C11,4.1,248,0.0
2025-10-07,C11-O12,C11,4.1,354,0.0
2025-10-07,C11-O13,C11,4.1,336,0.0
2025-10-07,C11-O14,C11,4.1,275,0.0
2025-10-07,C11-O15,C11,4.1,325,0.0
2025-10-07,C11-O16,C11,4.1,348,0.0
2025-10-07,C11-O17,C11,4.1,327,0.0
2025-10-07,C11-O18,C11,4.1,252,0.0
2025-10-07,C11-O19,C11,4.1,280,0.0
2025-10-07,C11-O20,C11,4.1,379,0.0
2025-10-07,C11-O21,C11,4.1,363,0.0
2025-10-07,C11-O22,C11,4.1,344,0.0
2025-10-07,C12-O01,C12,4.1,195,0.0
2025-10-07,C12-O02,C12,4.1,185,0.0
2025-10-07,C12-O03,C12,4.1,97,0.0
2025-10-07,C12-O04,C12,4.1,174,0.0
2025-10-07,C12-O05,C12,4.1,156,0.0
2025-10-07,C12-O06,C12,4.1,142,0.0
2025-10-07,C12-O07,C12,4.1,128,0.0
2025-10-07,C12-O08,C12,4.1,123,49.0
2025-10-07,C12-O09,C12,4.1,167,0.0
2025-10-07,C12-O10,C12,4.1,151,0.0
2025-10-07,C12-O11,C12,4.1,116,0.0
2025-10-07,C12-O12,C12,4.1,115,0.0
2025-10-07,C12-O13,C12,4.1,174,0.0
2025-10-07,C12-O14,C12,4.1,165,0.0
2025-10-07,C12-O15,C12,4.1,189,0.0
2025-10-07,C12-O16,C12,4.1,122,0.0
2025-10-07,C12-O17,C12,4.1,124,0.0
2025-10-07,C12-O18,C12,4.1,172,0.0
2025-10-07,C12-O19,C12,4.1,140,0.0
2025-10-07,C12-O20,C12,4.1,147,0.0
2025-10-07,C12-O21,C12,4.1,133,0.0
2025-10-07,C12-O22,C12,4.1,108,0.0
2025-10-07,C12-O23,C12,4.1,189,0.0
2025-10-07,C12-O24,C12,4.1,201,0.0
2025-10-07,C13-O01,C13,4.1,187,0.0
2025-10-07,C13-O02,C13,4.1,296,0.0
2025-10-07,C13-O03,C13,4.1,205,0.0
2025-10-07,C13-O04,C13,4.1,248,0.0
2025-10-07,C13-O05,C13,4.1,257,0.0
2025-10-07,C13-O06,C13,4.1,218,0.0
2025-10-07,C13-O07,C13,4.1,201,0.0
2025-10-07,C13-O08,C13,4.1,255,0.0
2025-10-07,C13-O09,C13,4.1,305,0.0
2025-10-07,C13-O10,C13,4.1,261,0.0
2025-10-07,C13-O11,C13,4.1,228,0.0
2025-10-07,C13-O12,C13,4.1,333,0.0
2025-10-07,C13-O13,C13,4.1,250,0.0
2025-10-07,C13-O14,C13,4.1,203,0.0
2025-10-07,C13-O15,C13,4.1,271,0.0
2025-10-07,C13-O16,C13,4.1,257,0.0
2025-10-07,C13-O17,C13,4.1,236,0.0
2025-10-07,C14-O01,C14,4.1,366,0.0
2025-10-07,C14-O02,C14,4.1,271,0.0
2025-10-07,C14-O03,C14,4.1,339,0.0
2025-10-07,C14-O04,C14,4.1,257,0.0
2025-10-07,C14-O05,C14,4.1,300,0.0
2025-10-07,C14-O06,C14,4.1,348,0.0
2025-10-07,C14-O07,C14,4.1,311,0.0
2025-10-07,C14-O08,C14,4.1,226,0.0
2025-10-07,C15-O01,C15,4.1,190,0.0
2025-10-07,C15-O02,C15,4.1,314,0.0
2025-10-07,C15-O03,C15,4.1,289,0.0
2025-10-07,C15-O04,C15,4.1,242,0.0
2025-10-07,C15-O05,C15,4.1,245,0.0
2025-10-07,C15-O06,C15,4.1,198,0.0
2025-10-07,C15-O07,C15,4.1,216,0.0
2025-10-07,C15-O08,C15,4.1,247,0.0
2025-10-07,C15-O09,C15,4.1,244,0.0
2025-10-07,C15-O10,C15,4.1,176,0.0
2025-10-07,C15-O11,C15,4.1,245,0.0
2025-10-07,C15-O12,C15,4.1,245,0.0
2025-10-07,C15-O13,C15,4.1,181,72.0
2025-10-07,C15-O14,C15,4.1,258,0.0
2025-10-07,C15-O15,C15,4.1,201,0.0
2025-10-07,C15-O16,C15,4.1,282,0.0
2025-10-07,C15-O17,C15,4.1,223,0.0
2025-10-07,C15-O18,C15,4.1,184,0.0
2025-10-07,C15-O19,C15,4.1,192,0.0
2025-10-07,C15-O20,C15,4.1,258,103.0
2025-10-07,C15-O21,C15,4.1,223,0.0
2025-10-07,C15-O22,C15,4.1,234,0.0
2025-10-07,C15-O23,C15,4.1,203,0.0
2025-10-07,C16-O01,C16,4.1,64,0.0
2025-10-07,C16-O02,C16,4.1,48,0.0
2025-10-07,C16-O03,C16,4.1,86,0.0
2025-10-07,C16-O04,C16,4.1,58,0.0
2025-10-07,C16-O05,C16,4.1,55,0.0
2025-10-07,C16-O06,C16,4.1,55,0.0
2025-10-07,C16-O07,C16,4.1,55,0.0
2025-10-07,C16-O08,C16,4.1,87,0.0
2025-10-07,C17-O01,C17,4.1,85,0.0
2025-10-07,C17-O02,C17,4.1,113,0.0
2025-10-07,C17-O03,C17,4.1,138,0.0
2025-10-07,C17-O04,C17,4.1,92,0.0
2025-10-07,C17-O05,C17,4.1,101,0.0
2025-10-07,C17-O06,C17,4.1,93,0.0
2025-10-07,C17-O07,C17,4.1,108,0.0
2025-10-07,C17-O08,C17,4.1,130,0.0
2025-10-07,C17-O09,C17,4.1,95,0.0
2025-10-07,C17-O10,C17,4.1,98,0.0
2025-10-07,C18-O01,C18,4.1,404,0.0
2025-10-07,C18-O02,C18,4.1,256,0.0
2025-10-07,C18-O03,C18,4.1,210,0.0
2025-10-07,C18-O04,C18,4.1,229,0.0
2025-10-07,C18-O05,C18,4.1,270,108.0
2025-10-07,C18-O06,C18,4.1,247,0.0
2025-10-07,C18-O07,C18,4.1,329,0.0
2025-10-07,C18-O08,C18,4.1,209,0.0
2025-10-07,C19-O01,C19,4.1,300,0.0
2025-10-07,C19-O02,C19,4.1,308,0.0
2025-10-07,C19-O03,C19,4.1,223,89.0
2025-10-07,C19-O04,C19,4.1,180,0.0
2025-10-07,C19-O05,C19,4.1,182,0.0
2025-10-07,C19-O06,C19,4.1,237,0.0
2025-10-07,C19-O07,C19,4.1,339,0.0
2025-10-07,C19-O08,C19,4.1,263,0.0
2025-10-07,C20-O01,C20,4.1,304,0.0
2025-10-07,C20-O02,C20,4.1,323,0.0
2025-10-07,C20-O03,C20,4.1,271,0.0
2025-10-07,C20-O04,C20,4.1,225,0.0
2025-10-07,C20-O05,C20,4.1,308,0.0
2025-10-07,C21-O01,C21,4.1,230,0.0
2025-10-07,C21-O02,C21,4.1,307,0.0
2025-10-07,C21-O03,C21,4.1,169,0.0
2025-10-07,C21-O04,C21,4.1,282,0.0
2025-10-07,C21-O05,C21,4.1,292,0.0
2025-10-07,C21-O06,C21,4.1,221,0.0
2025-10-07,C21-O07,C21,4.1,251,0.0
2025-10-07,C21-O08,C21,4.1,245,0.0
2025-10-07,C21-O09,C21,4.1,262,0.0
2025-10-07,C22-O01,C22,4.1,294,0.0
2025-10-07,C22-O02,C22,4.1,352,0.0
2025-10-07,C22-O03,C22,4.1,233,0.0
2025-10-07,C22-O04,C22,4.1,392,0.0
2025-10-07,C22-O05,C22,4.1,218,0.0
2025-10-07,C22-O06,C22,4.1,268,0.0
2025-10-07,C22-O07,C22,4.1,206,0.0
2025-10-07,C22-O08,C22,4.1,275,0.0
2025-10-07,C22-O09,C22,4.1,358,0.0
2025-10-07,C22-O10,C22,4.1,344,0.0
2025-10-07,C22-O11,C22,4.1,360,0.0
2025-10-07,C22-O12,C22,4.1,326,0.0
2025-10-07,C22-O13,C22,4.1,291,0.0
2025-10-07,C22-O14,C22,4.1,331,0.0
2025-10-07,C22-O15,C22,4.1,218,0.0
2025-10-07,C22-O16,C22,4.1,324,0.0
2025-10-07,C22-O17,C22,4.1,265,0.0
2025-10-07,C22-O18,C22,4.1,248,0.0
2025-10-07,C23-O01,C23,4.1,281,0.0
2025-10-07,C23-O02,C23,4.1,241,96.0
2025-10-07,C23-O03,C23,4.1,184,0.0
2025-10-07,C23-O04,C23,4.1,188,0.0
2025-10-07,C23-O05,C23,4.1,256,0.0
2025-10-07,C23-O06,C23,4.1,180,0.0
2025-10-07,C24-O01,C24,4.1,339,0.0
2025-10-07,C24-O02,C24,4.1,233,0.0
2025-10-07,C24-O03,C24,4.1,252,0.0
2025-10-07,C24-O04,C24,4.1,377,0.0
2025-10-07,C24-O05,C24,4.1,340,0.0
2025-10-07,C24-O06,C24,4.1,298,0.0
2025-10-07,C24-O07,C24,4.1,222,0.0
2025-10-07,C24-O08,C24,4.1,337,0.0
2025-10-07,C24-O09,C24,4.1,292,0.0
2025-10-07,C24-O10,C24,4.1,334,0.0
2025-10-07,C25-O01,C25,4.1,247,0.0
2025-10-07,C25-O02,C25,4.1,233,0.0
2025-10-07,C25-O03,C25,4.1,308,0.0
2025-10-07,C25-O04,C25,4.1,260,0.0
2025-10-07,C25-O05,C25,4.1,282,0.0
2025-10-07,C25-O06,C25,4.1,286,0.0
2025-10-07,C25-O07,C25,4.1,363,0.0
2025-10-07,C25-O08,C25,4.1,250,0.0
2025-10-07,C25-O09,C25,4.1,253,0.0
2025-10-07,C25-O10,C25,4.1,350,140.0
2025-10-07,C25-O11,C25,4.1,269,0.0
2025-10-07,C25-O12,C25,4.1,369,0.0
2025-10-07,C25-O13,C25,4.1,322,0.0
2025-10-07,C25-O14,C25,4.1,338,0.0
2025-10-07,C25-O15,C25,4.1,256,0.0
2025-10-07,C26-O01,C26,4.1,256,0.0
2025-10-07,C26-O02,C26,4.1,180,0.0
2025-10-07,C26-O03,C26,4.1,182,0.0
2025-10-07,C26-O04,C26,4.1,181,0.0
2025-10-07,C26-O05,C26,4.1,217,0.0
2025-10-07,C26-O06,C26,4.1,270,0.0
2025-10-07,C26-O07,C26,4.1,236,0.0
2025-10-07,C26-O08,C26,4.1,167,0.0
2025-10-07,C26-O09,C26,4.1,326,0.0
2025-10-07,C26-O10,C26,4.1,209,0.0
2025-10-07,C27-O01,C27,4.1,114,0.0
2025-10-07,C27-O02,C27,4.1,95,0.0
2025-10-07,C27-O03,C27,4.1,97,0.0
2025-10-07,C27-O04,C27,4.1,115,0.0
2025-10-07,C27-O05,C27,4.1,134,0.0
2025-10-07,C27-O06,C27,4.1,76,0.0
2025-10-07,C27-O07,C27,4.1,130,0.0
2025-10-07,C27-O08,C27,4.1,116,0.0
2025-10-07,C27-O09,C27,4.1,78,0.0
2025-10-07,C27-O10,C27,4.1,104,0.0
2025-10-07,C27-O11,C27,4.1,132,0.0
2025-10-07,C27-O12,C27,4.1,95,0.0
2025-10-07,C27-O13,C27,4.1,91,0.0
2025-10-07,C27-O14,C27,4.1,80,0.0
2025-10-07,C27-O15,C27,4.1,125,0.0
2025-10-07,C27-O16,C27,4.1,146,0.0
2025-10-07,C27-O17,C27,4.1,125,0.0
2025-10-07,C27-O18,C27,4.1,142,0.0
2025-10-07,C27-O19,C27,4.1,132,0.0
2025-10-07,C27-O20,C27,4.1,79,0.0
2025-10-07,C27-O21,C27,4.1,141,0.0
2025-10-07,C27-O22,C27,4.1,110,0.0
2025-10-07,C28-O01,C28,4.1,307,0.0
2025-10-07,C28-O02,C28,4.1,360,0.0
2025-10-07,C28-O03,C28,4.1,364,0.0
2025-10-07,C28-O04,C28,4.1,335,0.0
2025-10-07,C28-O05,C28,4.1,375,0.0
2025-10-07,C28-O06,C28,4.1,372,149.0
2025-10-07,C28-O07,C28,4.1,242,0.0
2025-10-07,C28-O08,C28,4.1,375,0.0
2025-10-07,C28-O09,C28,4.1,284,0.0
2025-10-07,C28-O10,C28,4.1,300,0.0
2025-10-07,C28-O11,C28,4.1,313,125.0
2025-10-07,C28-O12,C28,4.1,295,0.0
2025-10-07,C29-O01,C29,4.1,114,0.0
2025-10-07,C29-O02,C29,4.1,145,0.0
2025-10-07,C29-O03,C29,4.1,118,0.0
2025-10-07,C29-O04,C29,4.1,119,0.0
2025-10-07,C29-O05,C29,4.1,130,0.0
2025-10-07,C29-O06,C29,4.1,176,0.0
2025-10-07,C29-O07,C29,4.1,118,0.0
2025-10-07,C29-O08,C29,4.1,176,0.0
2025-10-07,C29-O09,C29,4.1,202,0.0
2025-10-07,C29-O10,C29,4.1,148,0.0
2025-10-07,C29-O11,C29,4.1,117,0.0
2025-10-07,C29-O12,C29,4.1,139,0.0
2025-10-07,C30-O01,C30,4.1,257,0.0
2025-10-07,C30-O02,C30,4.1,164,0.0
2025-10-07,C30-O03,C30,4.1,185,0.0
2025-10-07,C30-O04,C30,4.1,225,0.0
2025-10-07,C30-O05,C30,4.1,226,0.0
2025-10-07,C30-O06,C30,4.1,186,0.0
2025-10-07,C30-O07,C30,4.1,191,0.0
2025-10-07,C30-O08,C30,4.1,316,0.0
2025-10-07,C30-O09,C30,4.1,259,0.0
2025-10-07,C30-O10,C30,4.1,268,0.0
2025-10-07,C30-O11,C30,4.1,285,0.0
2025-10-07,C30-O12,C30,4.1,261,0.0
2025-10-07,C30-O13,C30,4.1,226,0.0
2025-10-07,C30-O14,C30,4.1,296,0.0
2025-10-07,C30-O15,C30,4.1,172,0.0
2025-10-07,C30-O16,C30,4.1,337,0.0
2025-10-07,C30-O17,C30,4.1,281,0.0
2025-10-07,C31-O01,C31,4.1,75,0.0
2025-10-07,C31-O02,C31,4.1,72,0.0
2025-10-07,C31-O03,C31,4.1,86,0.0
2025-10-07,C31-O04,C31,4.1,70,0.0
2025-10-07,C31-O05,C31,4.1,63,0.0
2025-10-07,C31-O06,C31,4.1,81,0.0
2025-10-07,C31-O07,C31,4.1,58,0.0
2025-10-07,C31-O08,C31,4.1,86,0.0
2025-10-07,C31-O09,C31,4.1,68,0.0
2025-10-07,C31-O10,C31,4.1,78,0.0
2025-10-07,C31-O11,C31,4.1,97,0.0
2025-10-07,C31-O12,C31,4.1,66,0.0
2025-10-07,C31-O13,C31,4.1,76,0.0
2025-10-07,C32-O01,C32,4.1,341,0.0
2025-10-07,C32-O02,C32,4.1,232,0.0
2025-10-07,C32-O03,C32,4.1,301,0.0
2025-10-07,C32-O04,C32,4.1,357,0.0
2025-10-07,C32-O05,C32,4.1,287,0.0
2025-10-07,C32-O06,C32,4.1,388,0.0
2025-10-07,C32-O07,C32,4.1,401,0.0
2025-10-07,C32-O08,C32,4.1,295,0.0
2025-10-07,C32-O09,C32,4.1,278,0.0
2025-10-07,C32-O10,C32,4.1,280,0.0
2025-10-07,C32-O11,C32,4.1,376,0.0
2025-10-07,C32-O12,C32,4.1,278,0.0
2025-10-07,C32-O13,C32,4.1,336,0.0
2025-10-07,C32-O14,C32,4.1,225,0.0
2025-10-07,C33-O01,C33,4.1,197,0.0
2025-10-07,C33-O02,C33,4.1,215,0.0
2025-10-07,C33-O03,C33,4.1,219,0.0
2025-10-07,C33-O04,C33,4.1,287,0.0
2025-10-07,C34-O01,C34,4.1,241,0.0
2025-10-07,C34-O02,C34,4.1,347,0.0
2025-10-07,C34-O03,C34,4.1,375,0.0
2025-10-07,C34-O04,C34,4.1,306,0.0
2025-10-07,C34-O05,C34,4.1,363,0.0
2025-10-07,C34-O06,C34,4.1,234,0.0
2025-10-07,C34-O07,C34,4.1,277,0.0
2025-10-07,C34-O08,C34,4.1,304,0.0
2025-10-07,C34-O09,C34,4.1,300,0.0
2025-10-07,C34-O10,C34,4.1,221,0.0
2025-10-07,C34-O11,C34,4.1,394,157.0
2025-10-07,C34-O12,C34,4.1,223,0.0
2025-10-07,C35-O01,C35,4.1,309,0.0
2025-10-07,C35-O02,C35,4.1,255,0.0
2025-10-07,C35-O03,C35,4.1,223,89.0
2025-10-07,C35-O04,C35,4.1,298,0.0
2025-10-07,C35-O05,C35,4.1,234,0.0
2025-10-07,C35-O06,C35,4.1,237,0.0
2025-10-07,C35-O07,C35,4.1,380,0.0
2025-10-07,C35-O08,C35,4.1,287,0.0
2025-10-07,C35-O09,C35,4.1,238,0.0
2025-10-07,C35-O10,C35,4.1,377,0.0
2025-10-07,C35-O11,C35,4.1,330,132.0
2025-10-07,C35-O12,C35,4.1,347,0.0
2025-10-07,C35-O13,C35,4.1,345,0.0
2025-10-07,C35-O14,C35,4.1,323,0.0
2025-10-07,C35-O15,C35,4.1,285,0.0
2025-10-07,C35-O16,C35,4.1,275,0.0
2025-10-07,C35-O17,C35,4.1,339,0.0
2025-10-07,C35-O18,C35,4.1,342,0.0
2025-10-07,C35-O19,C35,4.1,242,0.0
2025-10-07,C35-O20,C35,4.1,266,0.0
2025-10-07,C35-O21,C35,4.1,364,0.0
2025-10-07,C35-O22,C35,4.1,390,0.0
2025-10-07,C36-O01,C36,4.1,267,0.0
2025-10-07,C36-O02,C36,4.1,273,0.0
2025-10-07,C36-O03,C36,4.1,232,0.0
2025-10-07,C36-O04,C36,4.1,228,0.0
2025-10-07,C36-O05,C36,4.1,253,0.0
2025-10-07,C36-O06,C36,4.1,179,0.0
2025-10-07,C36-O07,C36,4.1,290,0.0
2025-10-07,C36-O08,C36,4.1,284,0.0
2025-10-07,C36-O09,C36,4.1,183,0.0
2025-10-07,C36-O10,C36,4.1,307,0.0
2025-10-07,C36-O11,C36,4.1,311,0.0
2025-10-07,C37-O01,C37,4.1,288,0.0
2025-10-07,C37-O02,C37,4.1,251,0.0
2025-10-07,C37-O03,C37,4.1,286,0.0
2025-10-07,C37-O04,C37,4.1,295,0.0
2025-10-07,C37-O05,C37,4.1,373,0.0
2025-10-07,C37-O06,C37,4.1,351,0.0
2025-10-07,C37-O07,C37,4.1,259,0.0
2025-10-07,C37-O08,C37,4.1,288,0.0
2025-10-07,C37-O09,C37,4.1,209,0.0
2025-10-07,C37-O10,C37,4.1,230,92.0
2025-10-07,C37-O11,C37,4.1,259,0.0
2025-10-07,C37-O12,C37,4.1,327,0.0
2025-10-07,C38-O01,C38,4.1,373,0.0
2025-10-07,C38-O02,C38,4.1,219,0.0
2025-10-07,C38-O03,C38,4.1,347,0.0
2025-10-07,C38-O04,C38,4.1,220,0.0
2025-10-07,C38-O05,C38,4.1,308,0.0
2025-10-07,C38-O06,C38,4.1,305,0.0
2025-10-07,C38-O07,C38,4.1,270,0.0
2025-10-07,C38-O08,C38,4.1,248,0.0
2025-10-07,C38-O09,C38,4.1,279,0.0
2025-10-07,C38-O10,C38,4.1,363,0.0
2025-10-07,C38-O11,C38,4.1,245,0.0
2025-10-07,C38-O12,C38,4.1,220,0.0
2025-10-07,C38-O13,C38,4.1,313,0.0
2025-10-07,C38-O14,C38,4.1,245,0.0
2025-10-07,C38-O15,C38,4.1,298,0.0
2025-10-07,C38-O16,C38,4.1,247,0.0
2025-10-07,C38-O17,C38,4.1,321,0.0
2025-10-07,C38-O18,C38,4.1,309,0.0
2025-10-07,C38-O19,C38,4.1,231,0.0
2025-10-07,C38-O20,C38,4.1,381,0.0
2025-10-07,C38-O21,C38,4.1,315,0.0
2025-10-07,C39-O01,C39,4.1,159,0.0
2025-10-07,C39-O02,C39,4.1,199,79.0
2025-10-07,C39-O03,C39,4.1,269,0.0
2025-10-07,C39-O04,C39,4.1,284,0.0
2025-10-07,C39-O05,C39,4.1,238,95.0
2025-10-07,C39-O06,C39,4.1,181,0.0
2025-10-07,C39-O07,C39,4.1,216,0.0
2025-10-07,C39-O08,C39,4.1,167,0.0
2025-10-07,C39-O09,C39,4.1,227,0.0
2025-10-07,C39-O10,C39,4.1,208,0.0
2025-10-07,C39-O11,C39,4.1,266,0.0
2025-10-07,C39-O12,C39,4.1,290,0.0
2025-10-07,C39-O13,C39,4.1,268,0.0
2025-10-07,C39-O14,C39,4.1,169,0.0
2025-10-07,C39-O15,C39,4.1,295,0.0
2025-10-07,C39-O16,C39,4.1,187,0.0
2025-10-07,C39-O17,C39,4.1,186,0.0
2025-10-07,C39-O18,C39,4.1,206,0.0
2025-10-07,C39-O19,C39,4.1,312,0.0
2025-10-07,C40-O01,C40,4.1,384,0.0
2025-10-07,C40-O02,C40,4.1,406,0.0
2025-10-07,C40-O03,C40,4.1,321,0.0
2025-10-07,C40-O04,C40,4.1,214,0.0
2025-10-07,C40-O05,C40,4.1,310,0.0
2025-10-07,C40-O06,C40,4.1,332,0.0
2025-10-07,C40-O07,C40,4.1,302,0.0
2025-10-07,C40-O08,C40,4.1,277,0.0
2025-10-07,C40-O09,C40,4.1,390,0.0
2025-10-07,C40-O10,C40,4.1,421,0.0
2025-10-08,C01-O01,C01,4.1,169,0.0
2025-10-08,C01-O02,C01,4.1,180,0.0
2025-10-08,C01-O03,C01,4.1,272,0.0
2025-10-08,C01-O04,C01,4.1,182,0.0
2025-10-08,C01-O05,C01,4.1,283,0.0
2025-10-08,C01-O06,C01,4.1,327,0.0
2025-10-08,C01-O07,C01,4.1,200,0.0
2025-10-08,C01-O08,C01,4.1,238,0.0
2025-10-08,C01-O09,C01,4.1,242,0.0
2025-10-08,C01-O10,C01,4.1,201,0.0
2025-10-08,C01-O11,C01,4.1,163,0.0
2025-10-08,C01-O12,C01,4.1,229,0.0
2025-10-08,C01-O13,C01,4.1,202,0.0
2025-10-08,C01-O14,C01,4.1,283,0.0
2025-10-08,C01-O15,C01,4.1,309,0.0
2025-10-08,C01-O16,C01,4.1,201,0.0
2025-10-08,C01-O17,C01,4.1,219,0.0
2025-10-08,C01-O18,C01,4.1,319,0.0
2025-10-08,C01-O19,C01,4.1,304,0.0
2025-10-08,C01-O20,C01,4.1,179,0.0
2025-10-08,C01-O21,C01,4.1,210,0.0
2025-10-08,C01-O22,C01,4.1,178,0.0
2025-10-08,C01-O23,C01,4.1,181,0.0
2025-10-08,C01-O24,C01,4.1,260,0.0
2025-10-08,C01-O25,C01,4.1,263,0.0
2025-10-08,C01-O26,C01,4.1,220,0.0
2025-10-08,C01-O27,C01,4.1,261,0.0
2025-10-08,C01-O28,C01,4.1,161,0.0
2025-10-08,C01-O29,C01,4.1,309,0.0
2025-10-08,C01-O30,C01,4.1,215,86.0
2025-10-08,C01-O31,C01,4.1,254,0.0
2025-10-08,C01-O32,C01,4.1,220,0.0
2025-10-08,C01-O33,C01,4.1,281,0.0
2025-10-08,C01-O34,C01,4.1,207,0.0
2025-10-08,C01-O35,C01,4.1,194,0.0
2025-10-08,C01-O36,C01,4.1,203,0.0
2025-10-08,C01-O37,C01,4.1,265,0.0
2025-10-08,C01-O38,C01,4.1,173,0.0
2025-10-08,C01-O39,C01,4.1,268,0.0
2025-10-08,C01-O40,C01,4.1,310,0.0
2025-10-08,C01-O41,C01,4.1,192,0.0
2025-10-08,C01-O42,C01,4.1,296,0.0
2025-10-08,C02-O01,C02,4.1,86,0.0
2025-10-08,C02-O02,C02,4.1,76,0.0
2025-10-08,C02-O03,C02,4.1,50,0.0
2025-10-08,C02-O04,C02,4.1,54,0.0
2025-10-08,C02-O05,C02,4.1,61,0.0
2025-10-08,C02-O06,C02,4.1,88,0.0
2025-10-08,C02-O07,C02,4.1,80,0.0
2025-10-08,C02-O08,C02,4.1,62,0.0
2025-10-08,C02-O09,C02,4.1,59,0.0
2025-10-08,C02-O10,C02,4.1,81,0.0
2025-10-08,C02-O11,C02,4.1,64,0.0
2025-10-08,C02-O12,C02,4.1,80,0.0
2025-10-08,C02-O13,C02,4.1,52,0.0
2025-10-08,C02-O14,C02,4.1,59,0.0
2025-10-08,C02-O15,C02,4.1,80,0.0
2025-10-08,C02-O16,C02,4.1,46,0.0
2025-10-08,C02-O17,C02,4.1,58,0.0
2025-10-08,C02-O18,C02,4.1,66,0.0
2025-10-08,C02-O19,C02,4.1,62,0.0
2025-10-08,C02-O20,C02,4.1,93,0.0
2025-10-08,C02-O21,C02,4.1,85,0.0
2025-10-08,C02-O22,C02,4.1,69,0.0
2025-10-08,C02-O23,C02,4.1,58,0.0
2025-10-08,C02-O24,C02,4.1,86,0.0
2025-10-08,C02-O25,C02,4.1,66,0.0
2025-10-08,C03-O01,C03,4.1,111,44.0
2025-10-08,C03-O02,C03,4.1,92,37.0
2025-10-08,C03-O03,C03,4.1,101,40.0
2025-10-08,C03-O04,C03,4.1,122,49.0
2025-10-08,C03-O05,C03,4.1,124,49.0
2025-10-08,C03-O06,C03,4.1,102,41.0
2025-10-08,C03-O07,C03,4.1,105,0.0
2025-10-08,C03-O08,C03,4.1,126,0.0
2025-10-08,C03-O09,C03,4.1,148,0.0
2025-10-08,C03-O10,C03,4.1,135,0.0
2025-10-08,C03-O11,C03,4.1,84,0.0
2025-10-08,C03-O12,C03,4.1,83,0.0
2025-10-08,C03-O13,C03,4.1,145,0.0
2025-10-08,C03-O14,C03,4.1,102,0.0
2025-10-08,C03-O15,C03,4.1,125,0.0
2025-10-08,C03-O16,C03,4.1,144,0.0
2025-10-08,C03-O17,C03,4.1,88,0.0
2025-10-08,C03-O18,C03,4.1,86,0.0
2025-10-08,C04-O01,C04,4.1,73,0.0
2025-10-08,C04-O02,C04,4.1,75,0.0
2025-10-08,C04-O03,C04,4.1,75,0.0
2025-10-08,C04-O04,C04,4.1,48,0.0
2025-10-08,C04-O05,C04,4.1,57,0.0
2025-10-08,C04-O06,C04,4.1,55,0.0
2025-10-08,C04-O07,C04,4.1,52,0.0
2025-10-08,C04-O08,C04,4.1,57,0.0
2025-10-08,C05-O01,C05,4.1,205,82.0
2025-10-08,C05-O02,C05,4.1,239,95.0
2025-10-08,C05-O03,C05,4.1,213,85.0
2025-10-08,C05-O04,C05,4.1,240,96.0
2025-10-08,C05-O05,C05,4.1,195,78.0
2025-10-08,C05-O06,C05,4.1,215,0.0
2025-10-08,C05-O07,C05,4.1,248,0.0
2025-10-08,C05-O08,C05,4.1,405,0.0
2025-10-08,C05-O09,C05,4.1,279,0.0
2025-10-08,C05-O10,C05,4.1,251,0.0
2025-10-08,C05-O11,C05,4.1,293,0.0
2025-10-08,C05-O12,C05,4.1,349,0.0
2025-10-08,C05-O13,C05,4.1,229,0.0
2025-10-08,C05-O14,C05,4.1,242,0.0
2025-10-08,C05-O15,C05,4.1,199,0.0
2025-10-08,C05-O16,C05,4.1,312,0.0
2025-10-08,C05-O17,C05,4.1,256,0.0
2025-10-08,C05-O18,C05,4.1,340,0.0
2025-10-08,C05-O19,C05,4.1,396,0.0
2025-10-08,C05-O20,C05,4.1,261,0.0
2025-10-08,C05-O21,C05,4.1,323,0.0
2025-10-08,C05-O22,C05,4.1,256,0.0
2025-10-08,C05-O23,C05,4.1,301,0.0
2025-10-08,C05-O24,C05,4.1,362,0.0
2025-10-08,C06-O01,C06,4.1,186,0.0
2025-10-08,C06-O02,C06,4.1,282,0.0
2025-10-08,C06-O03,C06,4.1,274,0.0
2025-10-08,C06-O04,C06,4.1,275,0.0
2025-10-08,C06-O05,C06,4.1,340,0.0
2025-10-08,C06-O06,C06,4.1,322,0.0
2025-10-08,C06-O07,C06,4.1,314,0.0
2025-10-08,C06-O08,C06,4.1,260,0.0
2025-10-08,C06-O09,C06,4.1,168,0.0
2025-10-08,C06-O10,C06,4.1,290,0.0
2025-10-08,C06-O11,C06,4.1,233,0.0
2025-10-08,C06-O12,C06,4.1,299,0.0
2025-10-08,C06-O13,C06,4.1,263,0.0
2025-10-08,C06-O14,C06,4.1,321,0.0
2025-10-08,C06-O15,C06,4.1,195,0.0
2025-10-08,C06-O16,C06,4.1,260,0.0
2025-10-08,C06-O17,C06,4.1,190,0.0
2025-10-08,C06-O18,C06,4.1,236,0.0
2025-10-08,C06-O19,C06,4.1,249,0.0
2025-10-08,C06-O20,C06,4.1,261,0.0
2025-10-08,C06-O21,C06,4.1,170,0.0
2025-10-08,C06-O22,C06,4.1,352,0.0
2025-10-08,C06-O23,C06,4.1,214,0.0
2025-10-08,C06-O24,C06,4.1,265,0.0
2025-10-08,C06-O25,C06,4.1,278,0.0
2025-10-08,C06-O26,C06,4.1,291,0.0
2025-10-08,C06-O27,C06,4.1,263,0.0
2025-10-08,C06-O28,C06,4.1,319,0.0
2025-10-08,C06-O29,C06,4.1,279,0.0
2025-10-08,C06-O30,C06,4.1,317,126.0
2025-10-08,C07-O01,C07,4.1,185,0.0
2025-10-08,C07-O02,C07,4.1,204,0.0
2025-10-08,C07-O03,C07,4.1,168,0.0
2025-10-08,C07-O04,C07,4.1,215,0.0
2025-10-08,C07-O05,C07,4.1,170,0.0
2025-10-08,C07-O06,C07,4.1,286,0.0
2025-10-08,C07-O07,C07,4.1,193,0.0
2025-10-08,C07-O08,C07,4.1,232,0.0
2025-10-08,C07-O09,C07,4.1,241,0.0
2025-10-08,C07-O10,C07,4.1,208,0.0
2025-10-08,C07-O11,C07,4.1,256,0.0
2025-10-08,C07-O12,C07,4.1,203,0.0
2025-10-08,C07-O13,C07,4.1,237,0.0
2025-10-08,C07-O14,C07,4.1,185,0.0
2025-10-08,C07-O15,C07,4.1,289,0.0
2025-10-08,C07-O16,C07,4.1,200,0.0
2025-10-08,C07-O17,C07,4.1,261,0.0
2025-10-08,C07-O18,C07,4.1,211,0.0
2025-10-08,C07-O19,C07,4.1,206,0.0
2025-10-08,C07-O20,C07,4.1,262,0.0
2025-10-08,C07-O21,C07,4.1,228,0.0
2025-10-08,C08-O01,C08,4.1,253,0.0
2025-10-08,C08-O02,C08,4.1,239,0.0
2025-10-08,C08-O03,C08,4.1,243,0.0
2025-10-08,C08-O04,C08,4.1,265,0.0
2025-10-08,C08-O05,C08,4.1,219,0.0
2025-10-08,C08-O06,C08,4.1,329,0.0
2025-10-08,C08-O07,C08,4.1,309,0.0
2025-10-08,C08-O08,C08,4.1,328,0.0
2025-10-08,C08-O09,C08,4.1,252,0.0
2025-10-08,C08-O10,C08,4.1,347,0.0
2025-10-08,C08-O11,C08,4.1,224,0.0
2025-10-08,C08-O12,C08,4.1,241,0.0
2025-10-08,C08-O13,C08,4.1,337,0.0
2025-10-08,C08-O14,C08,4.1,242,0.0
2025-10-08,C09-O01,C09,4.1,125,0.0
2025-10-08,C09-O02,C09,4.1,117,0.0
2025-10-08,C09-O03,C09,4.1,96,0.0
2025-10-08,C09-O04,C09,4.1,70,0.0
2025-10-08,C09-O05,C09,4.1,134,0.0
2025-10-08,C09-O06,C09,4.1,82,0.0
2025-10-08,C09-O07,C09,4.1,77,0.0
2025-10-08,C09-O08,C09,4.1,145,0.0
2025-10-08,C09-O09,C09,4.1,79,0.0
2025-10-08,C09-O10,C09,4.1,120,0.0
2025-10-08,C09-O11,C09,4.1,98,0.0
2025-10-08,C09-O12,C09,4.1,79,0.0
2025-10-08,C09-O13,C09,4.1,91,0.0
2025-10-08,C09-O14,C09,4.1,121,0.0
2025-10-08,C09-O15,C09,4.1,90,0.0
2025-10-08,C10-O01,C10,4.1,229,0.0
2025-10-08,C10-O02,C10,4.1,225,90.0
2025-10-08,C10-O03,C10,4.1,271,108.0
2025-10-08,C10-O04,C10,4.1,289,0.0
2025-10-08,C10-O05,C10,4.1,185,0.0
2025-10-08,C10-O06,C10,4.1,216,0.0
2025-10-08,C10-O07,C10,4.1,296,0.0
2025-10-08,C10-O08,C10,4.1,303,0.0
2025-10-08,C10-O09,C10,4.1,177,0.0
2025-10-08,C10-O10,C10,4.1,200,0.0
2025-10-08,C10-O11,C10,4.1,221,0.0
2025-10-08,C10-O12,C10,4.1,229,0.0
2025-10-08,C10-O13,C10,4.1,185,0.0
2025-10-08,C10-O14,C10,4.1,182,0.0
2025-10-08,C10-O15,C10,4.1,240,0.0
2025-10-08,C10-O16,C10,4.1,237,0.0
2025-10-08,C10-O17,C10,4.1,180,0.0
2025-10-08,C10-O18,C10,4.1,226,0.0
2025-10-08,C10-O19,C10,4.1,209,0.0
2025-10-08,C10-O20,C10,4.1,253,0.0
2025-10-08,C10-O21,C10,4.1,200,0.0
2025-10-08,C11-O01,C11,4.1,393,0.0
2025-10-08,C11-O02,C11,4.1,388,0.0
2025-10-08,C11-O03,C11,4.1,314,0.0
2025-10-08,C11-O04,C11,4.1,234,0.0
2025-10-08,C11-O05,C11,4.1,360,0.0
2025-10-08,C11-O06,C11,4.1,211,0.0
2025-10-08,C11-O07,C11,4.1,347,0.0
2025-10-08,C11-O08,C11,4.1,354,0.0
2025-10-08,C11-O09,C11,4.1,278,0.0
2025-10-08,C11-O10,C11,4.1,360,0.0
2025-10-08,C11-O11,C11,4.1,241,0.0
2025-10-08,C11-O12,C11,4.1,362,0.0
2025-10-08,C11-O13,C11,4.1,321,0.0
2025-10-08,C11-O14,C11,4.1,271,0.0
2025-10-08,C11-O15,C11,4.1,353,0.0
2025-10-08,C11-O16,C11,4.1,357,0.0
2025-10-08,C11-O17,C11,4.1,368,0.0
2025-10-08,C11-O18,C11,4.1,244,0.0
2025-10-08,C11-O19,C11,4.1,296,0.0
2025-10-08,C11-O20,C11,4.1,353,0.0
2025-10-08,C11-O21,C11,4.1,357,0.0
2025-10-08,C11-O22,C11,4.1,294,0.0
2025-10-08,C12-O01,C12,4.1,190,0.0
2025-10-08,C12-O02,C12,4.1,168,0.0
2025-10-08,C12-O03,C12,4.1,101,0.0
2025-10-08,C12-O04,C12,4.1,192,0.0
2025-10-08,C12-O05,C12,4.1,176,0.0
2025-10-08,C12-O06,C12,4.1,122,0.0
2025-10-08,C12-O07,C12,4.1,147,0.0
2025-10-08,C12-O08,C12,4.1,121,48.0
2025-10-08,C12-O09,C12,4.1,160,0.0
2025-10-08,C12-O10,C12,4.1,169,0.0
2025-10-08,C12-O11,C12,4.1,103,0.0
2025-10-08,C12-O12,C12,4.1,127,0.0
2025-10-08,C12-O13,C12,4.1,172,0.0
2025-10-08,C12-O14,C12,4.1,174,0.0
2025-10-08,C12-O15,C12,4.1,179,0.0
2025-10-08,C12-O16,C12,4.1,133,0.0
2025-10-08,C12-O17,C12,4.1,110,0.0
2025-10-08,C12-O18,C12,4.1,195,0.0
2025-10-08,C12-O19,C12,4.1,148,0.0
2025-10-08,C12-O20,C12,4.1,146,0.0
2025-10-08,C12-O21,C12,4.1,148,0.0
2025-10-08,C12-O22,C12,4.1,111,0.0
2025-10-08,C12-O23,C12,4.1,178,0.0
2025-10-08,C12-O24,C12,4.1,177,0.0
2025-10-08,C13-O01,C13,4.1,168,0.0
2025-10-08,C13-O02,C13,4.1,280,0.0
2025-10-08,C13-O03,C13,4.1,193,0.0
2025-10-08,C13-O04,C13,4.1,244,0.0
2025-10-08,C13-O05,C13,4.1,248,0.0
2025-10-08,C13-O06,C13,4.1,244,0.0
2025-10-08,C13-O07,C13,4.1,225,0.0
2025-10-08,C13-O08,C13,4.1,219,0.0
2025-10-08,C13-O09,C13,4.1,323,0.0
2025-10-08,C13-O10,C13,4.1,249,0.0
2025-10-08,C13-O11,C13,4.1,220,0.0
2025-10-08,C13-O12,C13,4.1,317,0.0
2025-10-08,C13-O13,C13,4.1,255,0.0
2025-10-08,C13-O14,C13,4.1,191,0.0
2025-10-08,C13-O15,C13,4.1,294,0.0
2025-10-08,C13-O16,C13,4.1,257,0.0
2025-10-08,C13-O17,C13,4.1,268,0.0
2025-10-08,C14-O01,C14,4.1,396,0.0
2025-10-08,C14-O02,C14,4.1,275,0.0
2025-10-08,C14-O03,C14,4.1,354,0.0
2025-10-08,C14-O04,C14,4.1,281,0.0
2025-10-08,C14-O05,C14,4.1,308,0.0
2025-10-08,C14-O06,C14,4.1,313,0.0
2025-10-08,C14-O07,C14,4.1,327,0.0
2025-10-08,C14-O08,C14,4.1,260,0.0
2025-10-08,C15-O01,C15,4.1,185,0.0
2025-10-08,C15-O02,C15,4.1,268,0.0
2025-10-08,C15-O03,C15,4.1,248,0.0
2025-10-08,C15-O04,C15,4.1,215,0.0
2025-10-08,C15-O05,C15,4.1,224,0.0
2025-10-08,C15-O06,C15,4.1,185,0.0
2025-10-08,C15-O07,C15,4.1,234,0.0
2025-10-08,C15-O08,C15,4.1,213,0.0
2025-10-08,C15-O09,C15,4.1,241,0.0
2025-10-08,C15-O10,C15,4.1,171,0.0
2025-10-08,C15-O11,C15,4.1,229,0.0
2025-10-08,C15-O12,C15,4.1,251,0.0
2025-10-08,C15-O13,C15,4.1,178,71.0
2025-10-08,C15-O14,C15,4.1,253,0.0
2025-10-08,C15-O15,C15,4.1,226,0.0
2025-10-08,C15-O16,C15,4.1,302,0.0
2025-10-08,C15-O17,C15,4.1,221,0.0
2025-10-08,C15-O18,C15,4.1,160,0.0
2025-10-08,C15-O19,C15,4.1,200,0.0
2025-10-08,C15-O20,C15,4.1,233,93.0
2025-10-08,C15-O21,C15,4.1,210,0.0
2025-10-08,C15-O22,C15,4.1,229,0.0
2025-10-08,C15-O23,C15,4.1,201,0.0
2025-10-08,C16-O01,C16,4.1,69,0.0
2025-10-08,C16-O02,C16,4.1,50,0.0
2025-10-08,C16-O03,C16,4.1,90,0.0
2025-10-08,C16-O04,C16,4.1,53,0.0
2025-10-08,C16-O05,C16,4.1,53,0.0
2025-10-08,C16-O06,C16,4.1,56,0.0
2025-10-08,C16-O07,C16,4.1,53,0.0
2025-10-08,C16-O08,C16,4.1,89,0.0
2025-10-08,C17-O01,C17,4.1,86,0.0
2025-10-08,C17-O02,C17,4.1,109,0.0
2025-10-08,C17-O03,C17,4.1,138,0.0
2025-10-08,C17-O04,C17,4.1,87,0.0
2025-10-08,C17-O05,C17,4.1,99,0.0
2025-10-08,C17-O06,C17,4.1,100,0.0
2025-10-08,C17-O07,C17,4.1,103,0.0
2025-10-08,C17-O08,C17,4.1,108,0.0
2025-10-08,C17-O09,C17,4.1,95,0.0
2025-10-08,C17-O10,C17,4.1,111,0.0
2025-10-08,C18-O01,C18,4.1,367,0.0
2025-10-08,C18-O02,C18,4.1,308,0.0
2025-10-08,C18-O03,C18,4.1,216,0.0
2025-10-08,C18-O04,C18,4.1,230,0.0
2025-10-08,C18-O05,C18,4.1,297,118.0
2025-10-08,C18-O06,C18,4.1,238,0.0
2025-10-08,C18-O07,C18,4.1,333,0.0
2025-10-08,C18-O08,C18,4.1,225,0.0
2025-10-08,C19-O01,C19,4.1,288,0.0
2025-10-08,C19-O02,C19,4.1,285,0.0
2025-10-08,C19-O03,C19,4.1,209,83.0
2025-10-08,C19-O04,C19,4.1,199,0.0
2025-10-08,C19-O05,C19,4.1,214,0.0
2025-10-08,C19-O06,C19,4.1,255,0.0
2025-10-08,C19-O07,C19,4.1,337,0.0
2025-10-08,C19-O08,C19,4.1,288,0.0
2025-10-08,C20-O01,C20,4.1,359,0.0
2025-10-08,C20-O02,C20,4.1,346,0.0
2025-10-08,C20-O03,C20,4.1,275,0.0
2025-10-08,C20-O04,C20,4.1,197,0.0
2025-10-08,C20-O05,C20,4.1,308,0.0
2025-10-08,C21-O01,C21,4.1,220,0.0
2025-10-08,C21-O02,C21,4.1,325,0.0
2025-10-08,C21-O03,C21,4.1,190,0.0
2025-10-08,C21-O04,C21,4.1,300,0.0
2025-10-08,C21-O05,C21,4.1,278,0.0
2025-10-08,C21-O06,C21,4.1,209,0.0
2025-10-08,C21-O07,C21,4.1,223,0.0
2025-10-08,C21-O08,C21,4.1,241,0.0
2025-10-08,C21-O09,C21,4.1,226,0.0
2025-10-08,C22-O01,C22,4.1,334,0.0
2025-10-08,C22-O02,C22,4.1,351,0.0
2025-10-08,C22-O03,C22,4.1,248,0.0
2025-10-08,C22-O04,C22,4.1,345,0.0
2025-10-08,C22-O05,C22,4.1,222,0.0
2025-10-08,C22-O06,C22,4.1,229,0.0
2025-10-08,C22-O07,C22,4.1,201,0.0
2025-10-08,C22-O08,C22,4.1,234,0.0
2025-10-08,C22-O09,C22,4.1,385,0.0
2025-10-08,C22-O10,C22,4.1,399,0.0
2025-10-08,C22-O11,C22,4.1,349,0.0
2025-10-08,C22-O12,C22,4.1,369,0.0
2025-10-08,C22-O13,C22,4.1,322,0.0
2025-10-08,C22-O14,C22,4.1,347,0.0
2025-10-08,C22-O15,C22,4.1,224,0.0
2025-10-08,C22-O16,C22,4.1,351,0.0
2025-10-08,C22-O17,C22,4.1,250,0.0
2025-10-08,C22-O18,C22,4.1,262,0.0
2025-10-08,C23-O01,C23,4.1,314,0.0
2025-10-08,C23-O02,C23,4.1,236,94.0
2025-10-08,C23-O03,C23,4.1,185,0.0
2025-10-08,C23-O04,C23,4.1,175,0.0
2025-10-08,C23-O05,C23,4.1,289,0.0
2025-10-08,C23-O06,C23,4.1,193,0.0
2025-10-08,C24-O01,C24,4.1,335,0.0
2025-10-08,C24-O02,C24,4.1,228,0.0
2025-10-08,C24-O03,C24,4.1,249,0.0
2025-10-08,C24-O04,C24,4.1,378,0.0
2025-10-08,C24-O05,C24,4.1,384,0.0
2025-10-08,C24-O06,C24,4.1,262,0.0
2025-10-08,C24-O07,C24,4.1,227,0.0
2025-10-08,C24-O08,C24,4.1,339,0.0
2025-10-08,C24-O09,C24,4.1,286,0.0
2025-10-08,C24-O10,C24,4.1,318,0.0
2025-10-08,C25-O01,C25,4.1,214,0.0
2025-10-08,C25-O02,C25,4.1,246,0.0
2025-10-08,C25-O03,C25,4.1,276,0.0
2025-10-08,C25-O04,C25,4.1,231,0.0
2025-10-08,C25-O05,C25,4.1,290,0.0
2025-10-08,C25-O06,C25,4.1,319,0.0
2025-10-08,C25-O07,C25,4.1,368,0.0
2025-10-08,C25-O08,C25,4.1,267,0.0
2025-10-08,C25-O09,C25,4.1,266,0.0
2025-10-08,C25-O10,C25,4.1,349,139.0
2025-10-08,C25-O11,C25,4.1,297,0.0
2025-10-08,C25-O12,C25,4.1,389,0.0
2025-10-08,C25-O13,C25,4.1,360,0.0
2025-10-08,C25-O14,C25,4.1,317,0.0
2025-10-08,C25-O15,C25,4.1,255,0.0
2025-10-08,C26-O01,C26,4.1,233,0.0
2025-10-08,C26-O02,C26,4.1,158,0.0
2025-10-08,C26-O03,C26,4.1,220,0.0
2025-10-08,C26-O04,C26,4.1,177,0.0
2025-10-08,C26-O05,C26,4.1,216,0.0
2025-10-08,C26-O06,C26,4.1,302,0.0
2025-10-08,C26-O07,C26,4.1,268,0.0
2025-10-08,C26-O08,C26,4.1,163,0.0
2025-10-08,C26-O09,C26,4.1,306,0.0
2025-10-08,C26-O10,C26,4.1,232,0.0
2025-10-08,C27-O01,C27,4.1,132,0.0
2025-10-08,C27-O02,C27,4.1,99,0.0
2025-10-08,C27-O03,C27,4.1,102,0.0
2025-10-08,C27-O04,C27,4.1,114,0.0
2025-10-08,C27-O05,C27,4.1,143,0.0
2025-10-08,C27-O06,C27,4.1,84,0.0
2025-10-08,C27-O07,C27,4.1,112,0.0
2025-10-08,C27-O08,C27,4.1,109,0.0
2025-10-08,C27-O09,C27,4.1,86,0.0
2025-10-08,C27-O10,C27,4.1,99,0.0
2025-10-08,C27-O11,C27,4.1,153,0.0
2025-10-08,C27-O12,C27,4.1,112,0.0
2025-10-08,C27-O13,C27,4.1,85,0.0
2025-10-08,C27-O14,C27,4.1,77,0.0
2025-10-08,C27-O15,C27,4.1,111,0.0
2025-10-08,C27-O16,C27,4.1,132,0.0
2025-10-08,C27-O17,C27,4.1,111,0.0
2025-10-08,C27-O18,C27,4.1,135,0.0
2025-10-08,C27-O19,C27,4.1,113,0.0
2025-10-08,C27-O20,C27,4.1,86,0.0
2025-10-08,C27-O21,C27,4.1,142,0.0
2025-10-08,C27-O22,C27,4.1,98,0.0
2025-10-08,C28-O01,C28,4.1,331,0.0
2025-10-08,C28-O02,C28,4.1,353,0.0
2025-10-08,C28-O03,C28,4.1,360,0.0
2025-10-08,C28-O04,C28,4.1,385,0.0
2025-10-08,C28-O05,C28,4.1,348,0.0
2025-10-08,C28-O06,C28,4.1,318,127.0
2025-10-08,C28-O07,C28,4.1,241,0.0
2025-10-08,C28-O08,C28,4.1,362,0.0
2025-10-08,C28-O09,C28,4.1,285,0.0
2025-10-08,C28-O10,C28,4.1,317,0.0
2025-10-08,C28-O11,C28,4.1,332,132.0
2025-10-08,C28-O12,C28,4.1,308,0.0
2025-10-08,C29-O01,C29,4.1,112,0.0
2025-10-08,C29-O02,C29,4.1,146,0.0
2025-10-08,C29-O03,C29,4.1,128,0.0
2025-10-08,C29-O04,C29,4.1,114,0.0
2025-10-08,C29-O05,C29,4.1,149,0.0
2025-10-08,C29-O06,C29,4.1,182,0.0
2025-10-08,C29-O07,C29,4.1,120,0.0
2025-10-08,C29-O08,C29,4.1,166,0.0
2025-10-08,C29-O09,C29,4.1,179,0.0
2025-10-08,C29-O10,C29,4.1,125,0.0
2025-10-08,C29-O11,C29,4.1,120,0.0
2025-10-08,C29-O12,C29,4.1,137,0.0
2025-10-08,C30-O01,C30,4.1,276,0.0
2025-10-08,C30-O02,C30,4.1,196,0.0
2025-10-08,C30-O03,C30,4.1,178,0.0
2025-10-08,C30-O04,C30,4.1,222,0.0
2025-10-08,C30-O05,C30,4.1,275,0.0
2025-10-08,C30-O06,C30,4.1,166,0.0
2025-10-08,C30-O07,C30,4.1,175,0.0
2025-10-08,C30-O08,C30,4.1,273,0.0
2025-10-08,C30-O09,C30,4.1,261,0.0
2025-10-08,C30-O10,C30,4.1,279,0.0
2025-10-08,C30-O11,C30,4.1,284,0.0
2025-10-08,C30-O12,C30,4.1,299,0.0
2025-10-08,C30-O13,C30,4.1,227,0.0
2025-10-08,C30-O14,C30,4.1,284,0.0
2025-10-08,C30-O15,C30,4.1,195,0.0
2025-10-08,C30-O16,C30,4.1,290,0.0
2025-10-08,C30-O17,C30,4.1,294,0.0
2025-10-08,C31-O01,C31,4.1,72,0.0
2025-10-08,C31-O02,C31,4.1,72,0.0
2025-10-08,C31-O03,C31,4.1,86,0.0
2025-10-08,C31-O04,C31,4.1,66,0.0
2025-10-08,C31-O05,C31,4.1,59,0.0
2025-10-08,C31-O06,C31,4.1,66,0.0
2025-10-08,C31-O07,C31,4.1,50,0.0
2025-10-08,C31-O08,C31,4.1,88,0.0
2025-10-08,C31-O09,C31,4.1,77,0.0
2025-10-08,C31-O10,C31,4.1,86,0.0
2025-10-08,C31-O11,C31,4.1,92,0.0
2025-10-08,C31-O12,C31,4.1,67,0.0
2025-10-08,C31-O13,C31,4.1,86,0.0
2025-10-08,C32-O01,C32,4.1,326,0.0
2025-10-08,C32-O02,C32,4.1,234,0.0
2025-10-08,C32-O03,C32,4.1,278,0.0
2025-10-08,C32-O04,C32,4.1,341,0.0
2025-10-08,C32-O05,C32,4.1,252,0.0
2025-10-08,C32-O06,C32,4.1,372,0.0
2025-10-08,C32-O07,C32,4.1,408,0.0
2025-10-08,C32-O08,C32,4.1,280,0.0
2025-10-08,C32-O09,C32,4.1,274,0.0
2025-10-08,C32-O10,C32,4.1,272,0.0
2025-10-08,C32-O11,C32,4.1,388,0.0
2025-10-08,C32-O12,C32,4.1,236,0.0
2025-10-08,C32-O13,C32,4.1,328,0.0
2025-10-08,C32-O14,C32,4.1,245,0.0
2025-10-08,C33-O01,C33,4.1,209,0.0
2025-10-08,C33-O02,C33,4.1,204,0.0
2025-10-08,C33-O03,C33,4.1,217,0.0
2025-10-08,C33-O04,C33,4.1,311,0.0
2025-10-08,C34-O01,C34,4.1,236,0.0
2025-10-08,C34-O02,C34,4.1,378,0.0
2025-10-08,C34-O03,C34,4.1,316,0.0
2025-10-08,C34-O04,C34,4.1,293,0.0
2025-10-08,C34-O05,C34,4.1,375,0.0
2025-10-08,C34-O06,C34,4.1,201,0.0
2025-10-08,C34-O07,C34,4.1,264,0.0
2025-10-08,C34-O08,C34,4.1,321,0.0
2025-10-08,C34-O09,C34,4.1,305,0.0
2025-10-08,C34-O10,C34,4.1,204,0.0
2025-10-08,C34-O11,C34,4.1,346,138.0
2025-10-08,C34-O12,C34,4.1,205,0.0
2025-10-08,C35-O01,C35,4.1,272,0.0
2025-10-08,C35-O02,C35,4.1,287,0.0
2025-10-08,C35-O03,C35,4.1,265,106.0
2025-10-08,C35-O04,C35,4.1,309,0.0
2025-10-08,C35-O05,C35,4.1,245,0.0
2025-10-08,C35-O06,C35,4.1,261,0.0
2025-10-08,C35-O07,C35,4.1,379,0.0
2025-10-08,C35-O08,C35,4.1,326,0.0
2025-10-08,C35-O09,C35,4.1,257,0.0
2025-10-08,C35-O10,C35,4.1,347,0.0
2025-10-08,C35-O11,C35,4.1,366,146.0
2025-10-08,C35-O12,C35,4.1,315,0.0
2025-10-08,C35-O13,C35,4.1,343,0.0
2025-10-08,C35-O14,C35,4.1,304,0.0
2025-10-08,C35-O15,C35,4.1,272,0.0
2025-10-08,C35-O16,C35,4.1,272,0.0
2025-10-08,C35-O17,C35,4.1,349,0.0
2025-10-08,C35-O18,C35,4.1,304,0.0
2025-10-08,C35-O19,C35,4.1,210,0.0
2025-10-08,C35-O20,C35,4.1,279,0.0
2025-10-08,C35-O21,C35,4.1,375,0.0
2025-10-08,C35-O22,C35,4.1,350,0.0
2025-10-08,C36-O01,C36,4.1,261,0.0
2025-10-08,C36-O02,C36,4.1,272,0.0
2025-10-08,C36-O03,C36,4.1,221,0.0
2025-10-08,C36-O04,C36,4.1,226,0.0
2025-10-08,C36-O05,C36,4.1,255,0.0
2025-10-08,C36-O06,C36,4.1,202,0.0
2025-10-08,C36-O07,C36,4.1,288,0.0
2025-10-08,C36-O08,C36,4.1,276,0.0
2025-10-08,C36-O09,C36,4.1,171,0.0
2025-10-08,C36-O10,C36,4.1,282,0.0
2025-10-08,C36-O11,C36,4.1,289,0.0
2025-10-08,C37-O01,C37,4.1,285,0.0
2025-10-08,C37-O02,C37,4.1,246,0.0
2025-10-08,C37-O03,C37,4.1,253,0.0
2025-10-08,C37-O04,C37,4.1,263,0.0
2025-10-08,C37-O05,C37,4.1,365,0.0
2025-10-08,C37-O06,C37,4.1,361,0.0
2025-10-08,C37-O07,C37,4.1,272,0.0
2025-10-08,C37-O08,C37,4.1,323,0.0
2025-10-08,C37-O09,C37,4.1,199,0.0
2025-10-08,C37-O10,C37,4.1,224,89.0
2025-10-08,C37-O11,C37,4.1,287,0.0
2025-10-08,C37-O12,C37,4.1,371,0.0
2025-10-08,C38-O01,C38,4.1,314,0.0
2025-10-08,C38-O02,C38,4.1,219,0.0
2025-10-08,C38-O03,C38,4.1,319,0.0
2025-10-08,C38-O04,C38,4.1,222,0.0
2025-10-08,C38-O05,C38,4.1,301,0.0
2025-10-08,C38-O06,C38,4.1,281,0.0
2025-10-08,C38-O07,C38,4.1,299,0.0
2025-10-08,C38-O08,C38,4.1,225,0.0
2025-10-08,C38-O09,C38,4.1,281,0.0
2025-10-08,C38-O10,C38,4.1,350,0.0
2025-10-08,C38-O11,C38,4.1,260,0.0
2025-10-08,C38-O12,C38,4.1,249,0.0
2025-10-08,C38-O13,C38,4.1,355,0.0
2025-10-08,C38-O14,C38,4.1,232,0.0
2025-10-08,C38-O15,C38,4.1,288,0.0
2025-10-08,C38-O16,C38,4.1,255,0.0
2025-10-08,C38-O17,C38,4.1,293,0.0
2025-10-08,C38-O18,C38,4.1,308,0.0
2025-10-08,C38-O19,C38,4.1,211,0.0
2025-10-08,C38-O20,C38,4.1,355,0.0
2025-10-08,C38-O21,C38,4.1,270,0.0
2025-10-08,C39-O01,C39,4.1,154,0.0
2025-10-08,C39-O02,C39,4.1,190,76.0
2025-10-08,C39-O03,C39,4.1,244,0.0
2025-10-08,C39-O04,C39,4.1,296,0.0
2025-10-08,C39-O05,C39,4.1,229,91.0
2025-10-08,C39-O06,C39,4.1,174,0.0
2025-10-08,C39-O07,C39,4.1,234,0.0
2025-10-08,C39-O08,C39,4.1,164,0.0
2025-10-08,C39-O09,C39,4.1,246,0.0
2025-10-08,C39-O10,C39,4.1,200,0.0
2025-10-08,C39-O11,C39,4.1,283,0.0
2025-10-08,C39-O12,C39,4.1,241,0.0
2025-10-08,C39-O13,C39,4.1,254,0.0
2025-10-08,C39-O14,C39,4.1,156,0.0
2025-10-08,C39-O15,C39,4.1,309,0.0
2025-10-08,C39-O16,C39,4.1,162,0.0
2025-10-08,C39-O17,C39,4.1,202,0.0
2025-10-08,C39-O18,C39,4.1,177,0.0
2025-10-08,C39-O19,C39,4.1,299,0.0
2025-10-08,C40-O01,C40,4.1,342,0.0
2025-10-08,C40-O02,C40,4.1,354,0.0
2025-10-08,C40-O03,C40,4.1,335,0.0
2025-10-08,C40-O04,C40,4.1,242,0.0
2025-10-08,C40-O05,C40,4.1,305,0.0
2025-10-08,C40-O06,C40,4.1,365,0.0
2025-10-08,C40-O07,C40,4.1,273,0.0
2025-10-08,C40-O08,C40,4.1,265,0.0
2025-10-08,C40-O09,C40,4.1,384,0.0
2025-10-08,C40-O10,C40,4.1,406,0.0
2025-10-09,C01-O01,C01,4.1,182,0.0
2025-10-09,C01-O02,C01,4.1,185,0.0
2025-10-09,C01-O03,C01,4.1,268,0.0
2025-10-09,C01-O04,C01,4.1,159,0.0
2025-10-09,C01-O05,C01,4.1,296,0.0
2025-10-09,C01-O06,C01,4.1,315,0.0
2025-10-09,C01-O07,C01,4.1,195,0.0
2025-10-09,C01-O08,C01,4.1,256,0.0
2025-10-09,C01-O09,C01,4.1,225,0.0
2025-10-09,C01-O10,C01,4.1,207,0.0
2025-10-09,C01-O11,C01,4.1,192,0.0
2025-10-09,C01-O12,C01,4.1,205,0.0
2025-10-09,C01-O13,C01,4.1,234,0.0
2025-10-09,C01-O14,C01,4.1,261,0.0
2025-10-09,C01-O15,C01,4.1,288,0.0
2025-10-09,C01-O16,C01,4.1,202,0.0
2025-10-09,C01-O17,C01,4.1,249,0.0
2025-10-09,C01-O18,C01,4.1,306,0.0
2025-10-09,C01-O19,C01,4.1,326,0.0
2025-10-09,C01-O20,C01,4.1,181,0.0
2025-10-09,C01-O21,C01,4.1,215,0.0
2025-10-09,C01-O22,C01,4.1,169,0.0
2025-10-09,C01-O23,C01,4.1,168,0.0
2025-10-09,C01-O24,C01,4.1,270,0.0
2025-10-09,C01-O25,C01,4.1,305,0.0
2025-10-09,C01-O26,C01,4.1,225,0.0
2025-10-09,C01-O27,C01,4.1,261,0.0
2025-10-09,C01-O28,C01,4.1,160,0.0
2025-10-09,C01-O29,C01,4.1,329,0.0
2025-10-09,C01-O30,C01,4.1,232,93.0
2025-10-09,C01-O31,C01,4.1,259,0.0
2025-10-09,C01-O32,C01,4.1,214,0.0
2025-10-09,C01-O33,C01,4.1,276,0.0
2025-10-09,C01-O34,C01,4.1,215,0.0
2025-10-09,C01-O35,C01,4.1,178,0.0
2025-10-09,C01-O36,C01,4.1,206,0.0
2025-10-09,C01-O37,C01,4.1,295,0.0
2025-10-09,C01-O38,C01,4.1,186,0.0
2025-10-09,C01-O39,C01,4.1,261,0.0
2025-10-09,C01-O40,C01,4.1,316,0.0
2025-10-09,C01-O41,C01,4.1,225,0.0
2025-10-09,C01-O42,C01,4.1,298,0.0
2025-10-09,C02-O01,C02,4.1,80,0.0
2025-10-09,C02-O02,C02,4.1,70,0.0
2025-10-09,C02-O03,C02,4.1,57,0.0
2025-10-09,C02-O04,C02,4.1,50,0.0
2025-10-09,C02-O05,C02,4.1,59,0.0
2025-10-09,C02-O06,C02,4.1,85,0.0
2025-10-09,C02-O07,C02,4.1,76,0.0
2025-10-09,C02-O08,C02,4.1,65,0.0
2025-10-09,C02-O09,C02,4.1,66,0.0
2025-10-09,C02-O10,C02,4.1,94,0.0
2025-10-09,C02-O11,C02,4.1,65,0.0
2025-10-09,C02-O12,C02,4.1,83,0.0
2025-10-09,C02-O13,C02,4.1,49,0.0
2025-10-09,C02-O14,C02,4.1,60,0.0
2025-10-09,C02-O15,C02,4.1,91,0.0
2025-10-09,C02-O16,C02,4.1,55,0.0
2025-10-09,C02-O17,C02,4.1,63,0.0
2025-10-09,C02-O18,C02,4.1,75,0.0
2025-10-09,C02-O19,C02,4.1,61,0.0
2025-10-09,C02-O20,C02,4.1,91,0.0
2025-10-09,C02-O21,C02,4.1,72,0.0
2025-10-09,C02-O22,C02,4.1,71,0.0
2025-10-09,C02-O23,C02,4.1,60,0.0
2025-10-09,C02-O24,C02,4.1,79,0.0
2025-10-09,C02-O25,C02,4.1,70,0.0
2025-10-09,C03-O01,C03,4.1,94,37.0
2025-10-09,C03-O02,C03,4.1,79,31.0
2025-10-09,C03-O03,C03,4.1,103,41.0
2025-10-09,C03-O04,C03,4.1,133,53.0
2025-10-09,C03-O05,C03,4.1,136,54.0
2025-10-09,C03-O06,C03,4.1,101,40.0
2025-10-09,C03-O07,C03,4.1,102,0.0
2025-10-09,C03-O08,C03,4.1,129,0.0
2025-10-09,C03-O09,C03,4.1,133,0.0
2025-10-09,C03-O10,C03,4.1,130,0.0
2025-10-09,C03-O11,C03,4.1,90,0.0
2025-10-09,C03-O12,C03,4.1,99,0.0
2025-10-09,C03-O13,C03,4.1,151,0.0
2025-10-09,C03-O14,C03,4.1,96,0.0
2025-10-09,C03-O15,C03,4.1,117,0.0
2025-10-09,C03-O16,C03,4.1,132,0.0
2025-10-09,C03-O17,C03,4.1,83,0.0
2025-10-09,C03-O18,C03,4.1,96,0.0
2025-10-09,C04-O01,C04,4.1,77,0.0
2025-10-09,C04-O02,C04,4.1,78,0.0
2025-10-09,C04-O03,C04,4.1,79,0.0
2025-10-09,C04-O04,C04,4.1,47,0.0
2025-10-09,C04-O05,C04,4.1,55,0.0
2025-10-09,C04-O06,C04,4.1,52,0.0
2025-10-09,C04-O07,C04,4.1,55,0.0
2025-10-09,C04-O08,C04,4.1,62,0.0
2025-10-09,C05-O01,C05,4.1,216,86.0
2025-10-09,C05-O02,C05,4.1,228,91.0
2025-10-09,C05-O03,C05,4.1,201,80.0
2025-10-09,C05-O04,C05,4.1,251,100.0
2025-10-09,C05-O05,C05,4.1,201,80.0
2025-10-09,C05-O06,C05,4.1,201,0.0
2025-10-09,C05-O07,C05,4.1,223,0.0
2025-10-09,C05-O08,C05,4.1,344,0.0
2025-10-09,C05-O09,C05,4.1,286,0.0
2025-10-09,C05-O10,C05,4.1,235,0.0
2025-10-09,C05-O11,C05,4.1,326,0.0
2025-10-09,C05-O12,C05,4.1,326,0.0
2025-10-09,C05-O13,C05,4.1,204,0.0
2025-10-09,C05-O14,C05,4.1,269,0.0
2025-10-09,C05-O15,C05,4.1,222,0.0
2025-10-09,C05-O16,C05,4.1,284,0.0
2025-10-09,C05-O17,C05,4.1,220,0.0
2025-10-09,C05-O18,C05,4.1,311,0.0
2025-10-09,C05-O19,C05,4.1,379,0.0
2025-10-09,C05-O20,C05,4.1,215,0.0
2025-10-09,C05-O21,C05,4.1,329,0.0
2025-10-09,C05-O22,C05,4.1,219,0.0
2025-10-09,C05-O23,C05,4.1,355,0.0
2025-10-09,C05-O24,C05,4.1,385,0.0
2025-10-09,C06-O01,C06,4.1,182,0.0
2025-10-09,C06-O02,C06,4.1,257,0.0
2025-10-09,C06-O03,C06,4.1,286,0.0
2025-10-09,C06-O04,C06,4.1,252,0.0
2025-10-09,C06-O05,C06,4.1,360,0.0
2025-10-09,C06-O06,C06,4.1,330,0.0
2025-10-09,C06-O07,C06,4.1,280,0.0
2025-10-09,C06-O08,C06,4.1,254,0.0
2025-10-09,C06-O09,C06,4.1,173,0.0
2025-10-09,C06-O10,C06,4.1,320,0.0
2025-10-09,C06-O11,C06,4.1,234,0.0
2025-10-09,C06-O12,C06,4.1,318,0.0
2025-10-09,C06-O13,C06,4.1,240,0.0
2025-10-09,C06-O14,C06,4.1,278,0.0
2025-10-09,C06-O15,C06,4.1,206,0.0
2025-10-09,C06-O16,C06,4.1,229,0.0
2025-10-09,C06-O17,C06,4.1,192,0.0
2025-10-09,C06-O18,C06,4.1,232,0.0
2025-10-09,C06-O19,C06,4.1,278,0.0
2025-10-09,C06-O20,C06,4.1,243,0.0
2025-10-09,C06-O21,C06,4.1,171,0.0
2025-10-09,C06-O22,C06,4.1,322,0.0
2025-10-09,C06-O23,C06,4.1,224,0.0
2025-10-09,C06-O24,C06,4.1,274,0.0
2025-10-09,C06-O25,C06,4.1,287,0.0
2025-10-09,C06-O26,C06,4.1,272,0.0
2025-10-09,C06-O27,C06,4.1,263,0.0
2025-10-09,C06-O28,C06,4.1,286,0.0
2025-10-09,C06-O29,C06,4.1,291,0.0
2025-10-09,C06-O30,C06,4.1,282,113.0
2025-10-09,C07-O01,C07,4.1,172,0.0
2025-10-09,C07-O02,C07,4.1,228,0.0
2025-10-09,C07-O03,C07,4.1,175,0.0
2025-10-09,C07-O04,C07,4.1,236,0.0
2025-10-09,C07-O05,C07,4.1,171,0.0
2025-10-09,C07-O06,C07,4.1,306,0.0
2025-10-09,C07-O07,C07,4.1,210,0.0
2025-10-09,C07-O08,C07,4.1,210,0.0
2025-10-09,C07-O09,C07,4.1,250,0.0
2025-10-09,C07-O10,C07,4.1,212,0.0
2025-10-09,C07-O11,C07,4.1,255,0.0
2025-10-09,C07-O12,C07,4.1,212,0.0
2025-10-09,C07-O13,C07,4.1,252,0.0
2025-10-09,C07-O14,C07,4.1,186,0.0
2025-10-09,C07-O15,C07,4.1,265,0.0
2025-10-09,C07-O16,C07,4.1,203,0.0
2025-10-09,C07-O17,C07,4.1,252,0.0
2025-10-09,C07-O18,C07,4.1,179,0.0
2025-10-09,C07-O19,C07,4.1,242,0.0
2025-10-09,C07-O20,C07,4.1,258,0.0
2025-10-09,C07-O21,C07,4.1,224,0.0
2025-10-09,C08-O01,C08,4.1,268,0.0
2025-10-09,C08-O02,C08,4.1,246,0.0
2025-10-09,C08-O03,C08,4.1,234,0.0
2025-10-09,C08-O04,C08,4.1,264,0.0
2025-10-09,C08-O05,C08,4.1,235,0.0
2025-10-09,C08-O06,C08,4.1,338,0.0
2025-10-09,C08-O07,C08,4.1,319,0.0
2025-10-09,C08-O08,C08,4.1,322,0.0
2025-10-09,C08-O09,C08,4.1,267,0.0
2025-10-09,C08-O10,C08,4.1,310,0.0
2025-10-09,C08-O11,C08,4.1,240,0.0
2025-10-09,C08-O12,C08,4.1,220,0.0
2025-10-09,C08-O13,C08,4.1,285,0.0
2025-10-09,C08-O14,C08,4.1,246,0.0
2025-10-09,C09-O01,C09,4.1,127,0.0
2025-10-09,C09-O02,C09,4.1,136,0.0
2025-10-09,C09-O03,C09,4.1,80,0.0
2025-10-09,C09-O04,C09,4.1,76,0.0
2025-10-09,C09-O05,C09,4.1,136,0.0
2025-10-09,C09-O06,C09,4.1,76,0.0
2025-10-09,C09-O07,C09,4.1,83,0.0
2025-10-09,C09-O08,C09,4.1,123,0.0
2025-10-09,C09-O09,C09,4.1,78,0.0
2025-10-09,C09-O10,C09,4.1,107,0.0
2025-10-09,C09-O11,C09,4.1,97,0.0
2025-10-09,C09-O12,C09,4.1,74,0.0
2025-10-09,C09-O13,C09,4.1,79,0.0
2025-10-09,C09-O14,C09,4.1,113,0.0
2025-10-09,C09-O15,C09,4.1,93,0.0
2025-10-09,C10-O01,C10,4.1,222,0.0
2025-10-09,C10-O02,C10,4.1,232,93.0
2025-10-09,C10-O03,C10,4.1,245,98.0
2025-10-09,C10-O04,C10,4.1,303,0.0
2025-10-09,C10-O05,C10,4.1,187,0.0
2025-10-09,C10-O06,C10,4.1,241,0.0
2025-10-09,C10-O07,C10,4.1,315,0.0
2025-10-09,C10-O08,C10,4.1,289,0.0
2025-10-09,C10-O09,C10,4.1,201,0.0
2025-10-09,C10-O10,C10,4.1,192,0.0
2025-10-09,C10-O11,C10,4.1,224,0.0
2025-10-09,C10-O12,C10,4.1,250,0.0
2025-10-09,C10-O13,C10,4.1,168,0.0
2025-10-09,C10-O14,C10,4.1,171,0.0
2025-10-09,C10-O15,C10,4.1,238,0.0
2025-10-09,C10-O16,C10,4.1,217,0.0
2025-10-09,C10-O17,C10,4.1,204,0.0
2025-10-09,C10-O18,C10,4.1,254,0.0
2025-10-09,C10-O19,C10,4.1,192,0.0
2025-10-09,C10-O20,C10,4.1,298,0.0
2025-10-09,C10-O21,C10,4.1,231,0.0
2025-10-09,C11-O01,C11,4.1,354,0.0
2025-10-09,C11-O02,C11,4.1,372,0.0
2025-10-09,C11-O03,C11,4.1,357,0.0
2025-10-09,C11-O04,C11,4.1,243,0.0
2025-10-09,C11-O05,C11,4.1,315,0.0
2025-10-09,C11-O06,C11,4.1,206,0.0
2025-10-09,C11-O07,C11,4.1,369,0.0
2025-10-09,C11-O08,C11,4.1,342,0.0
2025-10-09,C11-O09,C11,4.1,302,0.0
2025-10-09,C11-O10,C11,4.1,421,0.0
2025-10-09,C11-O11,C11,4.1,241,0.0
2025-10-09,C11-O12,C11,4.1,320,0.0
2025-10-09,C11-O13,C11,4.1,349,0.0
2025-10-09,C11-O14,C11,4.1,228,0.0
2025-10-09,C11-O15,C11,4.1,337,0.0
2025-10-09,C11-O16,C11,4.1,315,0.0
2025-10-09,C11-O17,C11,4.1,323,0.0
2025-10-09,C11-O18,C11,4.1,249,0.0
2025-10-09,C11-O19,C11,4.1,250,0.0
2025-10-09,C11-O20,C11,4.1,419,0.0
2025-10-09,C11-O21,C11,4.1,404,0.0
2025-10-09,C11-O22,C11,4.1,326,0.0
2025-10-09,C12-O01,C12,4.1,179,0.0
2025-10-09,C12-O02,C12,4.1,167,0.0
2025-10-09,C12-O03,C12,4.1,113,0.0
2025-10-09,C12-O04,C12,4.1,162,0.0
2025-10-09,C12-O05,C12,4.1,182,0.0
2025-10-09,C12-O06,C12,4.1,135,0.0
2025-10-09,C12-O07,C12,4.1,154,0.0
2025-10-09,C12-O08,C12,4.1,122,49.0
2025-10-09,C12-O09,C12,4.1,171,0.0
2025-10-09,C12-O10,C12,4.1,159,0.0
2025-10-09,C12-O11,C12,4.1,104,0.0
2025-10-09,C12-O12,C12,4.1,118,0.0
2025-10-09,C12-O13,C12,4.1,185,0.0
2025-10-09,C12-O14,C12,4.1,148,0.0
2025-10-09,C12-O15,C12,4.1,200,0.0
2025-10-09,C12-O16,C12,4.1,133,0.0
2025-10-09,C12-O17,C12,4.1,103,0.0
2025-10-09,C12-O18,C12,4.1,181,0.0
2025-10-09,C12-O19,C12,4.1,130,0.0
2025-10-09,C12-O20,C12,4.1,136,0.0
2025-10-09,C12-O21,C12,4.1,136,0.0
2025-10-09,C12-O22,C12,4.1,115,0.0
2025-10-09,C12-O23,C12,4.1,177,0.0
2025-10-09,C12-O24,C12,4.1,184,0.0
2025-10-09,C13-O01,C13,4.1,175,0.0
2025-10-09,C13-O02,C13,4.1,326,0.0
2025-10-09,C13-O03,C13,4.1,217,0.0
2025-10-09,C13-O04,C13,4.1,248,0.0
2025-10-09,C13-O05,C13,4.1,236,0.0
2025-10-09,C13-O06,C13,4.1,256,0.0
2025-10-09,C13-O07,C13,4.1,227,0.0
2025-10-09,C13-O08,C13,4.1,262,0.0
2025-10-09,C13-O09,C13,4.1,278,0.0
2025-10-09,C13-O10,C13,4.1,285,0.0
2025-10-09,C13-O11,C13,4.1,229,0.0
2025-10-09,C13-O12,C13,4.1,332,0.0
2025-10-09,C13-O13,C13,4.1,277,0.0
2025-10-09,C13-O14,C13,4.1,188,0.0
2025-10-09,C13-O15,C13,4.1,300,0.0
2025-10-09,C13-O16,C13,4.1,268,0.0
2025-10-09,C13-O17,C13,4.1,232,0.0
2025-10-09,C14-O01,C14,4.1,351,0.0
2025-10-09,C14-O02,C14,4.1,288,0.0
2025-10-09,C14-O03,C14,4.1,359,0.0
2025-10-09,C14-O04,C14,4.1,262,0.0
2025-10-09,C14-O05,C14,4.1,323,0.0
2025-10-09,C14-O06,C14,4.1,342,0.0
2025-10-09,C14-O07,C14,4.1,307,0.0
2025-10-09,C14-O08,C14,4.1,258,0.0
2025-10-09,C15-O01,C15,4.1,171,0.0
2025-10-09,C15-O02,C15,4.1,315,0.0
2025-10-09,C15-O03,C15,4.1,243,0.0
2025-10-09,C15-O04,C15,4.1,213,0.0
2025-10-09,C15-O05,C15,4.1,237,0.0
2025-10-09,C15-O06,C15,4.1,202,0.0
2025-10-09,C15-O07,C15,4.1,212,0.0
2025-10-09,C15-O08,C15,4.1,231,0.0
2025-10-09,C15-O09,C15,4.1,282,0.0
2025-10-09,C15-O10,C15,4.1,187,0.0
2025-10-09,C15-O11,C15,4.1,225,0.0
2025-10-09,C15-O12,C15,4.1,237,0.0
2025-10-09,C15-O13,C15,4.1,187,74.0
2025-10-09,C15-O14,C15,4.1,247,0.0
2025-10-09,C15-O15,C15,4.1,218,0.0
2025-10-09,C15-O16,C15,4.1,272,0.0
2025-10-09,C15-O17,C15,4.1,232,0.0
2025-10-09,C15-O18,C15,4.1,179,0.0
2025-10-09,C15-O19,C15,4.1,180,0.0
2025-10-09,C15-O20,C15,4.1,276,110.0
2025-10-09,C15-O21,C15,4.1,200,0.0
2025-10-09,C15-O22,C15,4.1,238,0.0
2025-10-09,C15-O23,C15,4.1,224,0.0
2025-10-09,C16-O01,C16,4.1,69,0.0
2025-10-09,C16-O02,C16,4.1,47,0.0
2025-10-09,C16-O03,C16,4.1,93,0.0
2025-10-09,C16-O04,C16,4.1,57,0.0
2025-10-09,C16-O05,C16,4.1,54,0.0
2025-10-09,C16-O06,C16,4.1,61,0.0
2025-10-09,C16-O07,C16,4.1,56,0.0
2025-10-09,C16-O08,C16,4.1,94,0.0
2025-10-09,C17-O01,C17,4.1,81,0.0
2025-10-09,C17-O02,C17,4.1,108,0.0
2025-10-09,C17-O03,C17,4.1,132,0.0
2025-10-09,C17-O04,C17,4.1,98,0.0
2025-10-09,C17-O05,C17,4.1,100,0.0
2025-10-09,C17-O06,C17,4.1,94,0.0
2025-10-09,C17-O07,C17,4.1,106,0.0
2025-10-09,C17-O08,C17,4.1,117,0.0
2025-10-09,C17-O09,C17,4.1,81,0.0
2025-10-09,C17-O10,C17,4.1,96,0.0
2025-10-09,C18-O01,C18,4.1,364,0.0
2025-10-09,C18-O02,C18,4.1,258,0.0
2025-10-09,C18-O03,C18,4.1,250,0.0
2025-10-09,C18-O04,C18,4.1,237,0.0
2025-10-09,C18-O05,C18,4.1,271,108.0
2025-10-09,C18-O06,C18,4.1,218,0.0
2025-10-09,C18-O07,C18,4.1,309,0.0
2025-10-09,C18-O08,C18,4.1,199,0.0
2025-10-09,C19-O01,C19,4.1,275,0.0
2025-10-09,C19-O02,C19,4.1,323,0.0
2025-10-09,C19-O03,C19,4.1,227,90.0
2025-10-09,C19-O04,C19,4.1,205,0.0
2025-10-09,C19-O05,C19,4.1,186,0.0
2025-10-09,C19-O06,C19,4.1,254,0.0
2025-10-09,C19-O07,C19,4.1,315,0.0
2025-10-09,C19-O08,C19,4.1,254,0.0
2025-10-09,C20-O01,C20,4.1,318,0.0
2025-10-09,C20-O02,C20,4.1,350,0.0
2025-10-09,C20-O03,C20,4.1,265,0.0
2025-10-09,C20-O04,C20,4.1,231,0.0
2025-10-09,C20-O05,C20,4.1,335,0.0
2025-10-09,C21-O01,C21,4.1,234,0.0
2025-10-09,C21-O02,C21,4.1,317,0.0
2025-10-09,C21-O03,C21,4.1,183,0.0
2025-10-09,C21-O04,C21,4.1,287,0.0
2025-10-09,C21-O05,C21,4.1,290,0.0
2025-10-09,C21-O06,C21,4.1,211,0.0
2025-10-09,C21-O07,C21,4.1,244,0.0
2025-10-09,C21-O08,C21,4.1,262,0.0
2025-10-09,C21-O09,C21,4.1,242,0.0
2025-10-09,C22-O01,C22,4.1,327,0.0
2025-10-09,C22-O02,C22,4.1,417,0.0
2025-10-09,C22-O03,C22,4.1,247,0.0
2025-10-09,C22-O04,C22,4.1,333,0.0
2025-10-09,C22-O05,C22,4.1,232,0.0
2025-10-09,C22-O06,C22,4.1,229,0.0
2025-10-09,C22-O07,C22,4.1,195,0.0
2025-10-09,C22-O08,C22,4.1,248,0.0
2025-10-09,C22-O09,C22,4.1,353,0.0
2025-10-09,C22-O10,C22,4.1,362,0.0
2025-10-09,C22-O11,C22,4.1,342,0.0
2025-10-09,C22-O12,C22,4.1,335,0.0
2025-10-09,C22-O13,C22,4.1,299,0.0
2025-10-09,C22-O14,C22,4.1,317,0.0
2025-10-09,C22-O15,C22,4.1,235,0.0
2025-10-09,C22-O16,C22,4.1,353,0.0
2025-10-09,C22-O17,C22,4.1,300,0.0
2025-10-09,C22-O18,C22,4.1,265,0.0
2025-10-09,C23-O01,C23,4.1,307,0.0
2025-10-09,C23-O02,C23,4.1,259,103.0
2025-10-09,C23-O03,C23,4.1,211,0.0
2025-10-09,C23-O04,C23,4.1,173,0.0
2025-10-09,C23-O05,C23,4.1,287,0.0
2025-10-09,C23-O06,C23,4.1,181,0.0
2025-10-09,C24-O01,C24,4.1,345,0.0
2025-10-09,C24-O02,C24,4.1,256,0.0
2025-10-09,C24-O03,C24,4.1,221,0.0
2025-10-09,C24-O04,C24,4.1,351,0.0
2025-10-09,C24-O05,C24,4.1,390,0.0
2025-10-09,C24-O06,C24,4.1,285,0.0
2025-10-09,C24-O07,C24,4.1,256,0.0
2025-10-09,C24-O08,C24,4.1,332,0.0
2025-10-09,C24-O09,C24,4.1,304,0.0
2025-10-09,C24-O10,C24,4.1,308,0.0
2025-10-09,C25-O01,C25,4.1,236,0.0
2025-10-09,C25-O02,C25,4.1,240,0.0
2025-10-09,C25-O03,C25,4.1,296,0.0
2025-10-09,C25-O04,C25,4.1,233,0.0
2025-10-09,C25-O05,C25,4.1,284,0.0
2025-10-09,C25-O06,C25,4.1,309,0.0
2025-10-09,C25-O07,C25,4.1,350,0.0
2025-10-09,C25-O08,C25,4.1,249,0.0
2025-10-09,C25-O09,C25,4.1,237,0.0
2025-10-09,C25-O10,C25,4.1,393,157.0
2025-10-09,C25-O11,C25,4.1,298,0.0
2025-10-09,C25-O12,C25,4.1,371,0.0
2025-10-09,C25-O13,C25,4.1,356,0.0
2025-10-09,C25-O14,C25,4.1,368,0.0
2025-10-09,C25-O15,C25,4.1,238,0.0
2025-10-09,C26-O01,C26,4.1,250,0.0
2025-10-09,C26-O02,C26,4.1,157,0.0
2025-10-09,C26-O03,C26,4.1,199,0.0
2025-10-09,C26-O04,C26,4.1,169,0.0
2025-10-09,C26-O05,C26,4.1,221,0.0
2025-10-09,C26-O06,C26,4.1,263,0.0
2025-10-09,C26-O07,C26,4.1,233,0.0
2025-10-09,C26-O08,C26,4.1,170,0.0
2025-10-09,C26-O09,C26,4.1,319,0.0
2025-10-09,C26-O10,C26,4.1,209,0.0
2025-10-09,C27-O01,C27,4.1,131,0.0
2025-10-09,C27-O02,C27,4.1,98,0.0
2025-10-09,C27-O03,C27,4.1,88,0.0
2025-10-09,C27-O04,C27,4.1,125,0.0
2025-10-09,C27-O05,C27,4.1,124,0.0
2025-10-09,C27-O06,C27,4.1,77,0.0
2025-10-09,C27-O07,C27,4.1,123,0.0
2025-10-09,C27-O08,C27,4.1,110,0.0
2025-10-09,C27-O09,C27,4.1,81,0.0
2025-10-09,C27-O10,C27,4.1,99,0.0
2025-10-09,C27-O11,C27,4.1,149,0.0
2025-10-09,C27-O12,C27,4.1,105,0.0
2025-10-09,C27-O13,C27,4.1,96,0.0
2025-10-09,C27-O14,C27,4.1,87,0.0
2025-10-09,C27-O15,C27,4.1,112,0.0
2025-10-09,C27-O16,C27,4.1,134,0.0
2025-10-09,C27-O17,C27,4.1,121,0.0
2025-10-09,C27-O18,C27,4.1,130,0.0
2025-10-09,C27-O19,C27,4.1,125,0.0
2025-10-09,C27-O20,C27,4.1,80,0.0
2025-10-09,C27-O21,C27,4.1,149,0.0
2025-10-09,C27-O22,C27,4.1,93,0.0
2025-10-09,C28-O01,C28,4.1,346,0.0
2025-10-09,C28-O02,C28,4.1,318,0.0
2025-10-09,C28-O03,C28,4.1,350,0.0
2025-10-09,C28-O04,C28,4.1,335,0.0
2025-10-09,C28-O05,C28,4.1,352,0.0
2025-10-09,C28-O06,C28,4.1,369,147.0
2025-10-09,C28-O07,C28,4.1,281,0.0
2025-10-09,C28-O08,C28,4.1,312,0.0
2025-10-09,C28-O09,C28,4.1,252,0.0
2025-10-09,C28-O10,C28,4.1,324,0.0
2025-10-09,C28-O11,C28,4.1,294,117.0
2025-10-09,C28-O12,C28,4.1,307,0.0
2025-10-09,C29-O01,C29,4.1,110,0.0
2025-10-09,C29-O02,C29,4.1,156,0.0
2025-10-09,C29-O03,C29,4.1,113,0.0
2025-10-09,C29-O04,C29,4.1,124,0.0
2025-10-09,C29-O05,C29,4.1,134,0.0
2025-10-09,C29-O06,C29,4.1,165,0.0
2025-10-09,C29-O07,C29,4.1,108,0.0
2025-10-09,C29-O08,C29,4.1,161,0.0
2025-10-09,C29-O09,C29,4.1,185,0.0
2025-10-09,C29-O10,C29,4.1,129,0.0
2025-10-09,C29-O11,C29,4.1,136,0.0
2025-10-09,C29-O12,C29,4.1,132,0.0
2025-10-09,C30-O01,C30,4.1,261,0.0
2025-10-09,C30-O02,C30,4.1,190,0.0
2025-10-09,C30-O03,C30,4.1,210,0.0
2025-10-09,C30-O04,C30,4.1,223,0.0
2025-10-09,C30-O05,C30,4.1,266,0.0
2025-10-09,C30-O06,C30,4.1,160,0.0
2025-10-09,C30-O07,C30,4.1,205,0.0
2025-10-09,C30-O08,C30,4.1,324,0.0
2025-10-09,C30-O09,C30,4.1,222,0.0
2025-10-09,C30-O10,C30,4.1,304,0.0
2025-10-09,C30-O11,C30,4.1,291,0.0
2025-10-09,C30-O12,C30,4.1,293,0.0
2025-10-09,C30-O13,C30,4.1,203,0.0
2025-10-09,C30-O14,C30,4.1,291,0.0
2025-10-09,C30-O15,C30,4.1,197,0.0
2025-10-09,C30-O16,C30,4.1,300,0.0
2025-10-09,C30-O17,C30,4.1,282,0.0
2025-10-09,C31-O01,C31,4.1,79,0.0
2025-10-09,C31-O02,C31,4.1,79,0.0
2025-10-09,C31-O03,C31,4.1,90,0.0
2025-10-09,C31-O04,C31,4.1,71,0.0
2025-10-09,C31-O05,C31,4.1,61,0.0
2025-10-09,C31-O06,C31,4.1,70,0.0
2025-10-09,C31-O07,C31,4.1,52,0.0
2025-10-09,C31-O08,C31,4.1,95,0.0
2025-10-09,C31-O09,C31,4.1,75,0.0
2025-10-09,C31-O10,C31,4.1,80,0.0
2025-10-09,C31-O11,C31,4.1,87,0.0
2025-10-09,C31-O12,C31,4.1,63,0.0
2025-10-09,C31-O13,C31,4.1,77,0.0
2025-10-09,C32-O01,C32,4.1,360,0.0
2025-10-09,C32-O02,C32,4.1,229,0.0
2025-10-09,C32-O03,C32,4.1,274,0.0
2025-10-09,C32-O04,C32,4.1,335,0.0
2025-10-09,C32-O05,C32,4.1,266,0.0
2025-10-09,C32-O06,C32,4.1,351,0.0
2025-10-09,C32-O07,C32,4.1,394,0.0
2025-10-09,C32-O08,C32,4.1,259,0.0
2025-10-09,C32-O09,C32,4.1,244,0.0
2025-10-09,C32-O10,C32,4.1,276,0.0
2025-10-09,C32-O11,C32,4.1,348,0.0
2025-10-09,C32-O12,C32,4.1,255,0.0
2025-10-09,C32-O13,C32,4.1,353,0.0
2025-10-09,C32-O14,C32,4.1,213,0.0
2025-10-09,C33-O01,C33,4.1,199,0.0
2025-10-09,C33-O02,C33,4.1,222,0.0
2025-10-09,C33-O03,C33,4.1,237,0.0
2025-10-09,C33-O04,C33,4.1,298,0.0
2025-10-09,C34-O01,C34,4.1,272,0.0
2025-10-09,C34-O02,C34,4.1,394,0.0
2025-10-09,C34-O03,C34,4.1,359,0.0
2025-10-09,C34-O04,C34,4.1,322,0.0
2025-10-09,C34-O05,C34,4.1,386,0.0
2025-10-09,C34-O06,C34,4.1,230,0.0
2025-10-09,C34-O07,C34,4.1,274,0.0
2025-10-09,C34-O08,C34,4.1,299,0.0
2025-10-09,C34-O09,C34,4.1,299,0.0
2025-10-09,C34-O10,C34,4.1,217,0.0
2025-10-09,C34-O11,C34,4.1,356,142.0
2025-10-09,C34-O12,C34,4.1,212,0.0
2025-10-09,C35-O01,C35,4.1,257,0.0
2025-10-09,C35-O02,C35,4.1,283,0.0
2025-10-09,C35-O03,C35,4.1,252,101.0
2025-10-09,C35-O04,C35,4.1,316,0.0
2025-10-09,C35-O05,C35,4.1,266,0.0
2025-10-09,C35-O06,C35,4.1,263,0.0
2025-10-09,C35-O07,C35,4.1,341,0.0
2025-10-09,C35-O08,C35,4.1,313,0.0
2025-10-09,C35-O09,C35,4.1,239,0.0
2025-10-09,C35-O10,C35,4.1,385,0.0
2025-10-09,C35-O11,C35,4.1,346,138.0
2025-10-09,C35-O12,C35,4.1,332,0.0
2025-10-09,C35-O13,C35,4.1,367,0.0
2025-10-09,C35-O14,C35,4.1,292,0.0
2025-10-09,C35-O15,C35,4.1,290,0.0
2025-10-09,C35-O16,C35,4.1,262,0.0
2025-10-09,C35-O17,C35,4.1,345,0.0
2025-10-09,C35-O18,C35,4.1,341,0.0
2025-10-09,C35-O19,C35,4.1,245,0.0
2025-10-09,C35-O20,C35,4.1,277,0.0
2025-10-09,C35-O21,C35,4.1,391,0.0
2025-10-09,C35-O22,C35,4.1,357,0.0
2025-10-09,C36-O01,C36,4.1,304,0.0
2025-10-09,C36-O02,C36,4.1,274,0.0
2025-10-09,C36-O03,C36,4.1,194,0.0
2025-10-09,C36-O04,C36,4.1,235,0.0
2025-10-09,C36-O05,C36,4.1,244,0.0
2025-10-09,C36-O06,C36,4.1,180,0.0
2025-10-09,C36-O07,C36,4.1,281,0.0
2025-10-09,C36-O08,C36,4.1,309,0.0
2025-10-09,C36-O09,C36,4.1,186,0.0
2025-10-09,C36-O10,C36,4.1,294,0.0
2025-10-09,C36-O11,C36,4.1,302,0.0
2025-10-09,C37-O01,C37,4.1,301,0.0
2025-10-09,C37-O02,C37,4.1,226,0.0
2025-10-09,C37-O03,C37,4.1,261,0.0
2025-10-09,C37-O04,C37,4.1,258,0.0
2025-10-09,C37-O05,C37,4.1,377,0.0
2025-10-09,C37-O06,C37,4.1,342,0.0
2025-10-09,C37-O07,C37,4.1,277,0.0
2025-10-09,C37-O08,C37,4.1,297,0.0
2025-10-09,C37-O09,C37,4.1,238,0.0
2025-10-09,C37-O10,C37,4.1,243,97.0
2025-10-09,C37-O11,C37,4.1,287,0.0
2025-10-09,C37-O12,C37,4.1,367,0.0
2025-10-09,C38-O01,C38,4.1,332,0.0
2025-10-09,C38-O02,C38,4.1,220,0.0
2025-10-09,C38-O03,C38,4.1,295,0.0
2025-10-09,C38-O04,C38,4.1,215,0.0
2025-10-09,C38-O05,C38,4.1,306,0.0
2025-10-09,C38-O06,C38,4.1,299,0.0
2025-10-09,C38-O07,C38,4.1,304,0.0
2025-10-09,C38-O08,C38,4.1,271,0.0
2025-10-09,C38-O09,C38,4.1,260,0.0
2025-10-09,C38-O10,C38,4.1,397,0.0
2025-10-09,C38-O11,C38,4.1,268,0.0
2025-10-09,C38-O12,C38,4.1,241,0.0
2025-10-09,C38-O13,C38,4.1,378,0.0
2025-10-09,C38-O14,C38,4.1,222,0.0
2025-10-09,C38-O15,C38,4.1,271,0.0
2025-10-09,C38-O16,C38,4.1,247,0.0
2025-10-09,C38-O17,C38,4.1,301,0.0
2025-10-09,C38-O18,C38,4.1,353,0.0
2025-10-09,C38-O19,C38,4.1,223,0.0
2025-10-09,C38-O20,C38,4.1,373,0.0
2025-10-09,C38-O21,C38,4.1,276,0.0
2025-10-09,C39-O01,C39,4.1,185,0.0
2025-10-09,C39-O02,C39,4.1,198,79.0
2025-10-09,C39-O03,C39,4.1,264,0.0
2025-10-09,C39-O04,C39,4.1,307,0.0
2025-10-09,C39-O05,C39,4.1,249,99.0
2025-10-09,C39-O06,C39,4.1,165,0.0
2025-10-09,C39-O07,C39,4.1,232,0.0
2025-10-09,C39-O08,C39,4.1,173,0.0
2025-10-09,C39-O09,C39,4.1,221,0.0
2025-10-09,C39-O10,C39,4.1,226,0.0
2025-10-09,C39-O11,C39,4.1,271,0.0
2025-10-09,C39-O12,C39,4.1,274,0.0
2025-10-09,C39-O13,C39,4.1,229,0.0
2025-10-09,C39-O14,C39,4.1,159,0.0
2025-10-09,C39-O15,C39,4.1,295,0.0
2025-10-09,C39-O16,C39,4.1,164,0.0
2025-10-09,C39-O17,C39,4.1,184,0.0
2025-10-09,C39-O18,C39,4.1,177,0.0
2025-10-09,C39-O19,C39,4.1,290,0.0
2025-10-09,C40-O01,C40,4.1,342,0.0
2025-10-09,C40-O02,C40,4.1,391,0.0
2025-10-09,C40-O03,C40,4.1,306,0.0
2025-10-09,C40-O04,C40,4.1,225,0.0
2025-10-09,C40-O05,C40,4.1,338,0.0
2025-10-09,C40-O06,C40,4.1,402,0.0
2025-10-09,C40-O07,C40,4.1,255,0.0
2025-10-09,C40-O08,C40,4.1,270,0.0
2025-10-09,C40-O09,C40,4.1,368,0.0
2025-10-09,C40-O10,C40,4.1,419,0.0
2025-10-10,C01-O01,C01,4.1,170,0.0
2025-10-10,C01-O02,C01,4.1,177,0.0
2025-10-10,C01-O03,C01,4.1,319,0.0
2025-10-10,C01-O04,C01,4.1,179,0.0
2025-10-10,C01-O05,C01,4.1,280,0.0
2025-10-10,C01-O06,C01,4.1,293,0.0
2025-10-10,C01-O07,C01,4.1,177,0.0
2025-10-10,C01-O08,C01,4.1,256,0.0
2025-10-10,C01-O09,C01,4.1,212,0.0
2025-10-10,C01-O10,C01,4.1,195,0.0
2025-10-10,C01-O11,C01,4.1,172,0.0
2025-10-10,C01-O12,C01,4.1,216,0.0
2025-10-10,C01-O13,C01,4.1,201,0.0
2025-10-10,C01-O14,C01,4.1,262,0.0
2025-10-10,C01-O15,C01,4.1,326,0.0
2025-10-10,C01-O16,C01,4.1,180,0.0
2025-10-10,C01-O17,C01,4.1,259,0.0
2025-10-10,C01-O18,C01,4.1,304,0.0
2025-10-10,C01-O19,C01,4.1,282,0.0
2025-10-10,C01-O20,C01,4.1,165,0.0
2025-10-10,C01-O21,C01,4.1,240,0.0
2025-10-10,C01-O22,C01,4.1,180,0.0
2025-10-10,C01-O23,C01,4.1,173,0.0
2025-10-10,C01-O24,C01,4.1,279,0.0
2025-10-10,C01-O25,C01,4.1,287,0.0
2025-10-10,C01-O26,C01,4.1,213,0.0
2025-10-10,C01-O27,C01,4.1,232,0.0
2025-10-10,C01-O28,C01,4.1,168,0.0
2025-10-10,C01-O29,C01,4.1,297,0.0
2025-10-10,C01-O30,C01,4.1,229,91.0
2025-10-10,C01-O31,C01,4.1,273,0.0
2025-10-10,C01-O32,C01,4.1,208,0.0
2025-10-10,C01-O33,C01,4.1,269,0.0
2025-10-10,C01-O34,C01,4.1,194,0.0
2025-10-10,C01-O35,C01,4.1,176,0.0
2025-10-10,C01-O36,C01,4.1,199,0.0
2025-10-10,C01-O37,C01,4.1,276,0.0
2025-10-10,C01-O38,C01,4.1,197,0.0
2025-10-10,C01-O39,C01,4.1,279,0.0
2025-10-10,C01-O40,C01,4.1,328,0.0
2025-10-10,C01-O41,C01,4.1,215,0.0
2025-10-10,C01-O42,C01,4.1,333,0.0
2025-10-10,C02-O01,C02,4.1,75,0.0
2025-10-10,C02-O02,C02,4.1,84,0.0
2025-10-10,C02-O03,C02,4.1,59,0.0
2025-10-10,C02-O04,C02,4.1,51,0.0
2025-10-10,C02-O05,C02,4.1,66,0.0
2025-10-10,C02-O06,C02,4.1,95,0.0
2025-10-10,C02-O07,C02,4.1,84,0.0
2025-10-10,C02-O08,C02,4.1,63,0.0
2025-10-10,C02-O09,C02,4.1,67,0.0
2025-10-10,C02-O10,C02,4.1,94,0.0
2025-10-10,C02-O11,C02,4.1,57,0.0
2025-10-10,C02-O12,C02,4.1,79,0.0
2025-10-10,C02-O13,C02,4.1,47,0.0
2025-10-10,C02-O14,C02,4.1,59,0.0
2025-10-10,C02-O15,C02,4.1,77,0.0
2025-10-10,C02-O16,C02,4.1,53,0.0
2025-10-10,C02-O17,C02,4.1,55,0.0
2025-10-10,C02-O18,C02,4.1,76,0.0
2025-10-10,C02-O19,C02,4.1,69,0.0
2025-10-10,C02-O20,C02,4.1,89,0.0
2025-10-10,C02-O21,C02,4.1,82,0.0
2025-10-10,C02-O22,C02,4.1,70,0.0
2025-10-10,C02-O23,C02,4.1,61,0.0
2025-10-10,C02-O24,C02,4.1,77,0.0
2025-10-10,C02-O25,C02,4.1,69,0.0
2025-10-10,C03-O01,C03,4.1,99,39.0
2025-10-10,C03-O02,C03,4.1,89,35.0
2025-10-10,C03-O03,C03,4.1,92,36.0
2025-10-10,C03-O04,C03,4.1,140,56.0
2025-10-10,C03-O05,C03,4.1,123,49.0
2025-10-10,C03-O06,C03,4.1,95,38.0
2025-10-10,C03-O07,C03,4.1,105,0.0
2025-10-10,C03-O08,C03,4.1,127,0.0
2025-10-10,C03-O09,C03,4.1,127,0.0
2025-10-10,C03-O10,C03,4.1,128,0.0
2025-10-10,C03-O11,C03,4.1,84,0.0
2025-10-10,C03-O12,C03,4.1,99,0.0
2025-10-10,C03-O13,C03,4.1,134,0.0
2025-10-10,C03-O14,C03,4.1,103,0.0
2025-10-10,C03-O15,C03,4.1,109,0.0
2025-10-10,C03-O16,C03,4.1,143,0.0
2025-10-10,C03-O17,C03,4.1,81,0.0
2025-10-10,C03-O18,C03,4.1,97,0.0
2025-10-10,C04-O01,C04,4.1,69,0.0
2025-10-10,C04-O02,C04,4.1,74,0.0
2025-10-10,C04-O03,C04,4.1,75,0.0
2025-10-10,C04-O04,C04,4.1,54,0.0
2025-10-10,C04-O05,C04,4.1,52,0.0
2025-10-10,C04-O06,C04,4.1,57,0.0
2025-10-10,C04-O07,C04,4.1,54,0.0
2025-10-10,C04-O08,C04,4.1,63,0.0
2025-10-10,C05-O01,C05,4.1,241,96.0
2025-10-10,C05-O02,C05,4.1,254,101.0
2025-10-10,C05-O03,C05,4.1,232,92.0
2025-10-10,C05-O04,C05,4.1,250,100.0
2025-10-10,C05-O05,C05,4.1,225,90.0
2025-10-10,C05-O06,C05,4.1,202,0.0
2025-10-10,C05-O07,C05,4.1,245,0.0
2025-10-10,C05-O08,C05,4.1,375,0.0
2025-10-10,C05-O09,C05,4.1,327,0.0
2025-10-10,C05-O10,C05,4.1,230,0.0
2025-10-10,C05-O11,C05,4.1,329,0.0
2025-10-10,C05-O12,C05,4.1,319,0.0
2025-10-10,C05-O13,C05,4.1,240,0.0
2025-10-10,C05-O14,C05,4.1,273,0.0
2025-10-10,C05-O15,C05,4.1,214,0.0
2025-10-10,C05-O16,C05,4.1,268,0.0
2025-10-10,C05-O17,C05,4.1,224,0.0
2025-10-10,C05-O18,C05,4.1,372,0.0
2025-10-10,C05-O19,C05,4.1,406,0.0
2025-10-10,C05-O20,C05,4.1,225,0.0
2025-10-10,C05-O21,C05,4.1,352,0.0
2025-10-10,C05-O22,C05,4.1,221,0.0
2025-10-10,C05-O23,C05,4.1,315,0.0
2025-10-10,C05-O24,C05,4.1,371,0.0
2025-10-10,C06-O01,C06,4.1,220,0.0
2025-10-10,C06-O02,C06,4.1,273,0.0
2025-10-10,C06-O03,C06,4.1,308,0.0
2025-10-10,C06-O04,C06,4.1,278,0.0
2025-10-10,C06-O05,C06,4.1,339,0.0
2025-10-10,C06-O06,C06,4.1,322,0.0
2025-10-10,C06-O07,C06,4.1,283,0.0
2025-10-10,C06-O08,C06,4.1,242,0.0
2025-10-10,C06-O09,C06,4.1,182,0.0
2025-10-10,C06-O10,C06,4.1,270,0.0
2025-10-10,C06-O11,C06,4.1,263,0.0
2025-10-10,C06-O12,C06,4.1,293,0.0
2025-10-10,C06-O13,C06,4.1,243,0.0
2025-10-10,C06-O14,C06,4.1,284,0.0
2025-10-10,C06-O15,C06,4.1,198,0.0
2025-10-10,C06-O16,C06,4.1,246,0.0
2025-10-10,C06-O17,C06,4.1,213,0.0
2025-10-10,C06-O18,C06,4.1,251,0.0
2025-10-10,C06-O19,C06,4.1,252,0.0
2025-10-10,C06-O20,C06,4.1,224,0.0
2025-10-10,C06-O21,C06,4.1,184,0.0
2025-10-10,C06-O22,C06,4.1,308,0.0
2025-10-10,C06-O23,C06,4.1,222,0.0
2025-10-10,C06-O24,C06,4.1,274,0.0
2025-10-10,C06-O25,C06,4.1,289,0.0
2025-10-10,C06-O26,C06,4.1,286,0.0
2025-10-10,C06-O27,C06,4.1,243,0.0
2025-10-10,C06-O28,C06,4.1,286,0.0
2025-10-10,C06-O29,C06,4.1,308,0.0
2025-10-10,C06-O30,C06,4.1,316,126.0
2025-10-10,C07-O01,C07,4.1,205,0.0
2025-10-10,C07-O02,C07,4.1,217,0.0
2025-10-10,C07-O03,C07,4.1,188,0.0
2025-10-10,C07-O04,C07,4.1,212,0.0
2025-10-10,C07-O05,C07,4.1,172,0.0
2025-10-10,C07-O06,C07,4.1,293,0.0
2025-10-10,C07-O07,C07,4.1,198,0.0
2025-10-10,C07-O08,C07,4.1,203,0.0
2025-10-10,C07-O09,C07,4.1,222,0.0
2025-10-10,C07-O10,C07,4.1,200,0.0
2025-10-10,C07-O11,C07,4.1,264,0.0
2025-10-10,C07-O12,C07,4.1,232,0.0
2025-10-10,C07-O13,C07,4.1,248,0.0
2025-10-10,C07-O14,C07,4.1,196,0.0
2025-10-10,C07-O15,C07,4.1,300,0.0
2025-10-10,C07-O16,C07,4.1,181,0.0
2025-10-10,C07-O17,C07,4.1,264,0.0
2025-10-10,C07-O18,C07,4.1,209,0.0
2025-10-10,C07-O19,C07,4.1,219,0.0
2025-10-10,C07-O20,C07,4.1,273,0.0
2025-10-10,C07-O21,C07,4.1,213,0.0
2025-10-10,C08-O01,C08,4.1,253,0.0
2025-10-10,C08-O02,C08,4.1,279,0.0
2025-10-10,C08-O03,C08,4.1,222,0.0
2025-10-10,C08-O04,C08,4.1,298,0.0
2025-10-10,C08-O05,C08,4.1,208,0.0
2025-10-10,C08-O06,C08,4.1,312,0.0
2025-10-10,C08-O07,C08,4.1,291,0.0
2025-10-10,C08-O08,C08,4.1,315,0.0
2025-10-10,C08-O09,C08,4.1,254,0.0
2025-10-10,C08-O10,C08,4.1,352,0.0
2025-10-10,C08-O11,C08,4.1,224,0.0
2025-10-10,C08-O12,C08,4.1,229,0.0
2025-10-10,C08-O13,C08,4.1,311,0.0
2025-10-10,C08-O14,C08,4.1,227,0.0
2025-10-10,C09-O01,C09,4.1,125,0.0
2025-10-10,C09-O02,C09,4.1,123,0.0
2025-10-10,C09-O03,C09,4.1,97,0.0
2025-10-10,C09-O04,C09,4.1,76,0.0
2025-10-10,C09-O05,C09,4.1,135,0.0
2025-10-10,C09-O06,C09,4.1,79,0.0
2025-10-10,C09-O07,C09,4.1,72,0.0
2025-10-10,C09-O08,C09,4.1,141,0.0
2025-10-10,C09-O09,C09,4.1,82,0.0
2025-10-10,C09-O10,C09,4.1,111,0.0
2025-10-10,C09-O11,C09,4.1,101,0.0
2025-10-10,C09-O12,C09,4.1,73,0.0
2025-10-10,C09-O13,C09,4.1,84,0.0
2025-10-10,C09-O14,C09,4.1,116,0.0
2025-10-10,C09-O15,C09,4.1,105,0.0
2025-10-10,C10-O01,C10,4.1,205,0.0
2025-10-10,C10-O02,C10,4.1,209,83.0
2025-10-10,C10-O03,C10,4.1,248,99.0
2025-10-10,C10-O04,C10,4.1,310,0.0
2025-10-10,C10-O05,C10,4.1,162,0.0
2025-10-10,C10-O06,C10,4.1,203,0.0
2025-10-10,C10-O07,C10,4.1,293,0.0
2025-10-10,C10-O08,C10,4.1,301,0.0
2025-10-10,C10-O09,C10,4.1,197,0.0
2025-10-10,C10-O10,C10,4.1,192,0.0
2025-10-10,C10-O11,C10,4.1,226,0.0
2025-10-10,C10-O12,C10,4.1,233,0.0
2025-10-10,C10-O13,C10,4.1,160,0.0
2025-10-10,C10-O14,C10,4.1,172,0.0
2025-10-10,C10-O15,C10,4.1,268,0.0
2025-10-10,C10-O16,C10,4.1,226,0.0
2025-10-10,C10-O17,C10,4.1,185,0.0
2025-10-10,C10-O18,C10,4.1,265,0.0
2025-10-10,C10-O19,C10,4.1,215,0.0
2025-10-10,C10-O20,C10,4.1,286,0.0
2025-10-10,C10-O21,C10,4.1,218,0.0
2025-10-10,C11-O01,C11,4.1,384,0.0
2025-10-10,C11-O02,C11,4.1,378,0.0
2025-10-10,C11-O03,C11,4.1,336,0.0
2025-10-10,C11-O04,C11,4.1,244,0.0
2025-10-10,C11-O05,C11,4.1,324,0.0
2025-10-10,C11-O06,C11,4.1,213,0.0
2025-10-10,C11-O07,C11,4.1,336,0.0
2025-10-10,C11-O08,C11,4.1,348,0.0
2025-10-10,C11-O09,C11,4.1,331,0.0
2025-10-10,C11-O10,C11,4.1,370,0.0
2025-10-10,C11-O11,C11,4.1,211,0.0
2025-10-10,C11-O12,C11,4.1,358,0.0
2025-10-10,C11-O13,C11,4.1,311,0.0
2025-10-10,C11-O14,C11,4.1,269,0.0
2025-10-10,C11-O15,C11,4.1,363,0.0
2025-10-10,C11-O16,C11,4.1,304,0.0
2025-10-10,C11-O17,C11,4.1,332,0.0
2025-10-10,C11-O18,C11,4.1,286,0.0
2025-10-10,C11-O19,C11,4.1,273,0.0
2025-10-10,C11-O20,C11,4.1,377,0.0
2025-10-10,C11-O21,C11,4.1,390,0.0
2025-10-10,C11-O22,C11,4.1,344,0.0
2025-10-10,C12-O01,C12,4.1,188,0.0
2025-10-10,C12-O02,C12,4.1,171,0.0
2025-10-10,C12-O03,C12,4.1,110,0.0
2025-10-10,C12-O04,C12,4.1,173,0.0
2025-10-10,C12-O05,C12,4.1,164,0.0
2025-10-10,C12-O06,C12,4.1,143,0.0
2025-10-10,C12-O07,C12,4.1,130,0.0
2025-10-10,C12-O08,C12,4.1,133,53.0
2025-10-10,C12-O09,C12,4.1,147,0.0
2025-10-10,C12-O10,C12,4.1,150,0.0
2025-10-10,C12-O11,C12,4.1,115,0.0
2025-10-10,C12-O12,C12,4.1,117,0.0
2025-10-10,C12-O13,C12,4.1,167,0.0
2025-10-10,C12-O14,C12,4.1,153,0.0
2025-10-10,C12-O15,C12,4.1,183,0.0
2025-10-10,C12-O16,C12,4.1,129,0.0
2025-10-10,C12-O17,C12,4.1,121,0.0
2025-10-10,C12-O18,C12,4.1,198,0.0
2025-10-10,C12-O19,C12,4.1,131,0.0
2025-10-10,C12-O20,C12,4.1,139,0.0
2025-10-10,C12-O21,C12,4.1,128,0.0
2025-10-10,C12-O22,C12,4.1,113,0.0
2025-10-10,C12-O23,C12,4.1,196,0.0
2025-10-10,C12-O24,C12,4.1,199,0.0
2025-10-10,C13-O01,C13,4.1,173,0.0
2025-10-10,C13-O02,C13,4.1,287,0.0
2025-10-10,C13-O03,C13,4.1,201,0.0
2025-10-10,C13-O04,C13,4.1,237,0.0
2025-10-10,C13-O05,C13,4.1,242,0.0
2025-10-10,C13-O06,C13,4.1,236,0.0
2025-10-10,C13-O07,C13,4.1,216,0.0
2025-10-10,C13-O08,C13,4.1,225,0.0
2025-10-10,C13-O09,C13,4.1,283,0.0
2025-10-10,C13-O10,C13,4.1,243,0.0
2025-10-10,C13-O11,C13,4.1,192,0.0
2025-10-10,C13-O12,C13,4.1,288,0.0
2025-10-10,C13-O13,C13,4.1,250,0.0
2025-10-10,C13-O14,C13,4.1,189,0.0
2025-10-10,C13-O15,C13,4.1,270,0.0
2025-10-10,C13-O16,C13,4.1,263,0.0
2025-10-10,C13-O17,C13,4.1,273,0.0
2025-10-10,C14-O01,C14,4.1,416,0.0
2025-10-10,C14-O02,C14,4.1,250,0.0
2025-10-10,C14-O03,C14,4.1,327,0.0
2025-10-10,C14-O04,C14,4.1,234,0.0
2025-10-10,C14-O05,C14,4.1,332,0.0
2025-10-10,C14-O06,C14,4.1,311,0.0
2025-10-10,C14-O07,C14,4.1,300,0.0
2025-10-10,C14-O08,C14,4.1,256,0.0
2025-10-10,C15-O01,C15,4.1,176,0.0
2025-10-10,C15-O02,C15,4.1,289,0.0
2025-10-10,C15-O03,C15,4.1,239,0.0
2025-10-10,C15-O04,C15,4.1,209,0.0
2025-10-10,C15-O05,C15,4.1,233,0.0
2025-10-10,C15-O06,C15,4.1,211,0.0
2025-10-10,C15-O07,C15,4.1,245,0.0
2025-10-10,C15-O08,C15,4.1,248,0.0
2025-10-10,C15-O09,C15,4.1,252,0.0
2025-10-10,C15-O10,C15,4.1,170,0.0
2025-10-10,C15-O11,C15,4.1,240,0.0
2025-10-10,C15-O12,C15,4.1,261,0.0
2025-10-10,C15-O13,C15,4.1,195,78.0
2025-10-10,C15-O14,C15,4.1,256,0.0
2025-10-10,C15-O15,C15,4.1,232,0.0
2025-10-10,C15-O16,C15,4.1,295,0.0
2025-10-10,C15-O17,C15,4.1,218,0.0
2025-10-10,C15-O18,C15,4.1,158,0.0
2025-10-10,C15-O19,C15,4.1,193,0.0
2025-10-10,C15-O20,C15,4.1,278,111.0
2025-10-10,C15-O21,C15,4.1,191,0.0
2025-10-10,C15-O22,C15,4.1,231,0.0
2025-10-10,C15-O23,C15,4.1,206,0.0
2025-10-10,C16-O01,C16,4.1,70,0.0
2025-10-10,C16-O02,C16,4.1,53,0.0
2025-10-10,C16-O03,C16,4.1,84,0.0
2025-10-10,C16-O04,C16,4.1,52,0.0
2025-10-10,C16-O05,C16,4.1,54,0.0
2025-10-10,C16-O06,C16,4.1,67,0.0
2025-10-10,C16-O07,C16,4.1,50,0.0
2025-10-10,C16-O08,C16,4.1,90,0.0
2025-10-10,C17-O01,C17,4.1,86,0.0
2025-10-10,C17-O02,C17,4.1,124,0.0
2025-10-10,C17-O03,C17,4.1,121,0.0
2025-10-10,C17-O04,C17,4.1,83,0.0
2025-10-10,C17-O05,C17,4.1,107,0.0
2025-10-10,C17-O06,C17,4.1,90,0.0
2025-10-10,C17-O07,C17,4.1,102,0.0
2025-10-10,C17-O08,C17,4.1,114,0.0
2025-10-10,C17-O09,C17,4.1,89,0.0
2025-10-10,C17-O10,C17,4.1,105,0.0
2025-10-10,C18-O01,C18,4.1,368,0.0
2025-10-10,C18-O02,C18,4.1,284,0.0
2025-10-10,C18-O03,C18,4.1,212,0.0
2025-10-10,C18-O04,C18,4.1,255,0.0
2025-10-10,C18-O05,C18,4.1,269,107.0
2025-10-10,C18-O06,C18,4.1,238,0.0
2025-10-10,C18-O07,C18,4.1,295,0.0
2025-10-10,C18-O08,C18,4.1,221,0.0
2025-10-10,C19-O01,C19,4.1,313,0.0
2025-10-10,C19-O02,C19,4.1,281,0.0
2025-10-10,C19-O03,C19,4.1,222,89.0
2025-10-10,C19-O04,C19,4.1,191,0.0
2025-10-10,C19-O05,C19,4.1,181,0.0
2025-10-10,C19-O06,C19,4.1,252,0.0
2025-10-10,C19-O07,C19,4.1,303,0.0
2025-10-10,C19-O08,C19,4.1,291,0.0
2025-10-10,C20-O01,C20,4.1,354,0.0
2025-10-10,C20-O02,C20,4.1,349,0.0
2025-10-10,C20-O03,C20,4.1,250,0.0
2025-10-10,C20-O04,C20,4.1,217,0.0
2025-10-10,C20-O05,C20,4.1,338,0.0
2025-10-10,C21-O01,C21,4.1,201,0.0
2025-10-10,C21-O02,C21,4.1,312,0.0
2025-10-10,C21-O03,C21,4.1,200,0.0
2025-10-10,C21-O04,C21,4.1,290,0.0
2025-10-10,C21-O05,C21,4.1,318,0.0
2025-10-10,C21-O06,C21,4.1,226,0.0
2025-10-10,C21-O07,C21,4.1,250,0.0
2025-10-10,C21-O08,C21,4.1,268,0.0
2025-10-10,C21-O09,C21,4.1,236,0.0
2025-10-10,C22-O01,C22,4.1,339,0.0
2025-10-10,C22-O02,C22,4.1,343,0.0
2025-10-10,C22-O03,C22,4.1,235,0.0
2025-10-10,C22-O04,C22,4.1,381,0.0
2025-10-10,C22-O05,C22,4.1,237,0.0
2025-10-10,C22-O06,C22,4.1,232,0.0
2025-10-10,C22-O07,C22,4.1,229,0.0
2025-10-10,C22-O08,C22,4.1,249,0.0
2025-10-10,C22-O09,C22,4.1,384,0.0
2025-10-10,C22-O10,C22,4.1,393,0.0
2025-10-10,C22-O11,C22,4.1,354,0.0
2025-10-10,C22-O12,C22,4.1,349,0.0
2025-10-10,C22-O13,C22,4.1,317,0.0
2025-10-10,C22-O14,C22,4.1,327,0.0
2025-10-10,C22-O15,C22,4.1,238,0.0
2025-10-10,C22-O16,C22,4.1,349,0.0
2025-10-10,C22-O17,C22,4.1,269,0.0
2025-10-10,C22-O18,C22,4.1,277,0.0
2025-10-10,C23-O01,C23,4.1,336,0.0
2025-10-10,C23-O02,C23,4.1,257,102.0
2025-10-10,C23-O03,C23,4.1,217,0.0
2025-10-10,C23-O04,C23,4.1,170,0.0
2025-10-10,C23-O05,C23,4.1,303,0.0
2025-10-10,C23-O06,C23,4.1,173,0.0
2025-10-10,C24-O01,C24,4.1,327,0.0
2025-10-10,C24-O02,C24,4.1,221,0.0
2025-10-10,C24-O03,C24,4.1,218,0.0
2025-10-10,C24-O04,C24,4.1,401,0.0
2025-10-10,C24-O05,C24,4.1,351,0.0
2025-10-10,C24-O06,C24,4.1,287,0.0
2025-10-10,C24-O07,C24,4.1,231,0.0
2025-10-10,C24-O08,C24,4.1,334,0.0
2025-10-10,C24-O09,C24,4.1,296,0.0
2025-10-10,C24-O10,C24,4.1,333,0.0
2025-10-10,C25-O01,C25,4.1,246,0.0
2025-10-10,C25-O02,C25,4.1,205,0.0
2025-10-10,C25-O03,C25,4.1,294,0.0
2025-10-10,C25-O04,C25,4.1,272,0.0
2025-10-10,C25-O05,C25,4.1,309,0.0
2025-10-10,C25-O06,C25,4.1,325,0.0
2025-10-10,C25-O07,C25,4.1,325,0.0
2025-10-10,C25-O08,C25,4.1,254,0.0
2025-10-10,C25-O09,C25,4.1,264,0.0
2025-10-10,C25-O10,C25,4.1,379,151.0
2025-10-10,C25-O11,C25,4.1,262,0.0
2025-10-10,C25-O12,C25,4.1,403,0.0
2025-10-10,C25-O13,C25,4.1,342,0.0
2025-10-10,C25-O14,C25,4.1,336,0.0
2025-10-10,C25-O15,C25,4.1,257,0.0
2025-10-10,C26-O01,C26,4.1,242,0.0
2025-10-10,C26-O02,C26,4.1,165,0.0
2025-10-10,C26-O03,C26,4.1,183,0.0
2025-10-10,C26-O04,C26,4.1,166,0.0
2025-10-10,C26-O05,C26,4.1,219,0.0
2025-10-10,C26-O06,C26,4.1,308,0.0
2025-10-10,C26-O07,C26,4.1,232,0.0
2025-10-10,C26-O08,C26,4.1,167,0.0
2025-10-10,C26-O09,C26,4.1,282,0.0
2025-10-10,C26-O10,C26,4.1,218,0.0
2025-10-10,C27-O01,C27,4.1,122,0.0
2025-10-10,C27-O02,C27,4.1,97,0.0
2025-10-10,C27-O03,C27,4.1,85,0.0
2025-10-10,C27-O04,C27,4.1,130,0.0
2025-10-10,C27-O05,C27,4.1,140,0.0
2025-10-10,C27-O06,C27,4.1,80,0.0
2025-10-10,C27-O07,C27,4.1,120,0.0
2025-10-10,C27-O08,C27,4.1,105,0.0
2025-10-10,C27-O09,C27,4.1,82,0.0
2025-10-10,C27-O10,C27,4.1,96,0.0
2025-10-10,C27-O11,C27,4.1,144,0.0
2025-10-10,C27-O12,C27,4.1,115,0.0
2025-10-10,C27-O13,C27,4.1,92,0.0
2025-10-10,C27-O14,C27,4.1,82,0.0
2025-10-10,C27-O15,C27,4.1,125,0.0
2025-10-10,C27-O16,C27,4.1,123,0.0
2025-10-10,C27-O17,C27,4.1,128,0.0
2025-10-10,C27-O18,C27,4.1,138,0.0
2025-10-10,C27-O19,C27,4.1,126,0.0
2025-10-10,C27-O20,C27,4.1,77,0.0
2025-10-10,C27-O21,C27,4.1,137,0.0
2025-10-10,C27-O22,C27,4.1,107,0.0
2025-10-10,C28-O01,C28,4.1,303,0.0
2025-10-10,C28-O02,C28,4.1,349,0.0
2025-10-10,C28-O03,C28,4.1,332,0.0
2025-10-10,C28-O04,C28,4.1,339,0.0
2025-10-10,C28-O05,C28,4.1,330,0.0
2025-10-10,C28-O06,C28,4.1,337,134.0
2025-10-10,C28-O07,C28,4.1,277,0.0
2025-10-10,C28-O08,C28,4.1,316,0.0
2025-10-10,C28-O09,C28,4.1,289,0.0
2025-10-10,C28-O10,C28,4.1,318,0.0
2025-10-10,C28-O11,C28,4.1,299,119.0
2025-10-10,C28-O12,C28,4.1,308,0.0
2025-10-10,C29-O01,C29,4.1,101,0.0
2025-10-10,C29-O02,C29,4.1,176,0.0
2025-10-10,C29-O03,C29,4.1,112,0.0
2025-10-10,C29-O04,C29,4.1,118,0.0
2025-10-10,C29-O05,C29,4.1,145,0.0
2025-10-10,C29-O06,C29,4.1,185,0.0
2025-10-10,C29-O07,C29,4.1,107,0.0
2025-10-10,C29-O08,C29,4.1,169,0.0
2025-10-10,C29-O09,C29,4.1,180,0.0
2025-10-10,C29-O10,C29,4.1,144,0.0
2025-10-10,C29-O11,C29,4.1,139,0.0
2025-10-10,C29-O12,C29,4.1,121,0.0
2025-10-10,C30-O01,C30,4.1,273,0.0
2025-10-10,C30-O02,C30,4.1,180,0.0
2025-10-10,C30-O03,C30,4.1,212,0.0
2025-10-10,C30-O04,C30,4.1,218,0.0
2025-10-10,C30-O05,C30,4.1,267,0.0
2025-10-10,C30-O06,C30,4.1,158,0.0
2025-10-10,C30-O07,C30,4.1,185,0.0
2025-10-10,C30-O08,C30,4.1,274,0.0
2025-10-10,C30-O09,C30,4.1,251,0.0
2025-10-10,C30-O10,C30,4.1,323,0.0
2025-10-10,C30-O11,C30,4.1,295,0.0
2025-10-10,C30-O12,C30,4.1,299,0.0
2025-10-10,C30-O13,C30,4.1,227,0.0
2025-10-10,C30-O14,C30,4.1,255,0.0
2025-10-10,C30-O15,C30,4.1,167,0.0
2025-10-10,C30-O16,C30,4.1,320,0.0
2025-10-10,C30-O17,C30,4.1,307,0.0
2025-10-10,C31-O01,C31,4.1,80,0.0
2025-10-10,C31-O02,C31,4.1,86,0.0
2025-10-10,C31-O03,C31,4.1,77,0.0
2025-10-10,C31-O04,C31,4.1,70,0.0
2025-10-10,C31-O05,C31,4.1,55,0.0
2025-10-10,C31-O06,C31,4.1,78,0.0
2025-10-10,C31-O07,C31,4.1,57,0.0
2025-10-10,C31-O08,C31,4.1,91,0.0
2025-10-10,C31-O09,C31,4.1,79,0.0
2025-10-10,C31-O10,C31,4.1,76,0.0
2025-10-10,C31-O11,C31,4.1,88,0.0
2025-10-10,C31-O12,C31,4.1,68,0.0
2025-10-10,C31-O13,C31,4.1,79,0.0
2025-10-10,C32-O01,C32,4.1,332,0.0
2025-10-10,C32-O02,C32,4.1,209,0.0
2025-10-10,C32-O03,C32,4.1,288,0.0
2025-10-10,C32-O04,C32,4.1,342,0.0
2025-10-10,C32-O05,C32,4.1,271,0.0
2025-10-10,C32-O06,C32,4.1,327,0.0
2025-10-10,C32-O07,C32,4.1,401,0.0
2025-10-10,C32-O08,C32,4.1,266,0.0
2025-10-10,C32-O09,C32,4.1,266,0.0
2025-10-10,C32-O10,C32,4.1,268,0.0
2025-10-10,C32-O11,C32,4.1,352,0.0
2025-10-10,C32-O12,C32,4.1,244,0.0
2025-10-10,C32-O13,C32,4.1,364,0.0
2025-10-10,C32-O14,C32,4.1,248,0.0
2025-10-10,C33-O01,C33,4.1,213,0.0
2025-10-10,C33-O02,C33,4.1,210,0.0
2025-10-10,C33-O03,C33,4.1,226,0.0
2025-10-10,C33-O04,C33,4.1,337,0.0
2025-10-10,C34-O01,C34,4.1,234,0.0
2025-10-10,C34-O02,C34,4.1,378,0.0
2025-10-10,C34-O03,C34,4.1,318,0.0
2025-10-10,C34-O04,C34,4.1,307,0.0
2025-10-10,C34-O05,C34,4.1,339,0.0
2025-10-10,C34-O06,C34,4.1,194,0.0
2025-10-10,C34-O07,C34,4.1,274,0.0
2025-10-10,C34-O08,C34,4.1,326,0.0
2025-10-10,C34-O09,C34,4.1,309,0.0
2025-10-10,C34-O10,C34,4.1,209,0.0
2025-10-10,C34-O11,C34,4.1,383,153.0
2025-10-10,C34-O12,C34,4.1,224,0.0
2025-10-10,C35-O01,C35,4.1,294,0.0
2025-10-10,C35-O02,C35,4.1,253,0.0
2025-10-10,C35-O03,C35,4.1,248,99.0
2025-10-10,C35-O04,C35,4.1,287,0.0
2025-10-10,C35-O05,C35,4.1,268,0.0
2025-10-10,C35-O06,C35,4.1,244,0.0
2025-10-10,C35-O07,C35,4.1,379,0.0
2025-10-10,C35-O08,C35,4.1,303,0.0
2025-10-10,C35-O09,C35,4.1,280,0.0
2025-10-10,C35-O10,C35,4.1,371,0.0
2025-10-10,C35-O11,C35,4.1,335,134.0
2025-10-10,C35-O12,C35,4.1,305,0.0
2025-10-10,C35-O13,C35,4.1,345,0.0
2025-10-10,C35-O14,C35,4.1,284,0.0
2025-10-10,C35-O15,C35,4.1,296,0.0
2025-10-10,C35-O16,C35,4.1,250,0.0
2025-10-10,C35-O17,C35,4.1,295,0.0
2025-10-10,C35-O18,C35,4.1,316,0.0
2025-10-10,C35-O19,C35,4.1,230,0.0
2025-10-10,C35-O20,C35,4.1,265,0.0
2025-10-10,C35-O21,C35,4.1,384,0.0
2025-10-10,C35-O22,C35,4.1,397,0.0
2025-10-10,C36-O01,C36,4.1,281,0.0
2025-10-10,C36-O02,C36,4.1,282,0.0
2025-10-10,C36-O03,C36,4.1,218,0.0
2025-10-10,C36-O04,C36,4.1,211,0.0
2025-10-10,C36-O05,C36,4.1,258,0.0
2025-10-10,C36-O06,C36,4.1,191,0.0
2025-10-10,C36-O07,C36,4.1,272,0.0
2025-10-10,C36-O08,C36,4.1,284,0.0
2025-10-10,C36-O09,C36,4.1,182,0.0
2025-10-10,C36-O10,C36,4.1,332,0.0
2025-10-10,C36-O11,C36,4.1,285,0.0
2025-10-10,C37-O01,C37,4.1,338,0.0
2025-10-10,C37-O02,C37,4.1,257,0.0
2025-10-10,C37-O03,C37,4.1,290,0.0
2025-10-10,C37-O04,C37,4.1,305,0.0
2025-10-10,C37-O05,C37,4.1,323,0.0
2025-10-10,C37-O06,C37,4.1,391,0.0
2025-10-10,C37-O07,C37,4.1,266,0.0
2025-10-10,C37-O08,C37,4.1,318,0.0
2025-10-10,C37-O09,C37,4.1,197,0.0
2025-10-10,C37-O10,C37,4.1,219,87.0
2025-10-10,C37-O11,C37,4.1,270,0.0
2025-10-10,C37-O12,C37,4.1,356,0.0
2025-10-10,C38-O01,C38,4.1,369,0.0
2025-10-10,C38-O02,C38,4.1,221,0.0
2025-10-10,C38-O03,C38,4.1,333,0.0
2025-10-10,C38-O04,C38,4.1,230,0.0
2025-10-10,C38-O05,C38,4.1,302,0.0
2025-10-10,C38-O06,C38,4.1,330,0.0
2025-10-10,C38-O07,C38,4.1,283,0.0
2025-10-10,C38-O08,C38,4.1,259,0.0
2025-10-10,C38-O09,C38,4.1,265,0.0
2025-10-10,C38-O10,C38,4.1,418,0.0
2025-10-10,C38-O11,C38,4.1,234,0.0
2025-10-10,C38-O12,C38,4.1,230,0.0
2025-10-10,C38-O13,C38,4.1,319,0.0
2025-10-10,C38-O14,C38,4.1,231,0.0
2025-10-10,C38-O15,C38,4.1,302,0.0
2025-10-10,C38-O16,C38,4.1,236,0.0
2025-10-10,C38-O17,C38,4.1,282,0.0
2025-10-10,C38-O18,C38,4.1,332,0.0
2025-10-10,C38-O19,C38,4.1,215,0.0
2025-10-10,C38-O20,C38,4.1,376,0.0
2025-10-10,C38-O21,C38,4.1,267,0.0
2025-10-10,C39-O01,C39,4.1,157,0.0
2025-10-10,C39-O02,C39,4.1,213,85.0
2025-10-10,C39-O03,C39,4.1,244,0.0
2025-10-10,C39-O04,C39,4.1,317,0.0
2025-10-10,C39-O05,C39,4.1,244,97.0
2025-10-10,C39-O06,C39,4.1,184,0.0
2025-10-10,C39-O07,C39,4.1,237,0.0
2025-10-10,C39-O08,C39,4.1,187,0.0
2025-10-10,C39-O09,C39,4.1,216,0.0
2025-10-10,C39-O10,C39,4.1,225,0.0
2025-10-10,C39-O11,C39,4.1,294,0.0
2025-10-10,C39-O12,C39,4.1,265,0.0
2025-10-10,C39-O13,C39,4.1,237,0.0
2025-10-10,C39-O14,C39,4.1,160,0.0
2025-10-10,C39-O15,C39,4.1,279,0.0
2025-10-10,C39-O16,C39,4.1,158,0.0
2025-10-10,C39-O17,C39,4.1,181,0.0
2025-10-10,C39-O18,C39,4.1,175,0.0
2025-10-10,C39-O19,C39,4.1,334,0.0
2025-10-10,C40-O01,C40,4.1,378,0.0
2025-10-10,C40-O02,C40,4.1,397,0.0
2025-10-10,C40-O03,C40,4.1,332,0.0
2025-10-10,C40-O04,C40,4.1,235,0.0
2025-10-10,C40-O05,C40,4.1,346,0.0
2025-10-10,C40-O06,C40,4.1,393,0.0
2025-10-10,C40-O07,C40,4.1,290,0.0
2025-10-10,C40-O08,C40,4.1,313,0.0
2025-10-10,C40-O09,C40,4.1,418,0.0
2025-10-10,C40-O10,C40,4.1,396,0.0
2025-10-11,C01-O01,C01,4.1,211,0.0
2025-10-11,C01-O02,C01,4.1,212,0.0
2025-10-11,C01-O03,C01,4.1,369,0.0
2025-10-11,C01-O04,C01,4.1,191,0.0
2025-10-11,C01-O05,C01,4.1,336,0.0
2025-10-11,C01-O06,C01,4.1,360,0.0
2025-10-11,C01-O07,C01,4.1,211,0.0
2025-10-11,C01-O08,C01,4.1,323,0.0
2025-10-11,C01-O09,C01,4.1,280,0.0
2025-10-11,C01-O10,C01,4.1,261,0.0
2025-10-11,C01-O11,C01,4.1,208,0.0
2025-10-11,C01-O12,C01,4.1,238,0.0
2025-10-11,C01-O13,C01,4.1,245,0.0
2025-10-11,C01-O14,C01,4.1,330,0.0
2025-10-11,C01-O15,C01,4.1,339,0.0
2025-10-11,C01-O16,C01,4.1,211,0.0
2025-10-11,C01-O17,C01,4.1,262,0.0
2025-10-11,C01-O18,C01,4.1,334,0.0
2025-10-11,C01-O19,C01,4.1,355,0.0
2025-10-11,C01-O20,C01,4.1,191,0.0
2025-10-11,C01-O21,C01,4.1,234,0.0
2025-10-11,C01-O22,C01,4.1,202,0.0
2025-10-11,C01-O23,C01,4.1,222,0.0
2025-10-11,C01-O24,C01,4.1,317,0.0
2025-10-11,C01-O25,C01,4.1,351,0.0
2025-10-11,C01-O26,C01,4.1,220,0.0
2025-10-11,C01-O27,C01,4.1,297,0.0
2025-10-11,C01-O28,C01,4.1,206,0.0
2025-10-11,C01-O29,C01,4.1,381,0.0
2025-10-11,C01-O30,C01,4.1,242,97.0
2025-10-11,C01-O31,C01,4.1,311,0.0
2025-10-11,C01-O32,C01,4.1,269,0.0
2025-10-11,C01-O33,C01,4.1,280,0.0
2025-10-11,C01-O34,C01,4.1,251,0.0
2025-10-11,C01-O35,C01,4.1,211,0.0
2025-10-11,C01-O36,C01,4.1,226,0.0
2025-10-11,C01-O37,C01,4.1,356,0.0
2025-10-11,C01-O38,C01,4.1,203,0.0
2025-10-11,C01-O39,C01,4.1,310,0.0
2025-10-11,C01-O40,C01,4.1,327,0.0
2025-10-11,C01-O41,C01,4.1,227,0.0
2025-10-11,C01-O42,C01,4.1,341,0.0
2025-10-11,C02-O01,C02,4.1,95,0.0
2025-10-11,C02-O02,C02,4.1,97,0.0
2025-10-11,C02-O03,C02,4.1,68,0.0
2025-10-11,C02-O04,C02,4.1,53,0.0
2025-10-11,C02-O05,C02,4.1,67,0.0
2025-10-11,C02-O06,C02,4.1,93,0.0
2025-10-11,C02-O07,C02,4.1,89,0.0
2025-10-11,C02-O08,C02,4.1,80,0.0
2025-10-11,C02-O09,C02,4.1,64,0.0
2025-10-11,C02-O10,C02,4.1,110,0.0
2025-10-11,C02-O11,C02,4.1,68,0.0
2025-10-11,C02-O12,C02,4.1,86,0.0
2025-10-11,C02-O13,C02,4.1,52,0.0
2025-10-11,C02-O14,C02,4.1,70,0.0
2025-10-11,C02-O15,C02,4.1,103,0.0
2025-10-11,C02-O16,C02,4.1,56,0.0
2025-10-11,C02-O17,C02,4.1,72,0.0
2025-10-11,C02-O18,C02,4.1,85,0.0
2025-10-11,C02-O19,C02,4.1,66,0.0
2025-10-11,C02-O20,C02,4.1,92,0.0
2025-10-11,C02-O21,C02,4.1,90,0.0
2025-10-11,C02-O22,C02,4.1,80,0.0
2025-10-11,C02-O23,C02,4.1,59,0.0
2025-10-11,C02-O24,C02,4.1,90,0.0
2025-10-11,C02-O25,C02,4.1,78,0.0
2025-10-11,C03-O01,C03,4.1,108,43.0
2025-10-11,C03-O02,C03,4.1,106,42.0
2025-10-11,C03-O03,C03,4.1,116,46.0
2025-10-11,C03-O04,C03,4.1,151,60.0
2025-10-11,C03-O05,C03,4.1,160,64.0
2025-10-11,C03-O06,C03,4.1,118,47.0
2025-10-11,C03-O07,C03,4.1,114,0.0
2025-10-11,C03-O08,C03,4.1,132,0.0
2025-10-11,C03-O09,C03,4.1,148,0.0
2025-10-11,C03-O10,C03,4.1,156,0.0
2025-10-11,C03-O11,C03,4.1,91,0.0
2025-10-11,C03-O12,C03,4.1,110,0.0
2025-10-11,C03-O13,C03,4.1,165,0.0
2025-10-11,C03-O14,C03,4.1,115,0.0
2025-10-11,C03-O15,C03,4.1,149,0.0
2025-10-11,C03-O16,C03,4.1,170,0.0
2025-10-11,C03-O17,C03,4.1,91,0.0
2025-10-11,C03-O18,C03,4.1,97,0.0
2025-10-11,C04-O01,C04,4.1,82,0.0
2025-10-11,C04-O02,C04,4.1,78,0.0
2025-10-11,C04-O03,C04,4.1,96,0.0
2025-10-11,C04-O04,C04,4.1,56,0.0
2025-10-11,C04-O05,C04,4.1,68,0.0
2025-10-11,C04-O06,C04,4.1,59,0.0
2025-10-11,C04-O07,C04,4.1,61,0.0
2025-10-11,C04-O08,C04,4.1,70,0.0
2025-10-11,C05-O01,C05,4.1,283,113.0
2025-10-11,C05-O02,C05,4.1,268,107.0
2025-10-11,C05-O03,C05,4.1,239,95.0
2025-10-11,C05-O04,C05,4.1,240,96.0
2025-10-11,C05-O05,C05,4.1,252,100.0
2025-10-11,C05-O06,C05,4.1,262,0.0
2025-10-11,C05-O07,C05,4.1,260,0.0
2025-10-11,C05-O08,C05,4.1,418,0.0
2025-10-11,C05-O09,C05,4.1,308,0.0
2025-10-11,C05-O10,C05,4.1,307,0.0
2025-10-11,C05-O11,C05,4.1,370,0.0
2025-10-11,C05-O12,C05,4.1,397,0.0
2025-10-11,C05-O13,C05,4.1,275,0.0
2025-10-11,C05-O14,C05,4.1,290,0.0
2025-10-11,C05-O15,C05,4.1,264,0.0
2025-10-11,C05-O16,C05,4.1,344,0.0
2025-10-11,C05-O17,C05,4.1,267,0.0
2025-10-11,C05-O18,C05,4.1,380,0.0
2025-10-11,C05-O19,C05,4.1,429,0.0
2025-10-11,C05-O20,C05,4.1,270,0.0
2025-10-11,C05-O21,C05,4.1,380,0.0
2025-10-11,C05-O22,C05,4.1,284,0.0
2025-10-11,C05-O23,C05,4.1,388,0.0
2025-10-11,C05-O24,C05,4.1,458,0.0
2025-10-11,C06-O01,C06,4.1,214,0.0
2025-10-11,C06-O02,C06,4.1,311,0.0
2025-10-11,C06-O03,C06,4.1,314,0.0
2025-10-11,C06-O04,C06,4.1,320,0.0
2025-10-11,C06-O05,C06,4.1,371,0.0
2025-10-11,C06-O06,C06,4.1,364,0.0
2025-10-11,C06-O07,C06,4.1,335,0.0
2025-10-11,C06-O08,C06,4.1,294,0.0
2025-10-11,C06-O09,C06,4.1,198,0.0
2025-10-11,C06-O10,C06,4.1,355,0.0
2025-10-11,C06-O11,C06,4.1,295,0.0
2025-10-11,C06-O12,C06,4.1,337,0.0
2025-10-11,C06-O13,C06,4.1,280,0.0
2025-10-11,C06-O14,C06,4.1,346,0.0
2025-10-11,C06-O15,C06,4.1,211,0.0
2025-10-11,C06-O16,C06,4.1,293,0.0
2025-10-11,C06-O17,C06,4.1,266,0.0
2025-10-11,C06-O18,C06,4.1,287,0.0
2025-10-11,C06-O19,C06,4.1,309,0.0
2025-10-11,C06-O20,C06,4.1,301,0.0
2025-10-11,C06-O21,C06,4.1,216,0.0
2025-10-11,C06-O22,C06,4.1,350,0.0
2025-10-11,C06-O23,C06,4.1,258,0.0
2025-10-11,C06-O24,C06,4.1,316,0.0
2025-10-11,C06-O25,C06,4.1,318,0.0
2025-10-11,C06-O26,C06,4.1,307,0.0
2025-10-11,C06-O27,C06,4.1,295,0.0
2025-10-11,C06-O28,C06,4.1,350,0.0
2025-10-11,C06-O29,C06,4.1,299,0.0
2025-10-11,C06-O30,C06,4.1,322,128.0
2025-10-11,C07-O01,C07,4.1,218,0.0
2025-10-11,C07-O02,C07,4.1,229,0.0
2025-10-11,C07-O03,C07,4.1,218,0.0
2025-10-11,C07-O04,C07,4.1,283,0.0
2025-10-11,C07-O05,C07,4.1,198,0.0
2025-10-11,C07-O06,C07,4.1,332,0.0
2025-10-11,C07-O07,C07,4.1,236,0.0
2025-10-11,C07-O08,C07,4.1,234,0.0
2025-10-11,C07-O09,C07,4.1,275,0.0
2025-10-11,C07-O10,C07,4.1,229,0.0
2025-10-11,C07-O11,C07,4.1,292,0.0
2025-10-11,C07-O12,C07,4.1,219,0.0
2025-10-11,C07-O13,C07,4.1,317,0.0
2025-10-11,C07-O14,C07,4.1,221,0.0
2025-10-11,C07-O15,C07,4.1,324,0.0
2025-10-11,C07-O16,C07,4.1,200,0.0
2025-10-11,C07-O17,C07,4.1,301,0.0
2025-10-11,C07-O18,C07,4.1,209,0.0
2025-10-11,C07-O19,C07,4.1,266,0.0
2025-10-11,C07-O20,C07,4.1,288,0.0
2025-10-11,C07-O21,C07,4.1,223,0.0
2025-10-11,C08-O01,C08,4.1,301,0.0
2025-10-11,C08-O02,C08,4.1,278,0.0
2025-10-11,C08-O03,C08,4.1,279,0.0
2025-10-11,C08-O04,C08,4.1,337,0.0
2025-10-11,C08-O05,C08,4.1,279,0.0
2025-10-11,C08-O06,C08,4.1,377,0.0
2025-10-11,C08-O07,C08,4.1,353,0.0
2025-10-11,C08-O08,C08,4.1,366,0.0
2025-10-11,C08-O09,C08,4.1,273,0.0
2025-10-11,C08-O10,C08,4.1,368,0.0
2025-10-11,C08-O11,C08,4.1,265,0.0
2025-10-11,C08-O12,C08,4.1,286,0.0
2025-10-11,C08-O13,C08,4.1,322,0.0
2025-10-11,C08-O14,C08,4.1,260,0.0
2025-10-11,C09-O01,C09,4.1,154,0.0
2025-10-11,C09-O02,C09,4.1,159,0.0
2025-10-11,C09-O03,C09,4.1,110,0.0
2025-10-11,C09-O04,C09,4.1,88,0.0
2025-10-11,C09-O05,C09,4.1,178,0.0
2025-10-11,C09-O06,C09,4.1,87,0.0
2025-10-11,C09-O07,C09,4.1,94,0.0
2025-10-11,C09-O08,C09,4.1,146,0.0
2025-10-11,C09-O09,C09,4.1,88,0.0
2025-10-11,C09-O10,C09,4.1,128,0.0
2025-10-11,C09-O11,C09,4.1,119,0.0
2025-10-11,C09-O12,C09,4.1,93,0.0
2025-10-11,C09-O13,C09,4.1,96,0.0
2025-10-11,C09-O14,C09,4.1,128,0.0
2025-10-11,C09-O15,C09,4.1,101,0.0
2025-10-11,C10-O01,C10,4.1,237,0.0
2025-10-11,C10-O02,C10,4.1,287,114.0
2025-10-11,C10-O03,C10,4.1,290,116.0
2025-10-11,C10-O04,C10,4.1,317,0.0
2025-10-11,C10-O05,C10,4.1,202,0.0
2025-10-11,C10-O06,C10,4.1,283,0.0
2025-10-11,C10-O07,C10,4.1,321,0.0
2025-10-11,C10-O08,C10,4.1,320,0.0
2025-10-11,C10-O09,C10,4.1,239,0.0
2025-10-11,C10-O10,C10,4.1,241,0.0
2025-10-11,C10-O11,C10,4.1,262,0.0
2025-10-11,C10-O12,C10,4.1,293,0.0
2025-10-11,C10-O13,C10,4.1,209,0.0
2025-10-11,C10-O14,C10,4.1,232,0.0
2025-10-11,C10-O15,C10,4.1,307,0.0
2025-10-11,C10-O16,C10,4.1,277,0.0
2025-10-11,C10-O17,C10,4.1,238,0.0
2025-10-11,C10-O18,C10,4.1,259,0.0
2025-10-11,C10-O19,C10,4.1,215,0.0
2025-10-11,C10-O20,C10,4.1,294,0.0
2025-10-11,C10-O21,C10,4.1,247,0.0
2025-10-11,C11-O01,C11,4.1,445,0.0
2025-10-11,C11-O02,C11,4.1,447,0.0
2025-10-11,C11-O03,C11,4.1,407,0.0
2025-10-11,C11-O04,C11,4.1,250,0.0
2025-10-11,C11-O05,C11,4.1,384,0.0
2025-10-11,C11-O06,C11,4.1,283,0.0
2025-10-11,C11-O07,C11,4.1,466,0.0
2025-10-11,C11-O08,C11,4.1,419,0.0
2025-10-11,C11-O09,C11,4.1,367,0.0
2025-10-11,C11-O10,C11,4.1,428,0.0
2025-10-11,C11-O11,C11,4.1,278,0.0
2025-10-11,C11-O12,C11,4.1,413,0.0
2025-10-11,C11-O13,C11,4.1,366,0.0
2025-10-11,C11-O14,C11,4.1,270,0.0
2025-10-11,C11-O15,C11,4.1,388,0.0
2025-10-11,C11-O16,C11,4.1,370,0.0
2025-10-11,C11-O17,C11,4.1,387,0.0
2025-10-11,C11-O18,C11,4.1,322,0.0
2025-10-11,C11-O19,C11,4.1,328,0.0
2025-10-11,C11-O20,C11,4.1,410,0.0
2025-10-11,C11-O21,C11,4.1,424,0.0
2025-10-11,C11-O22,C11,4.1,332,0.0
2025-10-11,C12-O01,C12,4.1,218,0.0
2025-10-11,C12-O02,C12,4.1,188,0.0
2025-10-11,C12-O03,C12,4.1,112,0.0
2025-10-11,C12-O04,C12,4.1,188,0.0
2025-10-11,C12-O05,C12,4.1,191,0.0
2025-10-11,C12-O06,C12,4.1,157,0.0
2025-10-11,C12-O07,C12,4.1,159,0.0
2025-10-11,C12-O08,C12,4.1,145,58.0
2025-10-11,C12-O09,C12,4.1,173,0.0
2025-10-11,C12-O10,C12,4.1,188,0.0
2025-10-11,C12-O11,C12,4.1,121,0.0
2025-10-11,C12-O12,C12,4.1,128,0.0
2025-10-11,C12-O13,C12,4.1,201,0.0
2025-10-11,C12-O14,C12,4.1,169,0.0
2025-10-11,C12-O15,C12,4.1,232,0.0
2025-10-11,C12-O16,C12,4.1,140,0.0
2025-10-11,C12-O17,C12,4.1,140,0.0
2025-10-11,C12-O18,C12,4.1,228,0.0
2025-10-11,C12-O19,C12,4.1,171,0.0
2025-10-11,C12-O20,C12,4.1,165,0.0
2025-10-11,C12-O21,C12,4.1,160,0.0
2025-10-11,C12-O22,C12,4.1,133,0.0
2025-10-11,C12-O23,C12,4.1,231,0.0
2025-10-11,C12-O24,C12,4.1,193,0.0
2025-10-11,C13-O01,C13,4.1,196,0.0
2025-10-11,C13-O02,C13,4.1,338,0.0
2025-10-11,C13-O03,C13,4.1,260,0.0
2025-10-11,C13-O04,C13,4.1,266,0.0
2025-10-11,C13-O05,C13,4.1,290,0.0
2025-10-11,C13-O06,C13,4.1,282,0.0
2025-10-11,C13-O07,C13,4.1,225,0.0
2025-10-11,C13-O08,C13,4.1,272,0.0
2025-10-11,C13-O09,C13,4.1,358,0.0
2025-10-11,C13-O10,C13,4.1,302,0.0
2025-10-11,C13-O11,C13,4.1,232,0.0
2025-10-11,C13-O12,C13,4.1,366,0.0
2025-10-11,C13-O13,C13,4.1,315,0.0
2025-10-11,C13-O14,C13,4.1,222,0.0
2025-10-11,C13-O15,C13,4.1,358,0.0
2025-10-11,C13-O16,C13,4.1,316,0.0
2025-10-11,C13-O17,C13,4.1,304,0.0
2025-10-11,C14-O01,C14,4.1,485,0.0
2025-10-11,C14-O02,C14,4.1,321,0.0
2025-10-11,C14-O03,C14,4.1,413,0.0
2025-10-11,C14-O04,C14,4.1,271,0.0
2025-10-11,C14-O05,C14,4.1,328,0.0
2025-10-11,C14-O06,C14,4.1,380,0.0
2025-10-11,C14-O07,C14,4.1,364,0.0
2025-10-11,C14-O08,C14,4.1,285,0.0
2025-10-11,C15-O01,C15,4.1,208,0.0
2025-10-11,C15-O02,C15,4.1,341,0.0
2025-10-11,C15-O03,C15,4.1,306,0.0
2025-10-11,C15-O04,C15,4.1,238,0.0
2025-10-11,C15-O05,C15,4.1,279,0.0
2025-10-11,C15-O06,C15,4.1,206,0.0
2025-10-11,C15-O07,C15,4.1,243,0.0
2025-10-11,C15-O08,C15,4.1,237,0.0
2025-10-11,C15-O09,C15,4.1,273,0.0
2025-10-11,C15-O10,C15,4.1,222,0.0
2025-10-11,C15-O11,C15,4.1,241,0.0
2025-10-11,C15-O12,C15,4.1,309,0.0
2025-10-11,C15-O13,C15,4.1,208,83.0
2025-10-11,C15-O14,C15,4.1,302,0.0
2025-10-11,C15-O15,C15,4.1,232,0.0
2025-10-11,C15-O16,C15,4.1,300,0.0
2025-10-11,C15-O17,C15,4.1,252,0.0
2025-10-11,C15-O18,C15,4.1,195,0.0
2025-10-11,C15-O19,C15,4.1,203,0.0
2025-10-11,C15-O20,C15,4.1,278,111.0
2025-10-11,C15-O21,C15,4.1,246,0.0
2025-10-11,C15-O22,C15,4.1,317,0.0
2025-10-11,C15-O23,C15,4.1,255,0.0
2025-10-11,C16-O01,C16,4.1,86,0.0
2025-10-11,C16-O02,C16,4.1,59,0.0
2025-10-11,C16-O03,C16,4.1,107,0.0
2025-10-11,C16-O04,C16,4.1,64,0.0
2025-10-11,C16-O05,C16,4.1,66,0.0
2025-10-11,C16-O06,C16,4.1,75,0.0
2025-10-11,C16-O07,C16,4.1,58,0.0
2025-10-11,C16-O08,C16,4.1,101,0.0
2025-10-11,C17-O01,C17,4.1,88,0.0
2025-10-11,C17-O02,C17,4.1,123,0.0
2025-10-11,C17-O03,C17,4.1,135,0.0
2025-10-11,C17-O04,C17,4.1,112,0.0
2025-10-11,C17-O05,C17,4.1,123,0.0
2025-10-11,C17-O06,C17,4.1,110,0.0
2025-10-11,C17-O07,C17,4.1,125,0.0
2025-10-11,C17-O08,C17,4.1,134,0.0
2025-10-11,C17-O09,C17,4.1,103,0.0
2025-10-11,C17-O10,C17,4.1,122,0.0
2025-10-11,C18-O01,C18,4.1,474,0.0
2025-10-11,C18-O02,C18,4.1,328,0.0
2025-10-11,C18-O03,C18,4.1,254,0.0
2025-10-11,C18-O04,C18,4.1,291,0.0
2025-10-11,C18-O05,C18,4.1,308,123.0
2025-10-11,C18-O06,C18,4.1,266,0.0
2025-10-11,C18-O07,C18,4.1,349,0.0
2025-10-11,C18-O08,C18,4.1,228,0.0
2025-10-11,C19-O01,C19,4.1,344,0.0
2025-10-11,C19-O02,C19,4.1,338,0.0
2025-10-11,C19-O03,C19,4.1,284,113.0
2025-10-11,C19-O04,C19,4.1,217,0.0
2025-10-11,C19-O05,C19,4.1,243,0.0
2025-10-11,C19-O06,C19,4.1,253,0.0
2025-10-11,C19-O07,C19,4.1,350,0.0
2025-10-11,C19-O08,C19,4.1,302,0.0
2025-10-11,C20-O01,C20,4.1,345,0.0
2025-10-11,C20-O02,C20,4.1,379,0.0
2025-10-11,C20-O03,C20,4.1,318,0.0
2025-10-11,C20-O04,C20,4.1,236,0.0
2025-10-11,C20-O05,C20,4.1,350,0.0
2025-10-11,C21-O01,C21,4.1,253,0.0
2025-10-11,C21-O02,C21,4.1,372,0.0
2025-10-11,C21-O03,C21,4.1,225,0.0
2025-10-11,C21-O04,C21,4.1,320,0.0
2025-10-11,C21-O05,C21,4.1,307,0.0
2025-10-11,C21-O06,C21,4.1,227,0.0
2025-10-11,C21-O07,C21,4.1,273,0.0
2025-10-11,C21-O08,C21,4.1,303,0.0
2025-10-11,C21-O09,C21,4.1,270,0.0
2025-10-11,C22-O01,C22,4.1,361,0.0
2025-10-11,C22-O02,C22,4.1,412,0.0
2025-10-11,C22-O03,C22,4.1,281,0.0
2025-10-11,C22-O04,C22,4.1,407,0.0
2025-10-11,C22-O05,C22,4.1,298,0.0
2025-10-11,C22-O06,C22,4.1,260,0.0
2025-10-11,C22-O07,C22,4.1,244,0.0
2025-10-11,C22-O08,C22,4.1,290,0.0
2025-10-11,C22-O09,C22,4.1,458,0.0
2025-10-11,C22-O10,C22,4.1,405,0.0
2025-10-11,C22-O11,C22,4.1,397,0.0
2025-10-11,C22-O12,C22,4.1,361,0.0
2025-10-11,C22-O13,C22,4.1,353,0.0
2025-10-11,C22-O14,C22,4.1,374,0.0
2025-10-11,C22-O15,C22,4.1,270,0.0
2025-10-11,C22-O16,C22,4.1,382,0.0
2025-10-11,C22-O17,C22,4.1,325,0.0
2025-10-11,C22-O18,C22,4.1,293,0.0
2025-10-11,C23-O01,C23,4.1,369,0.0
2025-10-11,C23-O02,C23,4.1,297,119.0
2025-10-11,C23-O03,C23,4.1,238,0.0
2025-10-11,C23-O04,C23,4.1,185,0.0
2025-10-11,C23-O05,C23,4.1,320,0.0
2025-10-11,C23-O06,C23,4.1,204,0.0
2025-10-11,C24-O01,C24,4.1,447,0.0
2025-10-11,C24-O02,C24,4.1,254,0.0
2025-10-11,C24-O03,C24,4.1,257,0.0
2025-10-11,C24-O04,C24,4.1,434,0.0
2025-10-11,C24-O05,C24,4.1,453,0.0
2025-10-11,C24-O06,C24,4.1,339,0.0
2025-10-11,C24-O07,C24,4.1,276,0.0
2025-10-11,C24-O08,C24,4.1,348,0.0
2025-10-11,C24-O09,C24,4.1,314,0.0
2025-10-11,C24-O10,C24,4.1,326,0.0
2025-10-11,C25-O01,C25,4.1,289,0.0
2025-10-11,C25-O02,C25,4.1,255,0.0
2025-10-11,C25-O03,C25,4.1,333,0.0
2025-10-11,C25-O04,C25,4.1,320,0.0
2025-10-11,C25-O05,C25,4.1,347,0.0
2025-10-11,C25-O06,C25,4.1,362,0.0
2025-10-11,C25-O07,C25,4.1,390,0.0
2025-10-11,C25-O08,C25,4.1,266,0.0
2025-10-11,C25-O09,C25,4.1,283,0.0
2025-10-11,C25-O10,C25,4.1,447,178.0
2025-10-11,C25-O11,C25,4.1,288,0.0
2025-10-11,C25-O12,C25,4.1,404,0.0
2025-10-11,C25-O13,C25,4.1,418,0.0
2025-10-11,C25-O14,C25,4.1,395,0.0
2025-10-11,C25-O15,C25,4.1,250,0.0
2025-10-11,C26-O01,C26,4.1,275,0.0
2025-10-11,C26-O02,C26,4.1,209,0.0
2025-10-11,C26-O03,C26,4.1,255,0.0
2025-10-11,C26-O04,C26,4.1,194,0.0
2025-10-11,C26-O05,C26,4.1,270,0.0
2025-10-11,C26-O06,C26,4.1,351,0.0
2025-10-11,C26-O07,C26,4.1,309,0.0
2025-10-11,C26-O08,C26,4.1,199,0.0
2025-10-11,C26-O09,C26,4.1,340,0.0
2025-10-11,C26-O10,C26,4.1,248,0.0
2025-10-11,C27-O01,C27,4.1,128,0.0
2025-10-11,C27-O02,C27,4.1,119,0.0
2025-10-11,C27-O03,C27,4.1,110,0.0
2025-10-11,C27-O04,C27,4.1,136,0.0
2025-10-11,C27-O05,C27,4.1,152,0.0
2025-10-11,C27-O06,C27,4.1,92,0.0
2025-10-11,C27-O07,C27,4.1,132,0.0
2025-10-11,C27-O08,C27,4.1,117,0.0
2025-10-11,C27-O09,C27,4.1,87,0.0
2025-10-11,C27-O10,C27,4.1,115,0.0
2025-10-11,C27-O11,C27,4.1,162,0.0
2025-10-11,C27-O12,C27,4.1,115,0.0
2025-10-11,C27-O13,C27,4.1,106,0.0
2025-10-11,C27-O14,C27,4.1,95,0.0
2025-10-11,C27-O15,C27,4.1,128,0.0
2025-10-11,C27-O16,C27,4.1,149,0.0
2025-10-11,C27-O17,C27,4.1,136,0.0
2025-10-11,C27-O18,C27,4.1,158,0.0
2025-10-11,C27-O19,C27,4.1,138,0.0
2025-10-11,C27-O20,C27,4.1,92,0.0
2025-10-11,C27-O21,C27,4.1,151,0.0
2025-10-11,C27-O22,C27,4.1,113,0.0
2025-10-11,C28-O01,C28,4.1,389,0.0
2025-10-11,C28-O02,C28,4.1,407,0.0
2025-10-11,C28-O03,C28,4.1,433,0.0
2025-10-11,C28-O04,C28,4.1,457,0.0
2025-10-11,C28-O05,C28,4.1,416,0.0
2025-10-11,C28-O06,C28,4.1,412,164.0
2025-10-11,C28-O07,C28,4.1,321,0.0
2025-10-11,C28-O08,C28,4.1,423,0.0
2025-10-11,C28-O09,C28,4.1,316,0.0
2025-10-11,C28-O10,C28,4.1,398,0.0
2025-10-11,C28-O11,C28,4.1,406,162.0
2025-10-11,C28-O12,C28,4.1,348,0.0
2025-10-11,C29-O01,C29,4.1,132,0.0
2025-10-11,C29-O02,C29,4.1,202,0.0
2025-10-11,C29-O03,C29,4.1,129,0.0
2025-10-11,C29-O04,C29,4.1,148,0.0
2025-10-11,C29-O05,C29,4.1,150,0.0
2025-10-11,C29-O06,C29,4.1,199,0.0
2025-10-11,C29-O07,C29,4.1,133,0.0
2025-10-11,C29-O08,C29,4.1,183,0.0
2025-10-11,C29-O09,C29,4.1,198,0.0
2025-10-11,C29-O10,C29,4.1,161,0.0
2025-10-11,C29-O11,C29,4.1,155,0.0
2025-10-11,C29-O12,C29,4.1,159,0.0
2025-10-11,C30-O01,C30,4.1,351,0.0
2025-10-11,C30-O02,C30,4.1,187,0.0
2025-10-11,C30-O03,C30,4.1,230,0.0
2025-10-11,C30-O04,C30,4.1,262,0.0
2025-10-11,C30-O05,C30,4.1,297,0.0
2025-10-11,C30-O06,C30,4.1,200,0.0
2025-10-11,C30-O07,C30,4.1,211,0.0
2025-10-11,C30-O08,C30,4.1,341,0.0
2025-10-11,C30-O09,C30,4.1,280,0.0
2025-10-11,C30-O10,C30,4.1,315,0.0
2025-10-11,C30-O11,C30,4.1,330,0.0
2025-10-11,C30-O12,C30,4.1,347,0.0
2025-10-11,C30-O13,C30,4.1,244,0.0
2025-10-11,C30-O14,C30,4.1,320,0.0
2025-10-11,C30-O15,C30,4.1,195,0.0
2025-10-11,C30-O16,C30,4.1,379,0.0
2025-10-11,C30-O17,C30,4.1,368,0.0
2025-10-11,C31-O01,C31,4.1,89,0.0
2025-10-11,C31-O02,C31,4.1,98,0.0
2025-10-11,C31-O03,C31,4.1,93,0.0
2025-10-11,C31-O04,C31,4.1,79,0.0
2025-10-11,C31-O05,C31,4.1,73,0.0
2025-10-11,C31-O06,C31,4.1,85,0.0
2025-10-11,C31-O07,C31,4.1,67,0.0
2025-10-11,C31-O08,C31,4.1,104,0.0
2025-10-11,C31-O09,C31,4.1,85,0.0
2025-10-11,C31-O10,C31,4.1,101,0.0
2025-10-11,C31-O11,C31,4.1,111,0.0
2025-10-11,C31-O12,C31,4.1,78,0.0
2025-10-11,C31-O13,C31,4.1,92,0.0
2025-10-11,C32-O01,C32,4.1,381,0.0
2025-10-11,C32-O02,C32,4.1,235,0.0
2025-10-11,C32-O03,C32,4.1,358,0.0
2025-10-11,C32-O04,C32,4.1,402,0.0
2025-10-11,C32-O05,C32,4.1,288,0.0
2025-10-11,C32-O06,C32,4.1,395,0.0
2025-10-11,C32-O07,C32,4.1,439,0.0
2025-10-11,C32-O08,C32,4.1,342,0.0
2025-10-11,C32-O09,C32,4.1,301,0.0
2025-10-11,C32-O10,C32,4.1,344,0.0
2025-10-11,C32-O11,C32,4.1,453,0.0
2025-10-11,C32-O12,C32,4.1,269,0.0
2025-10-11,C32-O13,C32,4.1,384,0.0
2025-10-11,C32-O14,C32,4.1,249,0.0
2025-10-11,C33-O01,C33,4.1,231,0.0
2025-10-11,C33-O02,C33,4.1,259,0.0
2025-10-11,C33-O03,C33,4.1,234,0.0
2025-10-11,C33-O04,C33,4.1,384,0.0
2025-10-11,C34-O01,C34,4.1,323,0.0
2025-10-11,C34-O02,C34,4.1,415,0.0
2025-10-11,C34-O03,C34,4.1,410,0.0
2025-10-11,C34-O04,C34,4.1,352,0.0
2025-10-11,C34-O05,C34,4.1,400,0.0
2025-10-11,C34-O06,C34,4.1,264,0.0
2025-10-11,C34-O07,C34,4.1,308,0.0
2025-10-11,C34-O08,C34,4.1,377,0.0
2025-10-11,C34-O09,C34,4.1,347,0.0
2025-10-11,C34-O10,C34,4.1,237,0.0
2025-10-11,C34-O11,C34,4.1,468,187.0
2025-10-11,C34-O12,C34,4.1,264,0.0
2025-10-11,C35-O01,C35,4.1,335,0.0
2025-10-11,C35-O02,C35,4.1,325,0.0
2025-10-11,C35-O03,C35,4.1,273,109.0
2025-10-11,C35-O04,C35,4.1,325,0.0
2025-10-11,C35-O05,C35,4.1,276,0.0
2025-10-11,C35-O06,C35,4.1,261,0.0
2025-10-11,C35-O07,C35,4.1,454,0.0
2025-10-11,C35-O08,C35,4.1,339,0.0
2025-10-11,C35-O09,C35,4.1,282,0.0
2025-10-11,C35-O10,C35,4.1,438,0.0
2025-10-11,C35-O11,C35,4.1,348,139.0
2025-10-11,C35-O12,C35,4.1,355,0.0
2025-10-11,C35-O13,C35,4.1,437,0.0
2025-10-11,C35-O14,C35,4.1,368,0.0
2025-10-11,C35-O15,C35,4.1,313,0.0
2025-10-11,C35-O16,C35,4.1,342,0.0
2025-10-11,C35-O17,C35,4.1,362,0.0
2025-10-11,C35-O18,C35,4.1,337,0.0
2025-10-11,C35-O19,C35,4.1,247,0.0
2025-10-11,C35-O20,C35,4.1,300,0.0
2025-10-11,C35-O21,C35,4.1,405,0.0
2025-10-11,C35-O22,C35,4.1,424,0.0
2025-10-11,C36-O01,C36,4.1,308,0.0
2025-10-11,C36-O02,C36,4.1,317,0.0
2025-10-11,C36-O03,C36,4.1,260,0.0
2025-10-11,C36-O04,C36,4.1,264,0.0
2025-10-11,C36-O05,C36,4.1,333,0.0
2025-10-11,C36-O06,C36,4.1,241,0.0
2025-10-11,C36-O07,C36,4.1,325,0.0
2025-10-11,C36-O08,C36,4.1,341,0.0
2025-10-11,C36-O09,C36,4.1,225,0.0
2025-10-11,C36-O10,C36,4.1,325,0.0
2025-10-11,C36-O11,C36,4.1,357,0.0
2025-10-11,C37-O01,C37,4.1,372,0.0
2025-10-11,C37-O02,C37,4.1,289,0.0
2025-10-11,C37-O03,C37,4.1,311,0.0
2025-10-11,C37-O04,C37,4.1,294,0.0
2025-10-11,C37-O05,C37,4.1,419,0.0
2025-10-11,C37-O06,C37,4.1,451,0.0
2025-10-11,C37-O07,C37,4.1,298,0.0
2025-10-11,C37-O08,C37,4.1,390,0.0
2025-10-11,C37-O09,C37,4.1,270,0.0
2025-10-11,C37-O10,C37,4.1,262,105.0
2025-10-11,C37-O11,C37,4.1,340,0.0
2025-10-11,C37-O12,C37,4.1,425,0.0
2025-10-11,C38-O01,C38,4.1,377,0.0
2025-10-11,C38-O02,C38,4.1,266,0.0
2025-10-11,C38-O03,C38,4.1,395,0.0
2025-10-11,C38-O04,C38,4.1,230,0.0
2025-10-11,C38-O05,C38,4.1,315,0.0
2025-10-11,C38-O06,C38,4.1,343,0.0
2025-10-11,C38-O07,C38,4.1,359,0.0
2025-10-11,C38-O08,C38,4.1,307,0.0
2025-10-11,C38-O09,C38,4.1,326,0.0
2025-10-11,C38-O10,C38,4.1,408,0.0
2025-10-11,C38-O11,C38,4.1,323,0.0
2025-10-11,C38-O12,C38,4.1,243,0.0
2025-10-11,C38-O13,C38,4.1,376,0.0
2025-10-11,C38-O14,C38,4.1,254,0.0
2025-10-11,C38-O15,C38,4.1,303,0.0
2025-10-11,C38-O16,C38,4.1,268,0.0
2025-10-11,C38-O17,C38,4.1,330,0.0
2025-10-11,C38-O18,C38,4.1,344,0.0
2025-10-11,C38-O19,C38,4.1,249,0.0
2025-10-11,C38-O20,C38,4.1,365,0.0
2025-10-11,C38-O21,C38,4.1,330,0.0
2025-10-11,C39-O01,C39,4.1,190,0.0
2025-10-11,C39-O02,C39,4.1,219,87.0
2025-10-11,C39-O03,C39,4.1,261,0.0
2025-10-11,C39-O04,C39,4.1,358,0.0
2025-10-11,C39-O05,C39,4.1,276,110.0
2025-10-11,C39-O06,C39,4.1,208,0.0
2025-10-11,C39-O07,C39,4.1,227,0.0
2025-10-11,C39-O08,C39,4.1,194,0.0
2025-10-11,C39-O09,C39,4.1,260,0.0
2025-10-11,C39-O10,C39,4.1,242,0.0
2025-10-11,C39-O11,C39,4.1,321,0.0
2025-10-11,C39-O12,C39,4.1,333,0.0
2025-10-11,C39-O13,C39,4.1,275,0.0
2025-10-11,C39-O14,C39,4.1,180,0.0
2025-10-11,C39-O15,C39,4.1,352,0.0
2025-10-11,C39-O16,C39,4.1,180,0.0
2025-10-11,C39-O17,C39,4.1,235,0.0
2025-10-11,C39-O18,C39,4.1,223,0.0
2025-10-11,C39-O19,C39,4.1,326,0.0
2025-10-11,C40-O01,C40,4.1,397,0.0
2025-10-11,C40-O02,C40,4.1,413,0.0
2025-10-11,C40-O03,C40,4.1,329,0.0
2025-10-11,C40-O04,C40,4.1,280,0.0
2025-10-11,C40-O05,C40,4.1,366,0.0
2025-10-11,C40-O06,C40,4.1,428,0.0
2025-10-11,C40-O07,C40,4.1,335,0.0
2025-10-11,C40-O08,C40,4.1,359,0.0
2025-10-11,C40-O09,C40,4.1,413,0.0
2025-10-11,C40-O10,C40,4.1,430,0.0
2025-10-12,C01-O01,C01,4.1,194,0.0
2025-10-12,C01-O02,C01,4.1,208,0.0
2025-10-12,C01-O03,C01,4.1,309,0.0
2025-10-12,C01-O04,C01,4.1,191,0.0
2025-10-12,C01-O05,C01,4.1,377,0.0
2025-10-12,C01-O06,C01,4.1,361,0.0
2025-10-12,C01-O07,C01,4.1,233,0.0
2025-10-12,C01-O08,C01,4.1,317,0.0
2025-10-12,C01-O09,C01,4.1,258,0.0
2025-10-12,C01-O10,C01,4.1,248,0.0
2025-10-12,C01-O11,C01,4.1,197,0.0
2025-10-12,C01-O12,C01,4.1,219,0.0
2025-10-12,C01-O13,C01,4.1,264,0.0
2025-10-12,C01-O14,C01,4.1,327,0.0
2025-10-12,C01-O15,C01,4.1,361,0.0
2025-10-12,C01-O16,C01,4.1,242,0.0
2025-10-12,C01-O17,C01,4.1,296,0.0
2025-10-12,C01-O18,C01,4.1,314,0.0
2025-10-12,C01-O19,C01,4.1,329,0.0
2025-10-12,C01-O20,C01,4.1,212,0.0
2025-10-12,C01-O21,C01,4.1,234,0.0
2025-10-12,C01-O22,C01,4.1,221,0.0
2025-10-12,C01-O23,C01,4.1,206,0.0
2025-10-12,C01-O24,C01,4.1,330,0.0
2025-10-12,C01-O25,C01,4.1,347,0.0
2025-10-12,C01-O26,C01,4.1,233,0.0
2025-10-12,C01-O27,C01,4.1,254,0.0
2025-10-12,C01-O28,C01,4.1,194,0.0
2025-10-12,C01-O29,C01,4.1,374,0.0
2025-10-12,C01-O30,C01,4.1,246,98.0
2025-10-12,C01-O31,C01,4.1,306,0.0
2025-10-12,C01-O32,C01,4.1,238,0.0
2025-10-12,C01-O33,C01,4.1,300,0.0
2025-10-12,C01-O34,C01,4.1,262,0.0
2025-10-12,C01-O35,C01,4.1,217,0.0
2025-10-12,C01-O36,C01,4.1,231,0.0
2025-10-12,C01-O37,C01,4.1,328,0.0
2025-10-12,C01-O38,C01,4.1,220,0.0
2025-10-12,C01-O39,C01,4.1,306,0.0
2025-10-12,C01-O40,C01,4.1,341,0.0
2025-10-12,C01-O41,C01,4.1,237,0.0
2025-10-12,C01-O42,C01,4.1,330,0.0
2025-10-12,C02-O01,C02,4.1,100,0.0
2025-10-12,C02-O02,C02,4.1,81,0.0
2025-10-12,C02-O03,C02,4.1,62,0.0
2025-10-12,C02-O04,C02,4.1,54,0.0
2025-10-12,C02-O05,C02,4.1,78,0.0
2025-10-12,C02-O06,C02,4.1,92,0.0
2025-10-12,C02-O07,C02,4.1,93,0.0
2025-10-12,C02-O08,C02,4.1,74,0.0
2025-10-12,C02-O09,C02,4.1,68,0.0
2025-10-12,C02-O10,C02,4.1,102,0.0
2025-10-12,C02-O11,C02,4.1,66,0.0
2025-10-12,C02-O12,C02,4.1,94,0.0
2025-10-12,C02-O13,C02,4.1,56,0.0
2025-10-12,C02-O14,C02,4.1,64,0.0
2025-10-12,C02-O15,C02,4.1,105,0.0
2025-10-12,C02-O16,C02,4.1,61,0.0
2025-10-12,C02-O17,C02,4.1,69,0.0
2025-10-12,C02-O18,C02,4.1,91,0.0
2025-10-12,C02-O19,C02,4.1,75,0.0
2025-10-12,C02-O20,C02,4.1,109,0.0
2025-10-12,C02-O21,C02,4.1,87,0.0
2025-10-12,C02-O22,C02,4.1,85,0.0
2025-10-12,C02-O23,C02,4.1,62,0.0
2025-10-12,C02-O24,C02,4.1,96,0.0
2025-10-12,C02-O25,C02,4.1,76,0.0
2025-10-12,C03-O01,C03,4.1,123,49.0
2025-10-12,C03-O02,C03,4.1,89,35.0
2025-10-12,C03-O03,C03,4.1,117,47.0
2025-10-12,C03-O04,C03,4.1,137,55.0
2025-10-12,C03-O05,C03,4.1,138,55.0
2025-10-12,C03-O06,C03,4.1,107,43.0
2025-10-12,C03-O07,C03,4.1,111,0.0
2025-10-12,C03-O08,C03,4.1,130,0.0
2025-10-12,C03-O09,C03,4.1,144,0.0
2025-10-12,C03-O10,C03,4.1,138,0.0
2025-10-12,C03-O11,C03,4.1,88,0.0
2025-10-12,C03-O12,C03,4.1,110,0.0
2025-10-12,C03-O13,C03,4.1,172,0.0
2025-10-12,C03-O14,C03,4.1,116,0.0
2025-10-12,C03-O15,C03,4.1,135,0.0
2025-10-12,C03-O16,C03,4.1,165,0.0
2025-10-12,C03-O17,C03,4.1,105,0.0
2025-10-12,C03-O18,C03,4.1,112,0.0
2025-10-12,C04-O01,C04,4.1,94,0.0
2025-10-12,C04-O02,C04,4.1,89,0.0
2025-10-12,C04-O03,C04,4.1,98,0.0
2025-10-12,C04-O04,C04,4.1,57,0.0
2025-10-12,C04-O05,C04,4.1,65,0.0
2025-10-12,C04-O06,C04,4.1,67,0.0
2025-10-12,C04-O07,C04,4.1,69,0.0
2025-10-12,C04-O08,C04,4.1,71,0.0
2025-10-12,C05-O01,C05,4.1,233,93.0
2025-10-12,C05-O02,C05,4.1,289,115.0
2025-10-12,C05-O03,C05,4.1,244,97.0
2025-10-12,C05-O04,C05,4.1,239,95.0
2025-10-12,C05-O05,C05,4.1,244,97.0
2025-10-12,C05-O06,C05,4.1,238,0.0
2025-10-12,C05-O07,C05,4.1,295,0.0
2025-10-12,C05-O08,C05,4.1,415,0.0
2025-10-12,C05-O09,C05,4.1,315,0.0
2025-10-12,C05-O10,C05,4.1,278,0.0
2025-10-12,C05-O11,C05,4.1,366,0.0
2025-10-12,C05-O12,C05,4.1,368,0.0
2025-10-12,C05-O13,C05,4.1,261,0.0
2025-10-12,C05-O14,C05,4.1,293,0.0
2025-10-12,C05-O15,C05,4.1,232,0.0
2025-10-12,C05-O16,C05,4.1,342,0.0
2025-10-12,C05-O17,C05,4.1,288,0.0
2025-10-12,C05-O18,C05,4.1,370,0.0
2025-10-12,C05-O19,C05,4.1,421,0.0
2025-10-12,C05-O20,C05,4.1,300,0.0
2025-10-12,C05-O21,C05,4.1,374,0.0
2025-10-12,C05-O22,C05,4.1,293,0.0
2025-10-12,C05-O23,C05,4.1,372,0.0
2025-10-12,C05-O24,C05,4.1,443,0.0
2025-10-12,C06-O01,C06,4.1,213,0.0
2025-10-12,C06-O02,C06,4.1,310,0.0
2025-10-12,C06-O03,C06,4.1,354,0.0
2025-10-12,C06-O04,C06,4.1,330,0.0
2025-10-12,C06-O05,C06,4.1,343,0.0
2025-10-12,C06-O06,C06,4.1,356,0.0
2025-10-12,C06-O07,C06,4.1,333,0.0
2025-10-12,C06-O08,C06,4.1,265,0.0
2025-10-12,C06-O09,C06,4.1,219,0.0
2025-10-12,C06-O10,C06,4.1,366,0.0
2025-10-12,C06-O11,C06,4.1,279,0.0
2025-10-12,C06-O12,C06,4.1,344,0.0
2025-10-12,C06-O13,C06,4.1,274,0.0
2025-10-12,C06-O14,C06,4.1,317,0.0
2025-10-12,C06-O15,C06,4.1,234,0.0
2025-10-12,C06-O16,C06,4.1,270,0.0
2025-10-12,C06-O17,C06,4.1,235,0.0
2025-10-12,C06-O18,C06,4.1,278,0.0
2025-10-12,C06-O19,C06,4.1,315,0.0
2025-10-12,C06-O20,C06,4.1,270,0.0
2025-10-12,C06-O21,C06,4.1,216,0.0
2025-10-12,C06-O22,C06,4.1,363,0.0
2025-10-12,C06-O23,C06,4.1,256,0.0
2025-10-12,C06-O24,C06,4.1,303,0.0
2025-10-12,C06-O25,C06,4.1,347,0.0
2025-10-12,C06-O26,C06,4.1,331,0.0
2025-10-12,C06-O27,C06,4.1,298,0.0
2025-10-12,C06-O28,C06,4.1,367,0.0
2025-10-12,C06-O29,C06,4.1,339,0.0
2025-10-12,C06-O30,C06,4.1,312,125.0
2025-10-12,C07-O01,C07,4.1,198,0.0
2025-10-12,C07-O02,C07,4.1,233,0.0
2025-10-12,C07-O03,C07,4.1,185,0.0
2025-10-12,C07-O04,C07,4.1,267,0.0
2025-10-12,C07-O05,C07,4.1,214,0.0
2025-10-12,C07-O06,C07,4.1,334,0.0
2025-10-12,C07-O07,C07,4.1,252,0.0
2025-10-12,C07-O08,C07,4.1,221,0.0
2025-10-12,C07-O09,C07,4.1,285,0.0
2025-10-12,C07-O10,C07,4.1,245,0.0
2025-10-12,C07-O11,C07,4.1,295,0.0
2025-10-12,C07-O12,C07,4.1,226,0.0
2025-10-12,C07-O13,C07,4.1,262,0.0
2025-10-12,C07-O14,C07,4.1,226,0.0
2025-10-12,C07-O15,C07,4.1,328,0.0
2025-10-12,C07-O16,C07,4.1,236,0.0
2025-10-12,C07-O17,C07,4.1,254,0.0
2025-10-12,C07-O18,C07,4.1,207,0.0
2025-10-12,C07-O19,C07,4.1,241,0.0
2025-10-12,C07-O20,C07,4.1,297,0.0
2025-10-12,C07-O21,C07,4.1,245,0.0
2025-10-12,C08-O01,C08,4.1,274,0.0
2025-10-12,C08-O02,C08,4.1,298,0.0
2025-10-12,C08-O03,C08,4.1,271,0.0
2025-10-12,C08-O04,C08,4.1,357,0.0
2025-10-12,C08-O05,C08,4.1,279,0.0
2025-10-12,C08-O06,C08,4.1,343,0.0
2025-10-12,C08-O07,C08,4.1,336,0.0
2025-10-12,C08-O08,C08,4.1,327,0.0
2025-10-12,C08-O09,C08,4.1,277,0.0
2025-10-12,C08-O10,C08,4.1,407,0.0
2025-10-12,C08-O11,C08,4.1,244,0.0
2025-10-12,C08-O12,C08,4.1,307,0.0
2025-10-12,C08-O13,C08,4.1,338,0.0
2025-10-12,C08-O14,C08,4.1,263,0.0
2025-10-12,C09-O01,C09,4.1,171,0.0
2025-10-12,C09-O02,C09,4.1,136,0.0
2025-10-12,C09-O03,C09,4.1,100,0.0
2025-10-12,C09-O04,C09,4.1,83,0.0
2025-10-12,C09-O05,C09,4.1,154,0.0
2025-10-12,C09-O06,C09,4.1,99,0.0
2025-10-12,C09-O07,C09,4.1,91,0.0
2025-10-12,C09-O08,C09,4.1,167,0.0
2025-10-12,C09-O09,C09,4.1,84,0.0
2025-10-12,C09-O10,C09,4.1,136,0.0
2025-10-12,C09-O11,C09,4.1,110,0.0
2025-10-12,C09-O12,C09,4.1,89,0.0
2025-10-12,C09-O13,C09,4.1,103,0.0
2025-10-12,C09-O14,C09,4.1,128,0.0
2025-10-12,C09-O15,C09,4.1,103,0.0
2025-10-12,C10-O01,C10,4.1,256,0.0
2025-10-12,C10-O02,C10,4.1,260,104.0
2025-10-12,C10-O03,C10,4.1,320,128.0
2025-10-12,C10-O04,C10,4.1,333,0.0
2025-10-12,C10-O05,C10,4.1,216,0.0
2025-10-12,C10-O06,C10,4.1,234,0.0
2025-10-12,C10-O07,C10,4.1,310,0.0
2025-10-12,C10-O08,C10,4.1,319,0.0
2025-10-12,C10-O09,C10,4.1,215,0.0
2025-10-12,C10-O10,C10,4.1,242,0.0
2025-10-12,C10-O11,C10,4.1,225,0.0
2025-10-12,C10-O12,C10,4.1,306,0.0
2025-10-12,C10-O13,C10,4.1,194,0.0
2025-10-12,C10-O14,C10,4.1,215,0.0
2025-10-12,C10-O15,C10,4.1,291,0.0
2025-10-12,C10-O16,C10,4.1,270,0.0
2025-10-12,C10-O17,C10,4.1,234,0.0
2025-10-12,C10-O18,C10,4.1,273,0.0
2025-10-12,C10-O19,C10,4.1,232,0.0
2025-10-12,C10-O20,C10,4.1,342,0.0
2025-10-12,C10-O21,C10,4.1,221,0.0
2025-10-12,C11-O01,C11,4.1,378,0.0
2025-10-12,C11-O02,C11,4.1,379,0.0
2025-10-12,C11-O03,C11,4.1,406,0.0
2025-10-12,C11-O04,C11,4.1,298,0.0
2025-10-12,C11-O05,C11,4.1,377,0.0
2025-10-12,C11-O06,C11,4.1,258,0.0
2025-10-12,C11-O07,C11,4.1,409,0.0
2025-10-12,C11-O08,C11,4.1,357,0.0
2025-10-12,C11-O09,C11,4.1,349,0.0
2025-10-12,C11-O10,C11,4.1,464,0.0
2025-10-12,C11-O11,C11,4.1,273,0.0
2025-10-12,C11-O12,C11,4.1,423,0.0
2025-10-12,C11-O13,C11,4.1,391,0.0
2025-10-12,C11-O14,C11,4.1,315,0.0
2025-10-12,C11-O15,C11,4.1,362,0.0
2025-10-12,C11-O16,C11,4.1,409,0.0
2025-10-12,C11-O17,C11,4.1,359,0.0
2025-10-12,C11-O18,C11,4.1,296,0.0
2025-10-12,C11-O19,C11,4.1,299,0.0
2025-10-12,C11-O20,C11,4.1,483,0.0
2025-10-12,C11-O21,C11,4.1,473,0.0
2025-10-12,C11-O22,C11,4.1,379,0.0
2025-10-12,C12-O01,C12,4.1,238,0.0
2025-10-12,C12-O02,C12,4.1,198,0.0
2025-10-12,C12-O03,C12,4.1,126,0.0
2025-10-12,C12-O04,C12,4.1,209,0.0
2025-10-12,C12-O05,C12,4.1,184,0.0
2025-10-12,C12-O06,C12,4.1,151,0.0
2025-10-12,C12-O07,C12,4.1,168,0.0
2025-10-12,C12-O08,C12,4.1,152,61.0
2025-10-12,C12-O09,C12,4.1,164,0.0
2025-10-12,C12-O10,C12,4.1,197,0.0
2025-10-12,C12-O11,C12,4.1,115,0.0
2025-10-12,C12-O12,C12,4.1,145,0.0
2025-10-12,C12-O13,C12,4.1,202,0.0
2025-10-12,C12-O14,C12,4.1,169,0.0
2025-10-12,C12-O15,C12,4.1,238,0.0
2025-10-12,C12-O16,C12,4.1,151,0.0
2025-10-12,C12-O17,C12,4.1,117,0.0
2025-10-12,C12-O18,C12,4.1,224,0.0
2025-10-12,C12-O19,C12,4.1,153,0.0
2025-10-12,C12-O20,C12,4.1,150,0.0
2025-10-12,C12-O21,C12,4.1,153,0.0
2025-10-12,C12-O22,C12,4.1,121,0.0
2025-10-12,C12-O23,C12,4.1,211,0.0
2025-10-12,C12-O24,C12,4.1,195,0.0
2025-10-12,C13-O01,C13,4.1,206,0.0
2025-10-12,C13-O02,C13,4.1,350,0.0
2025-10-12,C13-O03,C13,4.1,219,0.0
2025-10-12,C13-O04,C13,4.1,278,0.0
2025-10-12,C13-O05,C13,4.1,293,0.0
2025-10-12,C13-O06,C13,4.1,266,0.0
2025-10-12,C13-O07,C13,4.1,242,0.0
2025-10-12,C13-O08,C13,4.1,279,0.0
2025-10-12,C13-O09,C13,4.1,343,0.0
2025-10-12,C13-O10,C13,4.1,288,0.0
2025-10-12,C13-O11,C13,4.1,244,0.0
2025-10-12,C13-O12,C13,4.1,374,0.0
2025-10-12,C13-O13,C13,4.1,312,0.0
2025-10-12,C13-O14,C13,4.1,216,0.0
2025-10-12,C13-O15,C13,4.1,328,0.0
2025-10-12,C13-O16,C13,4.1,282,0.0
2025-10-12,C13-O17,C13,4.1,305,0.0
2025-10-12,C14-O01,C14,4.1,484,0.0
2025-10-12,C14-O02,C14,4.1,309,0.0
2025-10-12,C14-O03,C14,4.1,360,0.0
2025-10-12,C14-O04,C14,4.1,313,0.0
2025-10-12,C14-O05,C14,4.1,329,0.0
2025-10-12,C14-O06,C14,4.1,335,0.0
2025-10-12,C14-O07,C14,4.1,381,0.0
2025-10-12,C14-O08,C14,4.1,306,0.0
2025-10-12,C15-O01,C15,4.1,200,0.0
2025-10-12,C15-O02,C15,4.1,319,0.0
2025-10-12,C15-O03,C15,4.1,318,0.0
2025-10-12,C15-O04,C15,4.1,271,0.0
2025-10-12,C15-O05,C15,4.1,267,0.0
2025-10-12,C15-O06,C15,4.1,205,0.0
2025-10-12,C15-O07,C15,4.1,250,0.0
2025-10-12,C15-O08,C15,4.1,247,0.0
2025-10-12,C15-O09,C15,4.1,323,0.0
2025-10-12,C15-O10,C15,4.1,199,0.0
2025-10-12,C15-O11,C15,4.1,274,0.0
2025-10-12,C15-O12,C15,4.1,288,0.0
2025-10-12,C15-O13,C15,4.1,207,82.0
2025-10-12,C15-O14,C15,4.1,277,0.0
2025-10-12,C15-O15,C15,4.1,253,0.0
2025-10-12,C15-O16,C15,4.1,308,0.0
2025-10-12,C15-O17,C15,4.1,260,0.0
2025-10-12,C15-O18,C15,4.1,205,0.0
2025-10-12,C15-O19,C15,4.1,216,0.0
2025-10-12,C15-O20,C15,4.1,294,117.0
2025-10-12,C15-O21,C15,4.1,223,0.0
2025-10-12,C15-O22,C15,4.1,281,0.0
2025-10-12,C15-O23,C15,4.1,271,0.0
2025-10-12,C16-O01,C16,4.1,81,0.0
2025-10-12,C16-O02,C16,4.1,63,0.0
2025-10-12,C16-O03,C16,4.1,106,0.0
2025-10-12,C16-O04,C16,4.1,70,0.0
2025-10-12,C16-O05,C16,4.1,65,0.0
2025-10-12,C16-O06,C16,4.1,66,0.0
2025-10-12,C16-O07,C16,4.1,67,0.0
2025-10-12,C16-O08,C16,4.1,97,0.0
2025-10-12,C17-O01,C17,4.1,84,0.0
2025-10-12,C17-O02,C17,4.1,126,0.0
2025-10-12,C17-O03,C17,4.1,157,0.0
2025-10-12,C17-O04,C17,4.1,95,0.0
2025-10-12,C17-O05,C17,4.1,119,0.0
2025-10-12,C17-O06,C17,4.1,102,0.0
2025-10-12,C17-O07,C17,4.1,118,0.0
2025-10-12,C17-O08,C17,4.1,125,0.0
2025-10-12,C17-O09,C17,4.1,110,0.0
2025-10-12,C17-O10,C17,4.1,115,0.0
2025-10-12,C18-O01,C18,4.1,426,0.0
2025-10-12,C18-O02,C18,4.1,291,0.0
2025-10-12,C18-O03,C18,4.1,295,0.0
2025-10-12,C18-O04,C18,4.1,310,0.0
2025-10-12,C18-O05,C18,4.1,325,130.0
2025-10-12,C18-O06,C18,4.1,243,0.0
2025-10-12,C18-O07,C18,4.1,376,0.0
2025-10-12,C18-O08,C18,4.1,237,0.0
2025-10-12,C19-O01,C19,4.1,351,0.0
2025-10-12,C19-O02,C19,4.1,366,0.0
2025-10-12,C19-O03,C19,4.1,249,99.0
2025-10-12,C19-O04,C19,4.1,220,0.0
2025-10-12,C19-O05,C19,4.1,218,0.0
2025-10-12,C19-O06,C19,4.1,279,0.0
2025-10-12,C19-O07,C19,4.1,376,0.0
2025-10-12,C19-O08,C19,4.1,305,0.0
2025-10-12,C20-O01,C20,4.1,370,0.0
2025-10-12,C20-O02,C20,4.1,372,0.0
2025-10-12,C20-O03,C20,4.1,301,0.0
2025-10-12,C20-O04,C20,4.1,271,0.0
2025-10-12,C20-O05,C20,4.1,359,0.0
2025-10-12,C21-O01,C21,4.1,233,0.0
2025-10-12,C21-O02,C21,4.1,330,0.0
2025-10-12,C21-O03,C21,4.1,231,0.0
2025-10-12,C21-O04,C21,4.1,329,0.0
2025-10-12,C21-O05,C21,4.1,313,0.0
2025-10-12,C21-O06,C21,4.1,222,0.0
2025-10-12,C21-O07,C21,4.1,243,0.0
2025-10-12,C21-O08,C21,4.1,274,0.0
2025-10-12,C21-O09,C21,4.1,280,0.0
2025-10-12,C22-O01,C22,4.1,388,0.0
2025-10-12,C22-O02,C22,4.1,425,0.0
2025-10-12,C22-O03,C22,4.1,251,0.0
2025-10-12,C22-O04,C22,4.1,432,0.0
2025-10-12,C22-O05,C22,4.1,277,0.0
2025-10-12,C22-O06,C22,4.1,305,0.0
2025-10-12,C22-O07,C22,4.1,247,0.0
2025-10-12,C22-O08,C22,4.1,293,0.0
2025-10-12,C22-O09,C22,4.1,435,0.0
2025-10-12,C22-O10,C22,4.1,392,0.0
2025-10-12,C22-O11,C22,4.1,411,0.0
2025-10-12,C22-O12,C22,4.1,408,0.0
2025-10-12,C22-O13,C22,4.1,313,0.0
2025-10-12,C22-O14,C22,4.1,431,0.0
2025-10-12,C22-O15,C22,4.1,261,0.0
2025-10-12,C22-O16,C22,4.1,427,0.0
2025-10-12,C22-O17,C22,4.1,330,0.0
2025-10-12,C22-O18,C22,4.1,298,0.0
2025-10-12,C23-O01,C23,4.1,342,0.0
2025-10-12,C23-O02,C23,4.1,301,120.0
2025-10-12,C23-O03,C23,4.1,213,0.0
2025-10-12,C23-O04,C23,4.1,196,0.0
2025-10-12,C23-O05,C23,4.1,350,0.0
2025-10-12,C23-O06,C23,4.1,213,0.0
2025-10-12,C24-O01,C24,4.1,426,0.0
2025-10-12,C24-O02,C24,4.1,246,0.0
2025-10-12,C24-O03,C24,4.1,301,0.0
2025-10-12,C24-O04,C24,4.1,443,0.0
2025-10-12,C24-O05,C24,4.1,443,0.0
2025-10-12,C24-O06,C24,4.1,345,0.0
2025-10-12,C24-O07,C24,4.1,275,0.0
2025-10-12,C24-O08,C24,4.1,373,0.0
2025-10-12,C24-O09,C24,4.1,336,0.0
2025-10-12,C24-O10,C24,4.1,329,0.0
2025-10-12,C25-O01,C25,4.1,252,0.0
2025-10-12,C25-O02,C25,4.1,243,0.0
2025-10-12,C25-O03,C25,4.1,301,0.0
2025-10-12,C25-O04,C25,4.1,264,0.0
2025-10-12,C25-O05,C25,4.1,315,0.0
2025-10-12,C25-O06,C25,4.1,367,0.0
2025-10-12,C25-O07,C25,4.1,373,0.0
2025-10-12,C25-O08,C25,4.1,277,0.0
2025-10-12,C25-O09,C25,4.1,283,0.0
2025-10-12,C25-O10,C25,4.1,415,166.0
2025-10-12,C25-O11,C25,4.1,324,0.0
2025-10-12,C25-O12,C25,4.1,457,0.0
2025-10-12,C25-O13,C25,4.1,373,0.0
2025-10-12,C25-O14,C25,4.1,410,0.0
2025-10-12,C25-O15,C25,4.1,301,0.0
2025-10-12,C26-O01,C26,4.1,299,0.0
2025-10-12,C26-O02,C26,4.1,202,0.0
2025-10-12,C26-O03,C26,4.1,243,0.0
2025-10-12,C26-O04,C26,4.1,206,0.0
2025-10-12,C26-O05,C26,4.1,293,0.0
2025-10-12,C26-O06,C26,4.1,311,0.0
2025-10-12,C26-O07,C26,4.1,297,0.0
2025-10-12,C26-O08,C26,4.1,215,0.0
2025-10-12,C26-O09,C26,4.1,341,0.0
2025-10-12,C26-O10,C26,4.1,270,0.0
2025-10-12,C27-O01,C27,4.1,146,0.0
2025-10-12,C27-O02,C27,4.1,107,0.0
2025-10-12,C27-O03,C27,4.1,104,0.0
2025-10-12,C27-O04,C27,4.1,130,0.0
2025-10-12,C27-O05,C27,4.1,143,0.0
2025-10-12,C27-O06,C27,4.1,93,0.0
2025-10-12,C27-O07,C27,4.1,145,0.0
2025-10-12,C27-O08,C27,4.1,139,0.0
2025-10-12,C27-O09,C27,4.1,90,0.0
2025-10-12,C27-O10,C27,4.1,105,0.0
2025-10-12,C27-O11,C27,4.1,171,0.0
2025-10-12,C27-O12,C27,4.1,110,0.0
2025-10-12,C27-O13,C27,4.1,118,0.0
2025-10-12,C27-O14,C27,4.1,92,0.0
2025-10-12,C27-O15,C27,4.1,140,0.0
2025-10-12,C27-O16,C27,4.1,165,0.0
2025-10-12,C27-O17,C27,4.1,149,0.0
2025-10-12,C27-O18,C27,4.1,160,0.0
2025-10-12,C27-O19,C27,4.1,142,0.0
2025-10-12,C27-O20,C27,4.1,83,0.0
2025-10-12,C27-O21,C27,4.1,148,0.0
2025-10-12,C27-O22,C27,4.1,115,0.0
2025-10-12,C28-O01,C28,4.1,354,0.0
2025-10-12,C28-O02,C28,4.1,365,0.0
2025-10-12,C28-O03,C28,4.1,392,0.0
2025-10-12,C28-O04,C28,4.1,438,0.0
2025-10-12,C28-O05,C28,4.1,371,0.0
2025-10-12,C28-O06,C28,4.1,410,164.0
2025-10-12,C28-O07,C28,4.1,282,0.0
2025-10-12,C28-O08,C28,4.1,402,0.0
2025-10-12,C28-O09,C28,4.1,312,0.0
2025-10-12,C28-O10,C28,4.1,359,0.0
2025-10-12,C28-O11,C28,4.1,393,157.0
2025-10-12,C28-O12,C28,4.1,358,0.0
2025-10-12,C29-O01,C29,4.1,114,0.0
2025-10-12,C29-O02,C29,4.1,195,0.0
2025-10-12,C29-O03,C29,4.1,125,0.0
2025-10-12,C29-O04,C29,4.1,128,0.0
2025-10-12,C29-O05,C29,4.1,174,0.0
2025-10-12,C29-O06,C29,4.1,199,0.0
2025-10-12,C29-O07,C29,4.1,128,0.0
2025-10-12,C29-O08,C29,4.1,185,0.0
2025-10-12,C29-O09,C29,4.1,234,0.0
2025-10-12,C29-O10,C29,4.1,166,0.0
2025-10-12,C29-O11,C29,4.1,133,0.0
2025-10-12,C29-O12,C29,4.1,159,0.0
2025-10-12,C30-O01,C30,4.1,308,0.0
2025-10-12,C30-O02,C30,4.1,220,0.0
2025-10-12,C30-O03,C30,4.1,224,0.0
2025-10-12,C30-O04,C30,4.1,284,0.0
2025-10-12,C30-O05,C30,4.1,275,0.0
2025-10-12,C30-O06,C30,4.1,188,0.0
2025-10-12,C30-O07,C30,4.1,228,0.0
2025-10-12,C30-O08,C30,4.1,373,0.0
2025-10-12,C30-O09,C30,4.1,266,0.0
2025-10-12,C30-O10,C30,4.1,350,0.0
2025-10-12,C30-O11,C30,4.1,330,0.0
2025-10-12,C30-O12,C30,4.1,313,0.0
2025-10-12,C30-O13,C30,4.1,251,0.0
2025-10-12,C30-O14,C30,4.1,333,0.0
2025-10-12,C30-O15,C30,4.1,204,0.0
2025-10-12,C30-O16,C30,4.1,343,0.0
2025-10-12,C30-O17,C30,4.1,343,0.0
2025-10-12,C31-O01,C31,4.1,89,0.0
2025-10-12,C31-O02,C31,4.1,85,0.0
2025-10-12,C31-O03,C31,4.1,94,0.0
2025-10-12,C31-O04,C31,4.1,70,0.0
2025-10-12,C31-O05,C31,4.1,67,0.0
2025-10-12,C31-O06,C31,4.1,87,0.0
2025-10-12,C31-O07,C31,4.1,56,0.0
2025-10-12,C31-O08,C31,4.1,112,0.0
2025-10-12,C31-O09,C31,4.1,87,0.0
2025-10-12,C31-O10,C31,4.1,89,0.0
2025-10-12,C31-O11,C31,4.1,103,0.0
2025-10-12,C31-O12,C31,4.1,78,0.0
2025-10-12,C31-O13,C31,4.1,91,0.0
2025-10-12,C32-O01,C32,4.1,385,0.0
2025-10-12,C32-O02,C32,4.1,248,0.0
2025-10-12,C32-O03,C32,4.1,361,0.0
2025-10-12,C32-O04,C32,4.1,389,0.0
2025-10-12,C32-O05,C32,4.1,290,0.0
2025-10-12,C32-O06,C32,4.1,433,0.0
2025-10-12,C32-O07,C32,4.1,427,0.0
2025-10-12,C32-O08,C32,4.1,332,0.0
2025-10-12,C32-O09,C32,4.1,292,0.0
2025-10-12,C32-O10,C32,4.1,301,0.0
2025-10-12,C32-O11,C32,4.1,394,0.0
2025-10-12,C32-O12,C32,4.1,287,0.0
2025-10-12,C32-O13,C32,4.1,401,0.0
2025-10-12,C32-O14,C32,4.1,285,0.0
2025-10-12,C33-O01,C33,4.1,239,0.0
2025-10-12,C33-O02,C33,4.1,253,0.0
2025-10-12,C33-O03,C33,4.1,285,0.0
2025-10-12,C33-O04,C33,4.1,365,0.0
2025-10-12,C34-O01,C34,4.1,283,0.0
2025-10-12,C34-O02,C34,4.1,406,0.0
2025-10-12,C34-O03,C34,4.1,357,0.0
2025-10-12,C34-O04,C34,4.1,336,0.0
2025-10-12,C34-O05,C34,4.1,410,0.0
2025-10-12,C34-O06,C34,4.1,266,0.0
2025-10-12,C34-O07,C34,4.1,270,0.0
2025-10-12,C34-O08,C34,4.1,318,0.0
2025-10-12,C34-O09,C34,4.1,326,0.0
2025-10-12,C34-O10,C34,4.1,240,0.0
2025-10-12,C34-O11,C34,4.1,473,189.0
2025-10-12,C34-O12,C34,4.1,268,0.0
2025-10-12,C35-O01,C35,4.1,327,0.0
2025-10-12,C35-O02,C35,4.1,334,0.0
2025-10-12,C35-O03,C35,4.1,290,116.0
2025-10-12,C35-O04,C35,4.1,336,0.0
2025-10-12,C35-O05,C35,4.1,290,0.0
2025-10-12,C35-O06,C35,4.1,285,0.0
2025-10-12,C35-O07,C35,4.1,422,0.0
2025-10-12,C35-O08,C35,4.1,338,0.0
2025-10-12,C35-O09,C35,4.1,285,0.0
2025-10-12,C35-O10,C35,4.1,373,0.0
2025-10-12,C35-O11,C35,4.1,368,147.0
2025-10-12,C35-O12,C35,4.1,381,0.0
2025-10-12,C35-O13,C35,4.1,443,0.0
2025-10-12,C35-O14,C35,4.1,383,0.0
2025-10-12,C35-O15,C35,4.1,304,0.0
2025-10-12,C35-O16,C35,4.1,337,0.0
2025-10-12,C35-O17,C35,4.1,381,0.0
2025-10-12,C35-O18,C35,4.1,358,0.0
2025-10-12,C35-O19,C35,4.1,245,0.0
2025-10-12,C35-O20,C35,4.1,295,0.0
2025-10-12,C35-O21,C35,4.1,376,0.0
2025-10-12,C35-O22,C35,4.1,418,0.0
2025-10-12,C36-O01,C36,4.1,298,0.0
2025-10-12,C36-O02,C36,4.1,293,0.0
2025-10-12,C36-O03,C36,4.1,233,0.0
2025-10-12,C36-O04,C36,4.1,249,0.0
2025-10-12,C36-O05,C36,4.1,333,0.0
2025-10-12,C36-O06,C36,4.1,228,0.0
2025-10-12,C36-O07,C36,4.1,329,0.0
2025-10-12,C36-O08,C36,4.1,343,0.0
2025-10-12,C36-O09,C36,4.1,217,0.0
2025-10-12,C36-O10,C36,4.1,380,0.0
2025-10-12,C36-O11,C36,4.1,355,0.0
2025-10-12,C37-O01,C37,4.1,329,0.0
2025-10-12,C37-O02,C37,4.1,253,0.0
2025-10-12,C37-O03,C37,4.1,328,0.0
2025-10-12,C37-O04,C37,4.1,349,0.0
2025-10-12,C37-O05,C37,4.1,436,0.0
2025-10-12,C37-O06,C37,4.1,443,0.0
2025-10-12,C37-O07,C37,4.1,314,0.0
2025-10-12,C37-O08,C37,4.1,341,0.0
2025-10-12,C37-O09,C37,4.1,272,0.0
2025-10-12,C37-O10,C37,4.1,295,118.0
2025-10-12,C37-O11,C37,4.1,347,0.0
2025-10-12,C37-O12,C37,4.1,386,0.0
2025-10-12,C38-O01,C38,4.1,410,0.0
2025-10-12,C38-O02,C38,4.1,267,0.0
2025-10-12,C38-O03,C38,4.1,393,0.0
2025-10-12,C38-O04,C38,4.1,231,0.0
2025-10-12,C38-O05,C38,4.1,322,0.0
2025-10-12,C38-O06,C38,4.1,342,0.0
2025-10-12,C38-O07,C38,4.1,321,0.0
2025-10-12,C38-O08,C38,4.1,272,0.0
2025-10-12,C38-O09,C38,4.1,326,0.0
2025-10-12,C38-O10,C38,4.1,418,0.0
2025-10-12,C38-O11,C38,4.1,272,0.0
2025-10-12,C38-O12,C38,4.1,269,0.0
2025-10-12,C38-O13,C38,4.1,375,0.0
2025-10-12,C38-O14,C38,4.1,247,0.0
2025-10-12,C38-O15,C38,4.1,337,0.0
2025-10-12,C38-O16,C38,4.1,276,0.0
2025-10-12,C38-O17,C38,4.1,358,0.0
2025-10-12,C38-O18,C38,4.1,402,0.0
2025-10-12,C38-O19,C38,4.1,249,0.0
2025-10-12,C38-O20,C38,4.1,377,0.0
2025-10-12,C38-O21,C38,4.1,358,0.0
2025-10-12,C39-O01,C39,4.1,200,0.0
2025-10-12,C39-O02,C39,4.1,249,99.0
2025-10-12,C39-O03,C39,4.1,306,0.0
2025-10-12,C39-O04,C39,4.1,377,0.0
2025-10-12,C39-O05,C39,4.1,289,115.0
2025-10-12,C39-O06,C39,4.1,195,0.0
2025-10-12,C39-O07,C39,4.1,240,0.0
2025-10-12,C39-O08,C39,4.1,197,0.0
2025-10-12,C39-O09,C39,4.1,250,0.0
2025-10-12,C39-O10,C39,4.1,263,0.0
2025-10-12,C39-O11,C39,4.1,354,0.0
2025-10-12,C39-O12,C39,4.1,336,0.0
2025-10-12,C39-O13,C39,4.1,300,0.0
2025-10-12,C39-O14,C39,4.1,180,0.0
2025-10-12,C39-O15,C39,4.1,343,0.0
2025-10-12,C39-O16,C39,4.1,189,0.0
2025-10-12,C39-O17,C39,4.1,237,0.0
2025-10-12,C39-O18,C39,4.1,205,0.0
2025-10-12,C39-O19,C39,4.1,371,0.0
2025-10-12,C40-O01,C40,4.1,426,0.0
2025-10-12,C40-O02,C40,4.1,418,0.0
2025-10-12,C40-O03,C40,4.1,367,0.0
2025-10-12,C40-O04,C40,4.1,243,0.0
2025-10-12,C40-O05,C40,4.1,386,0.0
2025-10-12,C40-O06,C40,4.1,410,0.0
2025-10-12,C40-O07,C40,4.1,316,0.0
2025-10-12,C40-O08,C40,4.1,351,0.0
2025-10-12,C40-O09,C40,4.1,468,0.0
2025-10-12,C40-O10,C40,4.1,473,0.0
2025-10-13,C01-O01,C01,4.1,173,0.0
2025-10-13,C01-O02,C01,4.1,207,0.0
2025-10-13,C01-O03,C01,4.1,312,0.0
2025-10-13,C01-O04,C01,4.1,170,0.0
2025-10-13,C01-O05,C01,4.1,293,0.0
2025-10-13,C01-O06,C01,4.1,278,0.0
2025-10-13,C01-O07,C01,4.1,170,0.0
2025-10-13,C01-O08,C01,4.1,265,0.0
2025-10-13,C01-O09,C01,4.1,213,0.0
2025-10-13,C01-O10,C01,4.1,228,0.0
2025-10-13,C01-O11,C01,4.1,194,0.0
2025-10-13,C01-O12,C01,4.1,221,0.0
2025-10-13,C01-O13,C01,4.1,225,0.0
2025-10-13,C01-O14,C01,4.1,284,0.0
2025-10-13,C01-O15,C01,4.1,321,0.0
2025-10-13,C01-O16,C01,4.1,210,0.0
2025-10-13,C01-O17,C01,4.1,222,0.0
2025-10-13,C01-O18,C01,4.1,323,0.0
2025-10-13,C01-O19,C01,4.1,289,0.0
2025-10-13,C01-O20,C01,4.1,176,0.0
2025-10-13,C01-O21,C01,4.1,204,0.0
2025-10-13,C01-O22,C01,4.1,178,0.0
2025-10-13,C01-O23,C01,4.1,179,0.0
2025-10-13,C01-O24,C01,4.1,257,0.0
2025-10-13,C01-O25,C01,4.1,262,0.0
2025-10-13,C01-O26,C01,4.1,191,0.0
2025-10-13,C01-O27,C01,4.1,228,0.0
2025-10-13,C01-O28,C01,4.1,168,0.0
2025-10-13,C01-O29,C01,4.1,284,0.0
2025-10-13,C01-O30,C01,4.1,228,91.0
2025-10-13,C01-O31,C01,4.1,274,0.0
2025-10-13,C01-O32,C01,4.1,204,0.0
2025-10-13,C01-O33,C01,4.1,272,0.0
2025-10-13,C01-O34,C01,4.1,205,0.0
2025-10-13,C01-O35,C01,4.1,189,0.0
2025-10-13,C01-O36,C01,4.1,227,0.0
2025-10-13,C01-O37,C01,4.1,301,0.0
2025-10-13,C01-O38,C01,4.1,190,0.0
2025-10-13,C01-O39,C01,4.1,297,0.0
2025-10-13,C01-O40,C01,4.1,276,0.0
2025-10-13,C01-O41,C01,4.1,222,0.0
2025-10-13,C01-O42,C01,4.1,313,0.0
2025-10-13,C02-O01,C02,4.1,86,0.0
2025-10-13,C02-O02,C02,4.1,81,0.0
2025-10-13,C02-O03,C02,4.1,50,0.0
2025-10-13,C02-O04,C02,4.1,48,0.0
2025-10-13,C02-O05,C02,4.1,68,0.0
2025-10-13,C02-O06,C02,4.1,90,0.0
2025-10-13,C02-O07,C02,4.1,76,0.0
2025-10-13,C02-O08,C02,4.1,69,0.0
2025-10-13,C02-O09,C02,4.1,61,0.0
2025-10-13,C02-O10,C02,4.1,89,0.0
2025-10-13,C02-O11,C02,4.1,54,0.0
2025-10-13,C02-O12,C02,4.1,73,0.0
2025-10-13,C02-O13,C02,4.1,46,0.0
2025-10-13,C02-O14,C02,4.1,61,0.0
2025-10-13,C02-O15,C02,4.1,79,0.0
2025-10-13,C02-O16,C02,4.1,46,0.0
2025-10-13,C02-O17,C02,4.1,63,0.0
2025-10-13,C02-O18,C02,4.1,67,0.0
2025-10-13,C02-O19,C02,4.1,69,0.0
2025-10-13,C02-O20,C02,4.1,93,0.0
2025-10-13,C02-O21,C02,4.1,71,0.0
2025-10-13,C02-O22,C02,4.1,71,0.0
2025-10-13,C02-O23,C02,4.1,54,0.0
2025-10-13,C02-O24,C02,4.1,72,0.0
2025-10-13,C02-O25,C02,4.1,61,0.0
2025-10-13,C03-O01,C03,4.1,99,39.0
2025-10-13,C03-O02,C03,4.1,90,36.0
2025-10-13,C03-O03,C03,4.1,107,43.0
2025-10-13,C03-O04,C03,4.1,119,47.0
2025-10-13,C03-O05,C03,4.1,126,50.0
2025-10-13,C03-O06,C03,4.1,108,43.0
2025-10-13,C03-O07,C03,4.1,108,0.0
2025-10-13,C03-O08,C03,4.1,113,0.0
2025-10-13,C03-O09,C03,4.1,143,0.0
2025-10-13,C03-O10,C03,4.1,126,0.0
2025-10-13,C03-O11,C03,4.1,90,0.0
2025-10-13,C03-O12,C03,4.1,101,0.0
2025-10-13,C03-O13,C03,4.1,124,0.0
2025-10-13,C03-O14,C03,4.1,90,0.0
2025-10-13,C03-O15,C03,4.1,132,0.0
2025-10-13,C03-O16,C03,4.1,134,0.0
2025-10-13,C03-O17,C03,4.1,88,0.0
2025-10-13,C03-O18,C03,4.1,95,0.0
2025-10-13,C04-O01,C04,4.1,79,0.0
2025-10-13,C04-O02,C04,4.1,81,0.0
2025-10-13,C04-O03,C04,4.1,77,0.0
2025-10-13,C04-O04,C04,4.1,46,0.0
2025-10-13,C04-O05,C04,4.1,54,0.0
2025-10-13,C04-O06,C04,4.1,58,0.0
2025-10-13,C04-O07,C04,4.1,57,0.0
2025-10-13,C04-O08,C04,4.1,55,0.0
2025-10-13,C05-O01,C05,4.1,208,83.0
2025-10-13,C05-O02,C05,4.1,239,95.0
2025-10-13,C05-O03,C05,4.1,203,81.0
2025-10-13,C05-O04,C05,4.1,239,95.0
2025-10-13,C05-O05,C05,4.1,229,91.0
2025-10-13,C05-O06,C05,4.1,231,0.0
2025-10-13,C05-O07,C05,4.1,225,0.0
2025-10-13,C05-O08,C05,4.1,370,0.0
2025-10-13,C05-O09,C05,4.1,308,0.0
2025-10-13,C05-O10,C05,4.1,230,0.0
2025-10-13,C05-O11,C05,4.1,316,0.0
2025-10-13,C05-O12,C05,4.1,342,0.0
2025-10-13,C05-O13,C05,4.1,207,0.0
2025-10-13,C05-O14,C05,4.1,244,0.0
2025-10-13,C05-O15,C05,4.1,206,0.0
2025-10-13,C05-O16,C05,4.1,288,0.0
2025-10-13,C05-O17,C05,4.1,211,0.0
2025-10-13,C05-O18,C05,4.1,364,0.0
2025-10-13,C05-O19,C05,4.1,375,0.0
2025-10-13,C05-O20,C05,4.1,244,0.0
2025-10-13,C05-O21,C05,4.1,329,0.0
2025-10-13,C05-O22,C05,4.1,244,0.0
2025-10-13,C05-O23,C05,4.1,306,0.0
2025-10-13,C05-O24,C05,4.1,427,0.0
2025-10-13,C06-O01,C06,4.1,191,0.0
2025-10-13,C06-O02,C06,4.1,276,0.0
2025-10-13,C06-O03,C06,4.1,293,0.0
2025-10-13,C06-O04,C06,4.1,265,0.0
2025-10-13,C06-O05,C06,4.1,352,0.0
2025-10-13,C06-O06,C06,4.1,335,0.0
2025-10-13,C06-O07,C06,4.1,289,0.0
2025-10-13,C06-O08,C06,4.1,250,0.0
2025-10-13,C06-O09,C06,4.1,186,0.0
2025-10-13,C06-O10,C06,4.1,309,0.0
2025-10-13,C06-O11,C06,4.1,231,0.0
2025-10-13,C06-O12,C06,4.1,301,0.0
2025-10-13,C06-O13,C06,4.1,279,0.0
2025-10-13,C06-O14,C06,4.1,308,0.0
2025-10-13,C06-O15,C06,4.1,212,0.0
2025-10-13,C06-O16,C06,4.1,268,0.0
2025-10-13,C06-O17,C06,4.1,193,0.0
2025-10-13,C06-O18,C06,4.1,235,0.0
2025-10-13,C06-O19,C06,4.1,277,0.0
2025-10-13,C06-O20,C06,4.1,230,0.0
2025-10-13,C06-O21,C06,4.1,176,0.0
2025-10-13,C06-O22,C06,4.1,361,0.0
2025-10-13,C06-O23,C06,4.1,244,0.0
2025-10-13,C06-O24,C06,4.1,264,0.0
2025-10-13,C06-O25,C06,4.1,249,0.0
2025-10-13,C06-O26,C06,4.1,262,0.0
2025-10-13,C06-O27,C06,4.1,219,0.0
2025-10-13,C06-O28,C06,4.1,292,0.0
2025-10-13,C06-O29,C06,4.1,300,0.0
2025-10-13,C06-O30,C06,4.1,301,120.0
2025-10-13,C07-O01,C07,4.1,205,0.0
2025-10-13,C07-O02,C07,4.1,213,0.0
2025-10-13,C07-O03,C07,4.1,180,0.0
2025-10-13,C07-O04,C07,4.1,232,0.0
2025-10-13,C07-O05,C07,4.1,162,0.0
2025-10-13,C07-O06,C07,4.1,293,0.0
2025-10-13,C07-O07,C07,4.1,192,0.0
2025-10-13,C07-O08,C07,4.1,225,0.0
2025-10-13,C07-O09,C07,4.1,222,0.0
2025-10-13,C07-O10,C07,4.1,214,0.0
2025-10-13,C07-O11,C07,4.1,281,0.0
2025-10-13,C07-O12,C07,4.1,226,0.0
2025-10-13,C07-O13,C07,4.1,275,0.0
2025-10-13,C07-O14,C07,4.1,178,0.0
2025-10-13,C07-O15,C07,4.1,300,0.0
2025-10-13,C07-O16,C07,4.1,203,0.0
2025-10-13,C07-O17,C07,4.1,269,0.0
2025-10-13,C07-O18,C07,4.1,177,0.0
2025-10-13,C07-O19,C07,4.1,235,0.0
2025-10-13,C07-O20,C07,4.1,267,0.0
2025-10-13,C07-O21,C07,4.1,195,0.0
2025-10-13,C08-O01,C08,4.1,247,0.0
2025-10-13,C08-O02,C08,4.1,257,0.0
2025-10-13,C08-O03,C08,4.1,240,0.0
2025-10-13,C08-O04,C08,4.1,306,0.0
2025-10-13,C08-O05,C08,4.1,231,0.0
2025-10-13,C08-O06,C08,4.1,334,0.0
2025-10-13,C08-O07,C08,4.1,326,0.0
2025-10-13,C08-O08,C08,4.1,302,0.0
2025-10-13,C08-O09,C08,4.1,268,0.0
2025-10-13,C08-O10,C08,4.1,307,0.0
2025-10-13,C08-O11,C08,4.1,240,0.0
2025-10-13,C08-O12,C08,4.1,227,0.0
2025-10-13,C08-O13,C08,4.1,305,0.0
2025-10-13,C08-O14,C08,4.1,208,0.0
2025-10-13,C09-O01,C09,4.1,136,0.0
2025-10-13,C09-O02,C09,4.1,122,0.0
2025-10-13,C09-O03,C09,4.1,81,0.0
2025-10-13,C09-O04,C09,4.1,85,0.0
2025-10-13,C09-O05,C09,4.1,134,0.0
2025-10-13,C09-O06,C09,4.1,82,0.0
2025-10-13,C09-O07,C09,4.1,73,0.0
2025-10-13,C09-O08,C09,4.1,139,0.0
2025-10-13,C09-O09,C09,4.1,81,0.0
2025-10-13,C09-O10,C09,4.1,113,0.0
2025-10-13,C09-O11,C09,4.1,97,0.0
2025-10-13,C09-O12,C09,4.1,82,0.0
2025-10-13,C09-O13,C09,4.1,86,0.0
2025-10-13,C09-O14,C09,4.1,126,0.0
2025-10-13,C09-O15,C09,4.1,89,0.0
2025-10-13,C10-O01,C10,4.1,190,0.0
2025-10-13,C10-O02,C10,4.1,216,86.0
2025-10-13,C10-O03,C10,4.1,290,116.0
2025-10-13,C10-O04,C10,4.1,282,0.0
2025-10-13,C10-O05,C10,4.1,174,0.0
2025-10-13,C10-O06,C10,4.1,242,0.0
2025-10-13,C10-O07,C10,4.1,262,0.0
2025-10-13,C10-O08,C10,4.1,285,0.0
2025-10-13,C10-O09,C10,4.1,190,0.0
2025-10-13,C10-O10,C10,4.1,223,0.0
2025-10-13,C10-O11,C10,4.1,235,0.0
2025-10-13,C10-O12,C10,4.1,272,0.0
2025-10-13,C10-O13,C10,4.1,155,0.0
2025-10-13,C10-O14,C10,4.1,186,0.0
2025-10-13,C10-O15,C10,4.1,264,0.0
2025-10-13,C10-O16,C10,4.1,217,0.0
2025-10-13,C10-O17,C10,4.1,177,0.0
2025-10-13,C10-O18,C10,4.1,265,0.0
2025-10-13,C10-O19,C10,4.1,191,0.0
2025-10-13,C10-O20,C10,4.1,279,0.0
2025-10-13,C10-O21,C10,4.1,211,0.0
2025-10-13,C11-O01,C11,4.1,388,0.0
2025-10-13,C11-O02,C11,4.1,371,0.0
2025-10-13,C11-O03,C11,4.1,336,0.0
2025-10-13,C11-O04,C11,4.1,232,0.0
2025-10-13,C11-O05,C11,4.1,358,0.0
2025-10-13,C11-O06,C11,4.1,206,0.0
2025-10-13,C11-O07,C11,4.1,360,0.0
2025-10-13,C11-O08,C11,4.1,357,0.0
2025-10-13,C11-O09,C11,4.1,326,0.0
2025-10-13,C11-O10,C11,4.1,418,0.0
2025-10-13,C11-O11,C11,4.1,226,0.0
2025-10-13,C11-O12,C11,4.1,331,0.0
2025-10-13,C11-O13,C11,4.1,347,0.0
2025-10-13,C11-O14,C11,4.1,272,0.0
2025-10-13,C11-O15,C11,4.1,351,0.0
2025-10-13,C11-O16,C11,4.1,335,0.0
2025-10-13,C11-O17,C11,4.1,306,0.0
2025-10-13,C11-O18,C11,4.1,256,0.0
2025-10-13,C11-O19,C11,4.1,269,0.0
2025-10-13,C11-O20,C11,4.1,403,0.0
2025-10-13,C11-O21,C11,4.1,406,0.0
2025-10-13,C11-O22,C11,4.1,308,0.0
2025-10-13,C12-O01,C12,4.1,188,0.0
2025-10-13,C12-O02,C12,4.1,157,0.0
2025-10-13,C12-O03,C12,4.1,111,0.0
2025-10-13,C12-O04,C12,4.1,166,0.0
2025-10-13,C12-O05,C12,4.1,171,0.0
2025-10-13,C12-O06,C12,4.1,127,0.0
2025-10-13,C12-O07,C12,4.1,141,0.0
2025-10-13,C12-O08,C12,4.1,126,50.0
2025-10-13,C12-O09,C12,4.1,161,0.0
2025-10-13,C12-O10,C12,4.1,169,0.0
2025-10-13,C12-O11,C12,4.1,110,0.0
2025-10-13,C12-O12,C12,4.1,126,0.0
2025-10-13,C12-O13,C12,4.1,175,0.0
2025-10-13,C12-O14,C12,4.1,169,0.0
2025-10-13,C12-O15,C12,4.1,200,0.0
2025-10-13,C12-O16,C12,4.1,122,0.0
2025-10-13,C12-O17,C12,4.1,103,0.0
2025-10-13,C12-O18,C12,4.1,186,0.0
2025-10-13,C12-O19,C12,4.1,135,0.0
2025-10-13,C12-O20,C12,4.1,149,0.0
2025-10-13,C12-O21,C12,4.1,133,0.0
2025-10-13,C12-O22,C12,4.1,108,0.0
2025-10-13,C12-O23,C12,4.1,192,0.0
2025-10-13,C12-O24,C12,4.1,194,0.0
2025-10-13,C13-O01,C13,4.1,190,0.0
2025-10-13,C13-O02,C13,4.1,294,0.0
2025-10-13,C13-O03,C13,4.1,214,0.0
2025-10-13,C13-O04,C13,4.1,247,0.0
2025-10-13,C13-O05,C13,4.1,236,0.0
2025-10-13,C13-O06,C13,4.1,254,0.0
2025-10-13,C13-O07,C13,4.1,231,0.0
2025-10-13,C13-O08,C13,4.1,254,0.0
2025-10-13,C13-O09,C13,4.1,314,0.0
2025-10-13,C13-O10,C13,4.1,241,0.0
2025-10-13,C13-O11,C13,4.1,225,0.0
2025-10-13,C13-O12,C13,4.1,334,0.0
2025-10-13,C13-O13,C13,4.1,257,0.0
2025-10-13,C13-O14,C13,4.1,214,0.0
2025-10-13,C13-O15,C13,4.1,296,0.0
2025-10-13,C13-O16,C13,4.1,244,0.0
2025-10-13,C13-O17,C13,4.1,269,0.0
2025-10-13,C14-O01,C14,4.1,409,0.0
2025-10-13,C14-O02,C14,4.1,243,0.0
2025-10-13,C14-O03,C14,4.1,337,0.0
2025-10-13,C14-O04,C14,4.1,276,0.0
2025-10-13,C14-O05,C14,4.1,303,0.0
2025-10-13,C14-O06,C14,4.1,322,0.0
2025-10-13,C14-O07,C14,4.1,355,0.0
2025-10-13,C14-O08,C14,4.1,240,0.0
2025-10-13,C15-O01,C15,4.1,175,0.0
2025-10-13,C15-O02,C15,4.1,292,0.0
2025-10-13,C15-O03,C15,4.1,253,0.0
2025-10-13,C15-O04,C15,4.1,234,0.0
2025-10-13,C15-O05,C15,4.1,252,0.0
2025-10-13,C15-O06,C15,4.1,205,0.0
2025-10-13,C15-O07,C15,4.1,213,0.0
2025-10-13,C15-O08,C15,4.1,245,0.0
2025-10-13,C15-O09,C15,4.1,267,0.0
2025-10-13,C15-O10,C15,4.1,181,0.0
2025-10-13,C15-O11,C15,4.1,214,0.0
2025-10-13,C15-O12,C15,4.1,238,0.0
2025-10-13,C15-O13,C15,4.1,184,73.0
2025-10-13,C15-O14,C15,4.1,244,0.0
2025-10-13,C15-O15,C15,4.1,216,0.0
2025-10-13,C15-O16,C15,4.1,272,0.0
2025-10-13,C15-O17,C15,4.1,252,0.0
2025-10-13,C15-O18,C15,4.1,158,0.0
2025-10-13,C15-O19,C15,4.1,168,0.0
2025-10-13,C15-O20,C15,4.1,257,102.0
2025-10-13,C15-O21,C15,4.1,224,0.0
2025-10-13,C15-O22,C15,4.1,245,0.0
2025-10-13,C15-O23,C15,4.1,224,0.0
2025-10-13,C16-O01,C16,4.1,74,0.0
2025-10-13,C16-O02,C16,4.1,52,0.0
2025-10-13,C16-O03,C16,4.1,89,0.0
2025-10-13,C16-O04,C16,4.1,61,0.0
2025-10-13,C16-O05,C16,4.1,52,0.0
2025-10-13,C16-O06,C16,4.1,59,0.0
2025-10-13,C16-O07,C16,4.1,56,0.0
2025-10-13,C16-O08,C16,4.1,96,0.0
2025-10-13,C17-O01,C17,4.1,84,0.0
2025-10-13,C17-O02,C17,4.1,114,0.0
2025-10-13,C17-O03,C17,4.1,123,0.0
2025-10-13,C17-O04,C17,4.1,99,0.0
2025-10-13,C17-O05,C17,4.1,103,0.0
2025-10-13,C17-O06,C17,4.1,106,0.0
2025-10-13,C17-O07,C17,4.1,94,0.0
2025-10-13,C17-O08,C17,4.1,125,0.0
2025-10-13,C17-O09,C17,4.1,94,0.0
2025-10-13,C17-O10,C17,4.1,116,0.0
2025-10-13,C18-O01,C18,4.1,384,0.0
2025-10-13,C18-O02,C18,4.1,254,0.0
2025-10-13,C18-O03,C18,4.1,211,0.0
2025-10-13,C18-O04,C18,4.1,255,0.0
2025-10-13,C18-O05,C18,4.1,306,122.0
2025-10-13,C18-O06,C18,4.1,250,0.0
2025-10-13,C18-O07,C18,4.1,329,0.0
2025-10-13,C18-O08,C18,4.1,228,0.0
2025-10-13,C19-O01,C19,4.1,307,0.0
2025-10-13,C19-O02,C19,4.1,320,0.0
2025-10-13,C19-O03,C19,4.1,214,85.0
2025-10-13,C19-O04,C19,4.1,216,0.0
2025-10-13,C19-O05,C19,4.1,181,0.0
2025-10-13,C19-O06,C19,4.1,219,0.0
2025-10-13,C19-O07,C19,4.1,315,0.0
2025-10-13,C19-O08,C19,4.1,261,0.0
2025-10-13,C20-O01,C20,4.1,342,0.0
2025-10-13,C20-O02,C20,4.1,344,0.0
2025-10-13,C20-O03,C20,4.1,250,0.0
2025-10-13,C20-O04,C20,4.1,195,0.0
2025-10-13,C20-O05,C20,4.1,297,0.0
2025-10-13,C21-O01,C21,4.1,239,0.0
2025-10-13,C21-O02,C21,4.1,321,0.0
2025-10-13,C21-O03,C21,4.1,197,0.0
2025-10-13,C21-O04,C21,4.1,261,0.0
2025-10-13,C21-O05,C21,4.1,287,0.0
2025-10-13,C21-O06,C21,4.1,200,0.0
2025-10-13,C21-O07,C21,4.1,238,0.0
2025-10-13,C21-O08,C21,4.1,231,0.0
2025-10-13,C21-O09,C21,4.1,252,0.0
2025-10-13,C22-O01,C22,4.1,312,0.0
2025-10-13,C22-O02,C22,4.1,393,0.0
2025-10-13,C22-O03,C22,4.1,212,0.0
2025-10-13,C22-O04,C22,4.1,323,0.0
2025-10-13,C22-O05,C22,4.1,228,0.0
2025-10-13,C22-O06,C22,4.1,228,0.0
2025-10-13,C22-O07,C22,4.1,194,0.0
2025-10-13,C22-O08,C22,4.1,239,0.0
2025-10-13,C22-O09,C22,4.1,349,0.0
2025-10-13,C22-O10,C22,4.1,390,0.0
2025-10-13,C22-O11,C22,4.1,348,0.0
2025-10-13,C22-O12,C22,4.1,338,0.0
2025-10-13,C22-O13,C22,4.1,310,0.0
2025-10-13,C22-O14,C22,4.1,356,0.0
2025-10-13,C22-O15,C22,4.1,214,0.0
2025-10-13,C22-O16,C22,4.1,355,0.0
2025-10-13,C22-O17,C22,4.1,269,0.0
2025-10-13,C22-O18,C22,4.1,296,0.0
2025-10-13,C23-O01,C23,4.1,286,0.0
2025-10-13,C23-O02,C23,4.1,243,97.0
2025-10-13,C23-O03,C23,4.1,179,0.0
2025-10-13,C23-O04,C23,4.1,191,0.0
2025-10-13,C23-O05,C23,4.1,269,0.0
2025-10-13,C23-O06,C23,4.1,193,0.0
2025-10-13,C24-O01,C24,4.1,361,0.0
2025-10-13,C24-O02,C24,4.1,223,0.0
2025-10-13,C24-O03,C24,4.1,242,0.0
2025-10-13,C24-O04,C24,4.1,409,0.0
2025-10-13,C24-O05,C24,4.1,384,0.0
2025-10-13,C24-O06,C24,4.1,287,0.0
2025-10-13,C24-O07,C24,4.1,252,0.0
2025-10-13,C24-O08,C24,4.1,331,0.0
2025-10-13,C24-O09,C24,4.1,272,0.0
2025-10-13,C24-O10,C24,4.1,307,0.0
2025-10-13,C25-O01,C25,4.1,210,0.0
2025-10-13,C25-O02,C25,4.1,227,0.0
2025-10-13,C25-O03,C25,4.1,278,0.0
2025-10-13,C25-O04,C25,4.1,245,0.0
2025-10-13,C25-O05,C25,4.1,267,0.0
2025-10-13,C25-O06,C25,4.1,337,0.0
2025-10-13,C25-O07,C25,4.1,363,0.0
2025-10-13,C25-O08,C25,4.1,267,0.0
2025-10-13,C25-O09,C25,4.1,224,0.0
2025-10-13,C25-O10,C25,4.1,335,134.0
2025-10-13,C25-O11,C25,4.1,262,0.0
2025-10-13,C25-O12,C25,4.1,344,0.0
2025-10-13,C25-O13,C25,4.1,343,0.0
2025-10-13,C25-O14,C25,4.1,343,0.0
2025-10-13,C25-O15,C25,4.1,224,0.0
2025-10-13,C26-O01,C26,4.1,242,0.0
2025-10-13,C26-O02,C26,4.1,184,0.0
2025-10-13,C26-O03,C26,4.1,187,0.0
2025-10-13,C26-O04,C26,4.1,166,0.0
2025-10-13,C26-O05,C26,4.1,246,0.0
2025-10-13,C26-O06,C26,4.1,265,0.0
2025-10-13,C26-O07,C26,4.1,245,0.0
2025-10-13,C26-O08,C26,4.1,169,0.0
2025-10-13,C26-O09,C26,4.1,271,0.0
2025-10-13,C26-O10,C26,4.1,214,0.0
2025-10-13,C27-O01,C27,4.1,128,0.0
2025-10-13,C27-O02,C27,4.1,105,0.0
2025-10-13,C27-O03,C27,4.1,88,0.0
2025-10-13,C27-O04,C27,4.1,110,0.0
2025-10-13,C27-O05,C27,4.1,125,0.0
2025-10-13,C27-O06,C27,4.1,73,0.0
2025-10-13,C27-O07,C27,4.1,116,0.0
2025-10-13,C27-O08,C27,4.1,117,0.0
2025-10-13,C27-O09,C27,4.1,84,0.0
2025-10-13,C27-O10,C27,4.1,100,0.0
2025-10-13,C27-O11,C27,4.1,128,0.0
2025-10-13,C27-O12,C27,4.1,96,0.0
2025-10-13,C27-O13,C27,4.1,86,0.0
2025-10-13,C27-O14,C27,4.1,76,0.0
2025-10-13,C27-O15,C27,4.1,121,0.0
2025-10-13,C27-O16,C27,4.1,124,0.0
2025-10-13,C27-O17,C27,4.1,134,0.0
2025-10-13,C27-O18,C27,4.1,132,0.0
2025-10-13,C27-O19,C27,4.1,123,0.0
2025-10-13,C27-O20,C27,4.1,81,0.0
2025-10-13,C27-O21,C27,4.1,153,0.0
2025-10-13,C27-O22,C27,4.1,108,0.0
2025-10-13,C28-O01,C28,4.1,339,0.0
2025-10-13,C28-O02,C28,4.1,351,0.0
2025-10-13,C28-O03,C28,4.1,365,0.0
2025-10-13,C28-O04,C28,4.1,351,0.0
2025-10-13,C28-O05,C28,4.1,385,0.0
2025-10-13,C28-O06,C28,4.1,352,141.0
2025-10-13,C28-O07,C28,4.1,243,0.0
2025-10-13,C28-O08,C28,4.1,334,0.0
2025-10-13,C28-O09,C28,4.1,293,0.0
2025-10-13,C28-O10,C28,4.1,341,0.0
2025-10-13,C28-O11,C28,4.1,330,132.0
2025-10-13,C28-O12,C28,4.1,277,0.0
2025-10-13,C29-O01,C29,4.1,116,0.0
2025-10-13,C29-O02,C29,4.1,168,0.0
2025-10-13,C29-O03,C29,4.1,112,0.0
2025-10-13,C29-O04,C29,4.1,112,0.0
2025-10-13,C29-O05,C29,4.1,144,0.0
2025-10-13,C29-O06,C29,4.1,187,0.0
2025-10-13,C29-O07,C29,4.1,117,0.0
2025-10-13,C29-O08,C29,4.1,177,0.0
2025-10-13,C29-O09,C29,4.1,177,0.0
2025-10-13,C29-O10,C29,4.1,140,0.0
2025-10-13,C29-O11,C29,4.1,131,0.0
2025-10-13,C29-O12,C29,4.1,125,0.0
2025-10-13,C30-O01,C30,4.1,277,0.0
2025-10-13,C30-O02,C30,4.1,174,0.0
2025-10-13,C30-O03,C30,4.1,182,0.0
2025-10-13,C30-O04,C30,4.1,224,0.0
2025-10-13,C30-O05,C30,4.1,275,0.0
2025-10-13,C30-O06,C30,4.1,157,0.0
2025-10-13,C30-O07,C30,4.1,202,0.0
2025-10-13,C30-O08,C30,4.1,325,0.0
2025-10-13,C30-O09,C30,4.1,264,0.0
2025-10-13,C30-O10,C30,4.1,323,0.0
2025-10-13,C30-O11,C30,4.1,278,0.0
2025-10-13,C30-O12,C30,4.1,252,0.0
2025-10-13,C30-O13,C30,4.1,194,0.0
2025-10-13,C30-O14,C30,4.1,246,0.0
2025-10-13,C30-O15,C30,4.1,191,0.0
2025-10-13,C30-O16,C30,4.1,309,0.0
2025-10-13,C30-O17,C30,4.1,279,0.0
2025-10-13,C31-O01,C31,4.1,76,0.0
2025-10-13,C31-O02,C31,4.1,73,0.0
2025-10-13,C31-O03,C31,4.1,78,0.0
2025-10-13,C31-O04,C31,4.1,67,0.0
2025-10-13,C31-O05,C31,4.1,60,0.0
2025-10-13,C31-O06,C31,4.1,66,0.0
2025-10-13,C31-O07,C31,4.1,57,0.0
2025-10-13,C31-O08,C31,4.1,95,0.0
2025-10-13,C31-O09,C31,4.1,76,0.0
2025-10-13,C31-O10,C31,4.1,78,0.0
2025-10-13,C31-O11,C31,4.1,95,0.0
2025-10-13,C31-O12,C31,4.1,66,0.0
2025-10-13,C31-O13,C31,4.1,82,0.0
2025-10-13,C32-O01,C32,4.1,313,0.0
2025-10-13,C32-O02,C32,4.1,235,0.0
2025-10-13,C32-O03,C32,4.1,290,0.0
2025-10-13,C32-O04,C32,4.1,322,0.0
2025-10-13,C32-O05,C32,4.1,245,0.0
2025-10-13,C32-O06,C32,4.1,365,0.0
2025-10-13,C32-O07,C32,4.1,377,0.0
2025-10-13,C32-O08,C32,4.1,297,0.0
2025-10-13,C32-O09,C32,4.1,234,0.0
2025-10-13,C32-O10,C32,4.1,265,0.0
2025-10-13,C32-O11,C32,4.1,372,0.0
2025-10-13,C32-O12,C32,4.1,261,0.0
2025-10-13,C32-O13,C32,4.1,301,0.0
2025-10-13,C32-O14,C32,4.1,239,0.0
2025-10-13,C33-O01,C33,4.1,196,0.0
2025-10-13,C33-O02,C33,4.1,244,0.0
2025-10-13,C33-O03,C33,4.1,212,0.0
2025-10-13,C33-O04,C33,4.1,300,0.0
2025-10-13,C34-O01,C34,4.1,239,0.0
2025-10-13,C34-O02,C34,4.1,382,0.0
2025-10-13,C34-O03,C34,4.1,345,0.0
2025-10-13,C34-O04,C34,4.1,311,0.0
2025-10-13,C34-O05,C34,4.1,387,0.0
2025-10-13,C34-O06,C34,4.1,199,0.0
2025-10-13,C34-O07,C34,4.1,258,0.0
2025-10-13,C34-O08,C34,4.1,299,0.0
2025-10-13,C34-O09,C34,4.1,289,0.0
2025-10-13,C34-O10,C34,4.1,212,0.0
2025-10-13,C34-O11,C34,4.1,373,149.0
2025-10-13,C34-O12,C34,4.1,218,0.0
2025-10-13,C35-O01,C35,4.1,302,0.0
2025-10-13,C35-O02,C35,4.1,289,0.0
2025-10-13,C35-O03,C35,4.1,220,88.0
2025-10-13,C35-O04,C35,4.1,327,0.0
2025-10-13,C35-O05,C35,4.1,261,0.0
2025-10-13,C35-O06,C35,4.1,265,0.0
2025-10-13,C35-O07,C35,4.1,384,0.0
2025-10-13,C35-O08,C35,4.1,283,0.0
2025-10-13,C35-O09,C35,4.1,262,0.0
2025-10-13,C35-O10,C35,4.1,322,0.0
2025-10-13,C35-O11,C35,4.1,344,137.0
2025-10-13,C35-O12,C35,4.1,343,0.0
2025-10-13,C35-O13,C35,4.1,403,0.0
2025-10-13,C35-O14,C35,4.1,288,0.0
2025-10-13,C35-O15,C35,4.1,277,0.0
2025-10-13,C35-O16,C35,4.1,246,0.0
2025-10-13,C35-O17,C35,4.1,314,0.0
2025-10-13,C35-O18,C35,4.1,352,0.0
2025-10-13,C35-O19,C35,4.1,215,0.0
2025-10-13,C35-O20,C35,4.1,247,0.0
2025-10-13,C35-O21,C35,4.1,336,0.0
2025-10-13,C35-O22,C35,4.1,385,0.0
2025-10-13,C36-O01,C36,4.1,277,0.0
2025-10-13,C36-O02,C36,4.1,276,0.0
2025-10-13,C36-O03,C36,4.1,206,0.0
2025-10-13,C36-O04,C36,4.1,240,0.0
2025-10-13,C36-O05,C36,4.1,278,0.0
2025-10-13,C36-O06,C36,4.1,218,0.0
2025-10-13,C36-O07,C36,4.1,298,0.0
2025-10-13,C36-O08,C36,4.1,309,0.0
2025-10-13,C36-O09,C36,4.1,197,0.0
2025-10-13,C36-O10,C36,4.1,321,0.0
2025-10-13,C36-O11,C36,4.1,290,0.0
2025-10-13,C37-O01,C37,4.1,287,0.0
2025-10-13,C37-O02,C37,4.1,244,0.0
2025-10-13,C37-O03,C37,4.1,253,0.0
2025-10-13,C37-O04,C37,4.1,307,0.0
2025-10-13,C37-O05,C37,4.1,382,0.0
2025-10-13,C37-O06,C37,4.1,360,0.0
2025-10-13,C37-O07,C37,4.1,278,0.0
2025-10-13,C37-O08,C37,4.1,291,0.0
2025-10-13,C37-O09,C37,4.1,198,0.0
2025-10-13,C37-O10,C37,4.1,249,99.0
2025-10-13,C37-O11,C37,4.1,284,0.0
2025-10-13,C37-O12,C37,4.1,325,0.0
2025-10-13,C38-O01,C38,4.1,368,0.0
2025-10-13,C38-O02,C38,4.1,216,0.0
2025-10-13,C38-O03,C38,4.1,356,0.0
2025-10-13,C38-O04,C38,4.1,212,0.0
2025-10-13,C38-O05,C38,4.1,310,0.0
2025-10-13,C38-O06,C38,4.1,312,0.0
2025-10-13,C38-O07,C38,4.1,309,0.0
2025-10-13,C38-O08,C38,4.1,241,0.0
2025-10-13,C38-O09,C38,4.1,259,0.0
2025-10-13,C38-O10,C38,4.1,404,0.0
2025-10-13,C38-O11,C38,4.1,284,0.0
2025-10-13,C38-O12,C38,4.1,227,0.0
2025-10-13,C38-O13,C38,4.1,347,0.0
2025-10-13,C38-O14,C38,4.1,209,0.0
2025-10-13,C38-O15,C38,4.1,298,0.0
2025-10-13,C38-O16,C38,4.1,246,0.0
2025-10-13,C38-O17,C38,4.1,311,0.0
2025-10-13,C38-O18,C38,4.1,335,0.0
2025-10-13,C38-O19,C38,4.1,204,0.0
2025-10-13,C38-O20,C38,4.1,367,0.0
2025-10-13,C38-O21,C38,4.1,300,0.0
2025-10-13,C39-O01,C39,4.1,178,0.0
2025-10-13,C39-O02,C39,4.1,214,85.0
2025-10-13,C39-O03,C39,4.1,268,0.0
2025-10-13,C39-O04,C39,4.1,303,0.0
2025-10-13,C39-O05,C39,4.1,218,87.0
2025-10-13,C39-O06,C39,4.1,174,0.0
2025-10-13,C39-O07,C39,4.1,215,0.0
2025-10-13,C39-O08,C39,4.1,172,0.0
2025-10-13,C39-O09,C39,4.1,207,0.0
2025-10-13,C39-O10,C39,4.1,235,0.0
2025-10-13,C39-O11,C39,4.1,294,0.0
2025-10-13,C39-O12,C39,4.1,270,0.0
2025-10-13,C39-O13,C39,4.1,249,0.0
2025-10-13,C39-O14,C39,4.1,161,0.0
2025-10-13,C39-O15,C39,4.1,332,0.0
2025-10-13,C39-O16,C39,4.1,187,0.0
2025-10-13,C39-O17,C39,4.1,191,0.0
2025-10-13,C39-O18,C39,4.1,209,0.0
2025-10-13,C39-O19,C39,4.1,320,0.0
2025-10-13,C40-O01,C40,4.1,352,0.0
2025-10-13,C40-O02,C40,4.1,379,0.0
2025-10-13,C40-O03,C40,4.1,335,0.0
2025-10-13,C40-O04,C40,4.1,218,0.0
2025-10-13,C40-O05,C40,4.1,317,0.0
2025-10-13,C40-O06,C40,4.1,385,0.0
2025-10-13,C40-O07,C40,4.1,272,0.0
2025-10-13,C40-O08,C40,4.1,302,0.0
2025-10-13,C40-O09,C40,4.1,357,0.0
2025-10-13,C40-O10,C40,4.1,397,0.0
2025-10-14,C01-O01,C01,4.1,183,0.0
2025-10-14,C01-O02,C01,4.1,214,0.0
2025-10-14,C01-O03,C01,4.1,267,0.0
2025-10-14,C01-O04,C01,4.1,193,0.0
2025-10-14,C01-O05,C01,4.1,290,0.0
2025-10-14,C01-O06,C01,4.1,276,0.0
2025-10-14,C01-O07,C01,4.1,188,0.0
2025-10-14,C01-O08,C01,4.1,234,0.0
2025-10-14,C01-O09,C01,4.1,206,0.0
2025-10-14,C01-O10,C01,4.1,232,0.0
2025-10-14,C01-O11,C01,4.1,195,0.0
2025-10-14,C01-O12,C01,4.1,207,0.0
2025-10-14,C01-O13,C01,4.1,216,0.0
2025-10-14,C01-O14,C01,4.1,257,0.0
2025-10-14,C01-O15,C01,4.1,294,0.0
2025-10-14,C01-O16,C01,4.1,202,0.0
2025-10-14,C01-O17,C01,4.1,226,0.0
2025-10-14,C01-O18,C01,4.1,311,0.0
2025-10-14,C01-O19,C01,4.1,284,0.0
2025-10-14,C01-O20,C01,4.1,168,0.0
2025-10-14,C01-O21,C01,4.1,213,0.0
2025-10-14,C01-O22,C01,4.1,159,0.0
2025-10-14,C01-O23,C01,4.1,171,0.0
2025-10-14,C01-O24,C01,4.1,245,0.0
2025-10-14,C01-O25,C01,4.1,267,0.0
2025-10-14,C01-O26,C01,4.1,207,0.0
2025-10-14,C01-O27,C01,4.1,266,0.0
2025-10-14,C01-O28,C01,4.1,164,0.0
2025-10-14,C01-O29,C01,4.1,291,0.0
2025-10-14,C01-O30,C01,4.1,234,93.0
2025-10-14,C01-O31,C01,4.1,247,0.0
2025-10-14,C01-O32,C01,4.1,205,0.0
2025-10-14,C01-O33,C01,4.1,255,0.0
2025-10-14,C01-O34,C01,4.1,227,0.0
2025-10-14,C01-O35,C01,4.1,180,0.0
2025-10-14,C01-O36,C01,4.1,202,0.0
2025-10-14,C01-O37,C01,4.1,275,0.0
2025-10-14,C01-O38,C01,4.1,205,0.0
2025-10-14,C01-O39,C01,4.1,285,0.0
2025-10-14,C01-O40,C01,4.1,306,0.0
2025-10-14,C01-O41,C01,4.1,222,0.0
2025-10-14,C01-O42,C01,4.1,337,0.0
2025-10-14,C02-O01,C02,4.1,76,0.0
2025-10-14,C02-O02,C02,4.1,73,0.0
2025-10-14,C02-O03,C02,4.1,60,0.0
2025-10-14,C02-O04,C02,4.1,48,0.0
2025-10-14,C02-O05,C02,4.1,65,0.0
2025-10-14,C02-O06,C02,4.1,94,0.0
2025-10-14,C02-O07,C02,4.1,83,0.0
2025-10-14,C02-O08,C02,4.1,71,0.0
2025-10-14,C02-O09,C02,4.1,64,0.0
2025-10-14,C02-O10,C02,4.1,87,0.0
2025-10-14,C02-O11,C02,4.1,58,0.0
2025-10-14,C02-O12,C02,4.1,81,0.0
2025-10-14,C02-O13,C02,4.1,47,0.0
2025-10-14,C02-O14,C02,4.1,55,0.0
2025-10-14,C02-O15,C02,4.1,77,0.0
2025-10-14,C02-O16,C02,4.1,51,0.0
2025-10-14,C02-O17,C02,4.1,58,0.0
2025-10-14,C02-O18,C02,4.1,71,0.0
2025-10-14,C02-O19,C02,4.1,65,0.0
2025-10-14,C02-O20,C02,4.1,82,0.0
2025-10-14,C02-O21,C02,4.1,74,0.0
2025-10-14,C02-O22,C02,4.1,64,0.0
2025-10-14,C02-O23,C02,4.1,58,0.0
2025-10-14,C02-O24,C02,4.1,86,0.0
2025-10-14,C02-O25,C02,4.1,60,0.0
2025-10-14,C03-O01,C03,4.1,97,38.0
2025-10-14,C03-O02,C03,4.1,91,36.0
2025-10-14,C03-O03,C03,4.1,92,36.0
2025-10-14,C03-O04,C03,4.1,141,56.0
2025-10-14,C03-O05,C03,4.1,143,57.0
2025-10-14,C03-O06,C03,4.1,91,36.0
2025-10-14,C03-O07,C03,4.1,112,0.0
2025-10-14,C03-O08,C03,4.1,114,0.0
2025-10-14,C03-O09,C03,4.1,132,0.0
2025-10-14,C03-O10,C03,4.1,132,0.0
2025-10-14,C03-O11,C03,4.1,81,0.0
2025-10-14,C03-O12,C03,4.1,95,0.0
2025-10-14,C03-O13,C03,4.1,126,0.0
2025-10-14,C03-O14,C03,4.1,103,0.0
2025-10-14,C03-O15,C03,4.1,118,0.0
2025-10-14,C03-O16,C03,4.1,127,0.0
2025-10-14,C03-O17,C03,4.1,85,0.0
2025-10-14,C03-O18,C03,4.1,98,0.0
2025-10-14,C04-O01,C04,4.1,83,0.0
2025-10-14,C04-O02,C04,4.1,72,0.0
2025-10-14,C04-O03,C04,4.1,88,0.0
2025-10-14,C04-O04,C04,4.1,48,0.0
2025-10-14,C04-O05,C04,4.1,52,0.0
2025-10-14,C04-O06,C04,4.1,60,0.0
2025-10-14,C04-O07,C04,4.1,57,0.0
2025-10-14,C04-O08,C04,4.1,63,0.0
2025-10-14,C05-O01,C05,4.1,232,92.0
2025-10-14,C05-O02,C05,4.1,216,86.0
2025-10-14,C05-O03,C05,4.1,232,92.0
2025-10-14,C05-O04,C05,4.1,247,99.0
2025-10-14,C05-O05,C05,4.1,204,81.0
2025-10-14,C05-O06,C05,4.1,224,0.0
2025-10-14,C05-O07,C05,4.1,244,0.0
2025-10-14,C05-O08,C05,4.1,389,0.0
2025-10-14,C05-O09,C05,4.1,302,0.0
2025-10-14,C05-O10,C05,4.1,264,0.0
2025-10-14,C05-O11,C05,4.1,326,0.0
2025-10-14,C05-O12,C05,4.1,354,0.0
2025-10-14,C05-O13,C05,4.1,232,0.0
2025-10-14,C05-O14,C05,4.1,252,0.0
2025-10-14,C05-O15,C05,4.1,216,0.0
2025-10-14,C05-O16,C05,4.1,287,0.0
2025-10-14,C05-O17,C05,4.1,247,0.0
2025-10-14,C05-O18,C05,4.1,313,0.0
2025-10-14,C05-O19,C05,4.1,401,0.0
2025-10-14,C05-O20,C05,4.1,236,0.0
2025-10-14,C05-O21,C05,4.1,336,0.0
2025-10-14,C05-O22,C05,4.1,243,0.0
2025-10-14,C05-O23,C05,4.1,346,0.0
2025-10-14,C05-O24,C05,4.1,380,0.0
2025-10-14,C06-O01,C06,4.1,197,0.0
2025-10-14,C06-O02,C06,4.1,248,0.0
2025-10-14,C06-O03,C06,4.1,271,0.0
2025-10-14,C06-O04,C06,4.1,281,0.0
2025-10-14,C06-O05,C06,4.1,311,0.0
2025-10-14,C06-O06,C06,4.1,337,0.0
2025-10-14,C06-O07,C06,4.1,289,0.0
2025-10-14,C06-O08,C06,4.1,267,0.0
2025-10-14,C06-O09,C06,4.1,168,0.0
2025-10-14,C06-O10,C06,4.1,280,0.0
2025-10-14,C06-O11,C06,4.1,230,0.0
2025-10-14,C06-O12,C06,4.1,277,0.0
2025-10-14,C06-O13,C06,4.1,285,0.0
2025-10-14,C06-O14,C06,4.1,314,0.0
2025-10-14,C06-O15,C06,4.1,178,0.0
2025-10-14,C06-O16,C06,4.1,238,0.0
2025-10-14,C06-O17,C06,4.1,220,0.0
2025-10-14,C06-O18,C06,4.1,263,0.0
2025-10-14,C06-O19,C06,4.1,261,0.0
2025-10-14,C06-O20,C06,4.1,252,0.0
2025-10-14,C06-O21,C06,4.1,200,0.0
2025-10-14,C06-O22,C06,4.1,313,0.0
2025-10-14,C06-O23,C06,4.1,244,0.0
2025-10-14,C06-O24,C06,4.1,231,0.0
2025-10-14,C06-O25,C06,4.1,292,0.0
2025-10-14,C06-O26,C06,4.1,278,0.0
2025-10-14,C06-O27,C06,4.1,257,0.0
2025-10-14,C06-O28,C06,4.1,285,0.0
2025-10-14,C06-O29,C06,4.1,307,0.0
2025-10-14,C06-O30,C06,4.1,304,121.0
2025-10-14,C07-O01,C07,4.1,188,0.0
2025-10-14,C07-O02,C07,4.1,225,0.0
2025-10-14,C07-O03,C07,4.1,181,0.0
2025-10-14,C07-O04,C07,4.1,207,0.0
2025-10-14,C07-O05,C07,4.1,165,0.0
2025-10-14,C07-O06,C07,4.1,273,0.0
2025-10-14,C07-O07,C07,4.1,207,0.0
2025-10-14,C07-O08,C07,4.1,223,0.0
2025-10-14,C07-O09,C07,4.1,252,0.0
2025-10-14,C07-O10,C07,4.1,199,0.0
2025-10-14,C07-O11,C07,4.1,265,0.0
2025-10-14,C07-O12,C07,4.1,218,0.0
2025-10-14,C07-O13,C07,4.1,237,0.0
2025-10-14,C07-O14,C07,4.1,186,0.0
2025-10-14,C07-O15,C07,4.1,269,0.0
2025-10-14,C07-O16,C07,4.1,208,0.0
2025-10-14,C07-O17,C07,4.1,255,0.0
2025-10-14,C07-O18,C07,4.1,181,0.0
2025-10-14,C07-O19,C07,4.1,241,0.0
2025-10-14,C07-O20,C07,4.1,231,0.0
2025-10-14,C07-O21,C07,4.1,200,0.0
2025-10-14,C08-O01,C08,4.1,236,0.0
2025-10-14,C08-O02,C08,4.1,250,0.0
2025-10-14,C08-O03,C08,4.1,237,0.0
2025-10-14,C08-O04,C08,4.1,277,0.0
2025-10-14,C08-O05,C08,4.1,227,0.0
2025-10-14,C08-O06,C08,4.1,307,0.0
2025-10-14,C08-O07,C08,4.1,284,0.0
2025-10-14,C08-O08,C08,4.1,287,0.0
2025-10-14,C08-O09,C08,4.1,275,0.0
2025-10-14,C08-O10,C08,4.1,299,0.0
2025-10-14,C08-O11,C08,4.1,237,0.0
2025-10-14,C08-O12,C08,4.1,259,0.0
2025-10-14,C08-O13,C08,4.1,325,0.0
2025-10-14,C08-O14,C08,4.1,243,0.0
2025-10-14,C09-O01,C09,4.1,131,0.0
2025-10-14,C09-O02,C09,4.1,114,0.0
2025-10-14,C09-O03,C09,4.1,90,0.0
2025-10-14,C09-O04,C09,4.1,77,0.0
2025-10-14,C09-O05,C09,4.1,134,0.0
2025-10-14,C09-O06,C09,4.1,82,0.0
2025-10-14,C09-O07,C09,4.1,83,0.0
2025-10-14,C09-O08,C09,4.1,146,0.0
2025-10-14,C09-O09,C09,4.1,75,0.0
2025-10-14,C09-O10,C09,4.1,110,0.0
2025-10-14,C09-O11,C09,4.1,92,0.0
2025-10-14,C09-O12,C09,4.1,73,0.0
2025-10-14,C09-O13,C09,4.1,86,0.0
2025-10-14,C09-O14,C09,4.1,111,0.0
2025-10-14,C09-O15,C09,4.1,104,0.0
2025-10-14,C10-O01,C10,4.1,222,0.0
2025-10-14,C10-O02,C10,4.1,213,85.0
2025-10-14,C10-O03,C10,4.1,252,100.0
2025-10-14,C10-O04,C10,4.1,295,0.0
2025-10-14,C10-O05,C10,4.1,163,0.0
2025-10-14,C10-O06,C10,4.1,235,0.0
2025-10-14,C10-O07,C10,4.1,311,0.0
2025-10-14,C10-O08,C10,4.1,293,0.0
2025-10-14,C10-O09,C10,4.1,192,0.0
2025-10-14,C10-O10,C10,4.1,221,0.0
2025-10-14,C10-O11,C10,4.1,214,0.0
2025-10-14,C10-O12,C10,4.1,256,0.0
2025-10-14,C10-O13,C10,4.1,180,0.0
2025-10-14,C10-O14,C10,4.1,169,0.0
2025-10-14,C10-O15,C10,4.1,245,0.0
2025-10-14,C10-O16,C10,4.1,256,0.0
2025-10-14,C10-O17,C10,4.1,181,0.0
2025-10-14,C10-O18,C10,4.1,245,0.0
2025-10-14,C10-O19,C10,4.1,218,0.0
2025-10-14,C10-O20,C10,4.1,263,0.0
2025-10-14,C10-O21,C10,4.1,219,0.0
2025-10-14,C11-O01,C11,4.1,358,0.0
2025-10-14,C11-O02,C11,4.1,361,0.0
2025-10-14,C11-O03,C11,4.1,355,0.0
2025-10-14,C11-O04,C11,4.1,260,0.0
2025-10-14,C11-O05,C11,4.1,349,0.0
2025-10-14,C11-O06,C11,4.1,223,0.0
2025-10-14,C11-O07,C11,4.1,357,0.0
2025-10-14,C11-O08,C11,4.1,323,0.0
2025-10-14,C11-O09,C11,4.1,313,0.0
2025-10-14,C11-O10,C11,4.1,416,0.0
2025-10-14,C11-O11,C11,4.1,208,0.0
2025-10-14,C11-O12,C11,4.1,376,0.0
2025-10-14,C11-O13,C11,4.1,320,0.0
2025-10-14,C11-O14,C11,4.1,259,0.0
2025-10-14,C11-O15,C11,4.1,307,0.0
2025-10-14,C11-O16,C11,4.1,328,0.0
2025-10-14,C11-O17,C11,4.1,316,0.0
2025-10-14,C11-O18,C11,4.1,266,0.0
2025-10-14,C11-O19,C11,4.1,251,0.0
2025-10-14,C11-O20,C11,4.1,373,0.0
2025-10-14,C11-O21,C11,4.1,369,0.0
2025-10-14,C11-O22,C11,4.1,289,0.0
2025-10-14,C12-O01,C12,4.1,201,0.0
2025-10-14,C12-O02,C12,4.1,165,0.0
2025-10-14,C12-O03,C12,4.1,116,0.0
2025-10-14,C12-O04,C12,4.1,182,0.0
2025-10-14,C12-O05,C12,4.1,163,0.0
2025-10-14,C12-O06,C12,4.1,148,0.0
2025-10-14,C12-O07,C12,4.1,131,0.0
2025-10-14,C12-O08,C12,4.1,128,51.0
2025-10-14,C12-O09,C12,4.1,170,0.0
2025-10-14,C12-O10,C12,4.1,165,0.0
2025-10-14,C12-O11,C12,4.1,102,0.0
2025-10-14,C12-O12,C12,4.1,124,0.0
2025-10-14,C12-O13,C12,4.1,195,0.0
2025-10-14,C12-O14,C12,4.1,154,0.0
2025-10-14,C12-O15,C12,4.1,190,0.0
2025-10-14,C12-O16,C12,4.1,132,0.0
2025-10-14,C12-O17,C12,4.1,107,0.0
2025-10-14,C12-O18,C12,4.1,170,0.0
2025-10-14,C12-O19,C12,4.1,146,0.0
2025-10-14,C12-O20,C12,4.1,158,0.0
2025-10-14,C12-O21,C12,4.1,129,0.0
2025-10-14,C12-O22,C12,4.1,108,0.0
2025-10-14,C12-O23,C12,4.1,177,0.0
2025-10-14,C12-O24,C12,4.1,193,0.0
2025-10-14,C13-O01,C13,4.1,179,0.0
2025-10-14,C13-O02,C13,4.1,289,0.0
2025-10-14,C13-O03,C13,4.1,199,0.0
2025-10-14,C13-O04,C13,4.1,236,0.0
2025-10-14,C13-O05,C13,4.1,223,0.0
2025-10-14,C13-O06,C13,4.1,239,0.0
2025-10-14,C13-O07,C13,4.1,228,0.0
2025-10-14,C13-O08,C13,4.1,237,0.0
2025-10-14,C13-O09,C13,4.1,283,0.0
2025-10-14,C13-O10,C13,4.1,269,0.0
2025-10-14,C13-O11,C13,4.1,217,0.0
2025-10-14,C13-O12,C13,4.1,317,0.0
2025-10-14,C13-O13,C13,4.1,271,0.0
2025-10-14,C13-O14,C13,4.1,201,0.0
2025-10-14,C13-O15,C13,4.1,309,0.0
2025-10-14,C13-O16,C13,4.1,292,0.0
2025-10-14,C13-O17,C13,4.1,231,0.0
2025-10-14,C14-O01,C14,4.1,417,0.0
2025-10-14,C14-O02,C14,4.1,275,0.0
2025-10-14,C14-O03,C14,4.1,309,0.0
2025-10-14,C14-O04,C14,4.1,261,0.0
2025-10-14,C14-O05,C14,4.1,294,0.0
2025-10-14,C14-O06,C14,4.1,299,0.0
2025-10-14,C14-O07,C14,4.1,346,0.0
2025-10-14,C14-O08,C14,4.1,221,0.0
2025-10-14,C15-O01,C15,4.1,188,0.0
2025-10-14,C15-O02,C15,4.1,318,0.0
2025-10-14,C15-O03,C15,4.1,266,0.0
2025-10-14,C15-O04,C15,4.1,201,0.0
2025-10-14,C15-O05,C15,4.1,244,0.0
2025-10-14,C15-O06,C15,4.1,191,0.0
2025-10-14,C15-O07,C15,4.1,209,0.0
2025-10-14,C15-O08,C15,4.1,241,0.0
2025-10-14,C15-O09,C15,4.1,243,0.0
2025-10-14,C15-O10,C15,4.1,182,0.0
2025-10-14,C15-O11,C15,4.1,240,0.0
2025-10-14,C15-O12,C15,4.1,251,0.0
2025-10-14,C15-O13,C15,4.1,173,69.0
2025-10-14,C15-O14,C15,4.1,235,0.0
2025-10-14,C15-O15,C15,4.1,236,0.0
2025-10-14,C15-O16,C15,4.1,255,0.0
2025-10-14,C15-O17,C15,4.1,249,0.0
2025-10-14,C15-O18,C15,4.1,161,0.0
2025-10-14,C15-O19,C15,4.1,196,0.0
2025-10-14,C15-O20,C15,4.1,269,107.0
2025-10-14,C15-O21,C15,4.1,226,0.0
2025-10-14,C15-O22,C15,4.1,257,0.0
2025-10-14,C15-O23,C15,4.1,206,0.0
2025-10-14,C16-O01,C16,4.1,73,0.0
2025-10-14,C16-O02,C16,4.1,54,0.0
2025-10-14,C16-O03,C16,4.1,90,0.0
2025-10-14,C16-O04,C16,4.1,54,0.0
2025-10-14,C16-O05,C16,4.1,54,0.0
2025-10-14,C16-O06,C16,4.1,62,0.0
2025-10-14,C16-O07,C16,4.1,56,0.0
2025-10-14,C16-O08,C16,4.1,94,0.0
2025-10-14,C17-O01,C17,4.1,73,0.0
2025-10-14,C17-O02,C17,4.1,122,0.0
2025-10-14,C17-O03,C17,4.1,128,0.0
2025-10-14,C17-O04,C17,4.1,92,0.0
2025-10-14,C17-O05,C17,4.1,110,0.0
2025-10-14,C17-O06,C17,4.1,105,0.0
2025-10-14,C17-O07,C17,4.1,104,0.0
2025-10-14,C17-O08,C17,4.1,130,0.0
2025-10-14,C17-O09,C17,4.1,93,0.0
2025-10-14,C17-O10,C17,4.1,100,0.0
2025-10-14,C18-O01,C18,4.1,379,0.0
2025-10-14,C18-O02,C18,4.1,266,0.0
2025-10-14,C18-O03,C18,4.1,250,0.0
2025-10-14,C18-O04,C18,4.1,237,0.0
2025-10-14,C18-O05,C18,4.1,292,117.0
2025-10-14,C18-O06,C18,4.1,218,0.0
2025-10-14,C18-O07,C18,4.1,336,0.0
2025-10-14,C18-O08,C18,4.1,238,0.0
2025-10-14,C19-O01,C19,4.1,300,0.0
2025-10-14,C19-O02,C19,4.1,320,0.0
2025-10-14,C19-O03,C19,4.1,217,87.0
2025-10-14,C19-O04,C19,4.1,180,0.0
2025-10-14,C19-O05,C19,4.1,183,0.0
2025-10-14,C19-O06,C19,4.1,216,0.0
2025-10-14,C19-O07,C19,4.1,307,0.0
2025-10-14,C19-O08,C19,4.1,243,0.0
2025-10-14,C20-O01,C20,4.1,303,0.0
2025-10-14,C20-O02,C20,4.1,326,0.0
2025-10-14,C20-O03,C20,4.1,273,0.0
2025-10-14,C20-O04,C20,4.1,228,0.0
2025-10-14,C20-O05,C20,4.1,281,0.0
2025-10-14,C21-O01,C21,4.1,224,0.0
2025-10-14,C21-O02,C21,4.1,332,0.0
2025-10-14,C21-O03,C21,4.1,190,0.0
2025-10-14,C21-O04,C21,4.1,269,0.0
2025-10-14,C21-O05,C21,4.1,307,0.0
2025-10-14,C21-O06,C21,4.1,212,0.0
2025-10-14,C21-O07,C21,4.1,210,0.0
2025-10-14,C21-O08,C21,4.1,270,0.0
2025-10-14,C21-O09,C21,4.1,238,0.0
2025-10-14,C22-O01,C22,4.1,311,0.0
2025-10-14,C22-O02,C22,4.1,381,0.0
2025-10-14,C22-O03,C22,4.1,234,0.0
2025-10-14,C22-O04,C22,4.1,358,0.0
2025-10-14,C22-O05,C22,4.1,226,0.0
2025-10-14,C22-O06,C22,4.1,234,0.0
2025-10-14,C22-O07,C22,4.1,215,0.0
2025-10-14,C22-O08,C22,4.1,246,0.0
2025-10-14,C22-O09,C22,4.1,375,0.0
2025-10-14,C22-O10,C22,4.1,395,0.0
2025-10-14,C22-O11,C22,4.1,368,0.0
2025-10-14,C22-O12,C22,4.1,339,0.0
2025-10-14,C22-O13,C22,4.1,290,0.0
2025-10-14,C22-O14,C22,4.1,361,0.0
2025-10-14,C22-O15,C22,4.1,205,0.0
2025-10-14,C22-O16,C22,4.1,330,0.0
2025-10-14,C22-O17,C22,4.1,278,0.0
2025-10-14,C22-O18,C22,4.1,261,0.0
2025-10-14,C23-O01,C23,4.1,284,0.0
2025-10-14,C23-O02,C23,4.1,267,106.0
2025-10-14,C23-O03,C23,4.1,193,0.0
2025-10-14,C23-O04,C23,4.1,175,0.0
2025-10-14,C23-O05,C23,4.1,269,0.0
2025-10-14,C23-O06,C23,4.1,165,0.0
2025-10-14,C24-O01,C24,4.1,369,0.0
2025-10-14,C24-O02,C24,4.1,243,0.0
2025-10-14,C24-O03,C24,4.1,224,0.0
2025-10-14,C24-O04,C24,4.1,400,0.0
2025-10-14,C24-O05,C24,4.1,377,0.0
2025-10-14,C24-O06,C24,4.1,299,0.0
2025-10-14,C24-O07,C24,4.1,221,0.0
2025-10-14,C24-O08,C24,4.1,319,0.0
2025-10-14,C24-O09,C24,4.1,292,0.0
2025-10-14,C24-O10,C24,4.1,285,0.0
2025-10-14,C25-O01,C25,4.1,216,0.0
2025-10-14,C25-O02,C25,4.1,223,0.0
2025-10-14,C25-O03,C25,4.1,303,0.0
2025-10-14,C25-O04,C25,4.1,236,0.0
2025-10-14,C25-O05,C25,4.1,313,0.0
2025-10-14,C25-O06,C25,4.1,317,0.0
2025-10-14,C25-O07,C25,4.1,345,0.0
2025-10-14,C25-O08,C25,4.1,250,0.0
2025-10-14,C25-O09,C25,4.1,270,0.0
2025-10-14,C25-O10,C25,4.1,384,153.0
2025-10-14,C25-O11,C25,4.1,269,0.0
2025-10-14,C25-O12,C25,4.1,393,0.0
2025-10-14,C25-O13,C25,4.1,333,0.0
2025-10-14,C25-O14,C25,4.1,370,0.0
2025-10-14,C25-O15,C25,4.1,234,0.0
2025-10-14,C26-O01,C26,4.1,243,0.0
2025-10-14,C26-O02,C26,4.1,184,0.0
2025-10-14,C26-O03,C26,4.1,199,0.0
2025-10-14,C26-O04,C26,4.1,176,0.0
2025-10-14,C26-O05,C26,4.1,262,0.0
2025-10-14,C26-O06,C26,4.1,286,0.0
2025-10-14,C26-O07,C26,4.1,273,0.0
2025-10-14,C26-O08,C26,4.1,164,0.0
2025-10-14,C26-O09,C26,4.1,302,0.0
2025-10-14,C26-O10,C26,4.1,198,0.0
2025-10-14,C27-O01,C27,4.1,118,0.0
2025-10-14,C27-O02,C27,4.1,106,0.0
2025-10-14,C27-O03,C27,4.1,100,0.0
2025-10-14,C27-O04,C27,4.1,126,0.0
2025-10-14,C27-O05,C27,4.1,139,0.0
2025-10-14,C27-O06,C27,4.1,70,0.0
2025-10-14,C27-O07,C27,4.1,113,0.0
2025-10-14,C27-O08,C27,4.1,120,0.0
2025-10-14,C27-O09,C27,4.1,72,0.0
2025-10-14,C27-O10,C27,4.1,100,0.0
2025-10-14,C27-O11,C27,4.1,140,0.0
2025-10-14,C27-O12,C27,4.1,95,0.0
2025-10-14,C27-O13,C27,4.1,86,0.0
2025-10-14,C27-O14,C27,4.1,75,0.0
2025-10-14,C27-O15,C27,4.1,111,0.0
2025-10-14,C27-O16,C27,4.1,131,0.0
2025-10-14,C27-O17,C27,4.1,129,0.0
2025-10-14,C27-O18,C27,4.1,138,0.0
2025-10-14,C27-O19,C27,4.1,117,0.0
2025-10-14,C27-O20,C27,4.1,86,0.0
2025-10-14,C27-O21,C27,4.1,139,0.0
2025-10-14,C27-O22,C27,4.1,95,0.0
2025-10-14,C28-O01,C28,4.1,335,0.0
2025-10-14,C28-O02,C28,4.1,302,0.0
2025-10-14,C28-O03,C28,4.1,335,0.0
2025-10-14,C28-O04,C28,4.1,374,0.0
2025-10-14,C28-O05,C28,4.1,376,0.0
2025-10-14,C28-O06,C28,4.1,367,147.0
2025-10-14,C28-O07,C28,4.1,286,0.0
2025-10-14,C28-O08,C28,4.1,344,0.0
2025-10-14,C28-O09,C28,4.1,259,0.0
2025-10-14,C28-O10,C28,4.1,299,0.0
2025-10-14,C28-O11,C28,4.1,348,139.0
2025-10-14,C28-O12,C28,4.1,330,0.0
2025-10-14,C29-O01,C29,4.1,111,0.0
2025-10-14,C29-O02,C29,4.1,169,0.0
2025-10-14,C29-O03,C29,4.1,118,0.0
2025-10-14,C29-O04,C29,4.1,110,0.0
2025-10-14,C29-O05,C29,4.1,147,0.0
2025-10-14,C29-O06,C29,4.1,177,0.0
2025-10-14,C29-O07,C29,4.1,114,0.0
2025-10-14,C29-O08,C29,4.1,164,0.0
2025-10-14,C29-O09,C29,4.1,176,0.0
2025-10-14,C29-O10,C29,4.1,136,0.0
2025-10-14,C29-O11,C29,4.1,138,0.0
2025-10-14,C29-O12,C29,4.1,128,0.0
2025-10-14,C30-O01,C30,4.1,252,0.0
2025-10-14,C30-O02,C30,4.1,173,0.0
2025-10-14,C30-O03,C30,4.1,209,0.0
2025-10-14,C30-O04,C30,4.1,238,0.0
2025-10-14,C30-O05,C30,4.1,260,0.0
2025-10-14,C30-O06,C30,4.1,167,0.0
2025-10-14,C30-O07,C30,4.1,196,0.0
2025-10-14,C30-O08,C30,4.1,294,0.0
2025-10-14,C30-O09,C30,4.1,239,0.0
2025-10-14,C30-O10,C30,4.1,287,0.0
2025-10-14,C30-O11,C30,4.1,285,0.0
2025-10-14,C30-O12,C30,4.1,272,0.0
2025-10-14,C30-O13,C30,4.1,196,0.0
2025-10-14,C30-O14,C30,4.1,289,0.0
2025-10-14,C30-O15,C30,4.1,171,0.0
2025-10-14,C30-O16,C30,4.1,288,0.0
2025-10-14,C30-O17,C30,4.1,310,0.0
2025-10-14,C31-O01,C31,4.1,77,0.0
2025-10-14,C31-O02,C31,4.1,82,0.0
2025-10-14,C31-O03,C31,4.1,94,0.0
2025-10-14,C31-O04,C31,4.1,71,0.0
2025-10-14,C31-O05,C31,4.1,58,0.0
2025-10-14,C31-O06,C31,4.1,78,0.0
2025-10-14,C31-O07,C31,4.1,54,0.0
2025-10-14,C31-O08,C31,4.1,91,0.0
2025-10-14,C31-O09,C31,4.1,78,0.0
2025-10-14,C31-O10,C31,4.1,80,0.0
2025-10-14,C31-O11,C31,4.1,88,0.0
2025-10-14,C31-O12,C31,4.1,73,0.0
2025-10-14,C31-O13,C31,4.1,77,0.0
2025-10-14,C32-O01,C32,4.1,365,0.0
2025-10-14,C32-O02,C32,4.1,217,0.0
2025-10-14,C32-O03,C32,4.1,326,0.0
2025-10-14,C32-O04,C32,4.1,353,0.0
2025-10-14,C32-O05,C32,4.1,242,0.0
2025-10-14,C32-O06,C32,4.1,350,0.0
2025-10-14,C32-O07,C32,4.1,419,0.0
2025-10-14,C32-O08,C32,4.1,293,0.0
2025-10-14,C32-O09,C32,4.1,259,0.0
2025-10-14,C32-O10,C32,4.1,292,0.0
2025-10-14,C32-O11,C32,4.1,388,0.0
2025-10-14,C32-O12,C32,4.1,271,0.0
2025-10-14,C32-O13,C32,4.1,326,0.0
2025-10-14,C32-O14,C32,4.1,229,0.0
2025-10-14,C33-O01,C33,4.1,184,0.0
2025-10-14,C33-O02,C33,4.1,204,0.0
2025-10-14,C33-O03,C33,4.1,213,0.0
2025-10-14,C33-O04,C33,4.1,332,0.0
2025-10-14,C34-O01,C34,4.1,235,0.0
2025-10-14,C34-O02,C34,4.1,406,0.0
2025-10-14,C34-O03,C34,4.1,369,0.0
2025-10-14,C34-O04,C34,4.1,302,0.0
2025-10-14,C34-O05,C34,4.1,362,0.0
2025-10-14,C34-O06,C34,4.1,212,0.0
2025-10-14,C34-O07,C34,4.1,272,0.0
2025-10-14,C34-O08,C34,4.1,300,0.0
2025-10-14,C34-O09,C34,4.1,295,0.0
2025-10-14,C34-O10,C34,4.1,224,0.0
2025-10-14,C34-O11,C34,4.1,351,140.0
2025-10-14,C34-O12,C34,4.1,225,0.0
2025-10-14,C35-O01,C35,4.1,269,0.0
2025-10-14,C35-O02,C35,4.1,272,0.0
2025-10-14,C35-O03,C35,4.1,252,101.0
2025-10-14,C35-O04,C35,4.1,339,0.0
2025-10-14,C35-O05,C35,4.1,270,0.0
2025-10-14,C35-O06,C35,4.1,252,0.0
2025-10-14,C35-O07,C35,4.1,365,0.0
2025-10-14,C35-O08,C35,4.1,280,0.0
2025-10-14,C35-O09,C35,4.1,231,0.0
2025-10-14,C35-O10,C35,4.1,349,0.0
2025-10-14,C35-O11,C35,4.1,306,122.0
2025-10-14,C35-O12,C35,4.1,346,0.0
2025-10-14,C35-O13,C35,4.1,354,0.0
2025-10-14,C35-O14,C35,4.1,285,0.0
2025-10-14,C35-O15,C35,4.1,285,0.0
2025-10-14,C35-O16,C35,4.1,254,0.0
2025-10-14,C35-O17,C35,4.1,325,0.0
2025-10-14,C35-O18,C35,4.1,294,0.0
2025-10-14,C35-O19,C35,4.1,229,0.0
2025-10-14,C35-O20,C35,4.1,252,0.0
2025-10-14,C35-O21,C35,4.1,386,0.0
2025-10-14,C35-O22,C35,4.1,385,0.0
2025-10-14,C36-O01,C36,4.1,253,0.0
2025-10-14,C36-O02,C36,4.1,241,0.0
2025-10-14,C36-O03,C36,4.1,201,0.0
2025-10-14,C36-O04,C36,4.1,211,0.0
2025-10-14,C36-O05,C36,4.1,247,0.0
2025-10-14,C36-O06,C36,4.1,214,0.0
2025-10-14,C36-O07,C36,4.1,289,0.0
2025-10-14,C36-O08,C36,4.1,295,0.0
2025-10-14,C36-O09,C36,4.1,168,0.0
2025-10-14,C36-O10,C36,4.1,310,0.0
2025-10-14,C36-O11,C36,4.1,298,0.0
2025-10-14,C37-O01,C37,4.1,291,0.0
2025-10-14,C37-O02,C37,4.1,246,0.0
2025-10-14,C37-O03,C37,4.1,288,0.0
2025-10-14,C37-O04,C37,4.1,292,0.0
2025-10-14,C37-O05,C37,4.1,378,0.0
2025-10-14,C37-O06,C37,4.1,385,0.0
2025-10-14,C37-O07,C37,4.1,252,0.0
2025-10-14,C37-O08,C37,4.1,300,0.0
2025-10-14,C37-O09,C37,4.1,214,0.0
2025-10-14,C37-O10,C37,4.1,243,97.0
2025-10-14,C37-O11,C37,4.1,304,0.0
2025-10-14,C37-O12,C37,4.1,373,0.0
2025-10-14,C38-O01,C38,4.1,360,0.0
2025-10-14,C38-O02,C38,4.1,201,0.0
2025-10-14,C38-O03,C38,4.1,324,0.0
2025-10-14,C38-O04,C38,4.1,222,0.0
2025-10-14,C38-O05,C38,4.1,308,0.0
2025-10-14,C38-O06,C38,4.1,273,0.0
2025-10-14,C38-O07,C38,4.1,270,0.0
2025-10-14,C38-O08,C38,4.1,243,0.0
2025-10-14,C38-O09,C38,4.1,247,0.0
2025-10-14,C38-O10,C38,4.1,354,0.0
2025-10-14,C38-O11,C38,4.1,270,0.0
2025-10-14,C38-O12,C38,4.1,221,0.0
2025-10-14,C38-O13,C38,4.1,353,0.0
2025-10-14,C38-O14,C38,4.1,222,0.0
2025-10-14,C38-O15,C38,4.1,312,0.0
2025-10-14,C38-O16,C38,4.1,273,0.0
2025-10-14,C38-O17,C38,4.1,316,0.0
2025-10-14,C38-O18,C38,4.1,364,0.0
2025-10-14,C38-O19,C38,4.1,202,0.0
2025-10-14,C38-O20,C38,4.1,370,0.0
2025-10-14,C38-O21,C38,4.1,300,0.0
2025-10-14,C39-O01,C39,4.1,158,0.0
2025-10-14,C39-O02,C39,4.1,212,85.0
2025-10-14,C39-O03,C39,4.1,226,0.0
2025-10-14,C39-O04,C39,4.1,319,0.0
2025-10-14,C39-O05,C39,4.1,224,89.0
2025-10-14,C39-O06,C39,4.1,176,0.0
2025-10-14,C39-O07,C39,4.1,215,0.0
2025-10-14,C39-O08,C39,4.1,170,0.0
2025-10-14,C39-O09,C39,4.1,206,0.0
2025-10-14,C39-O10,C39,4.1,208,0.0
2025-10-14,C39-O11,C39,4.1,293,0.0
2025-10-14,C39-O12,C39,4.1,279,0.0
2025-10-14,C39-O13,C39,4.1,244,0.0
2025-10-14,C39-O14,C39,4.1,180,0.0
2025-10-14,C39-O15,C39,4.1,273,0.0
2025-10-14,C39-O16,C39,4.1,156,0.0
2025-10-14,C39-O17,C39,4.1,201,0.0
2025-10-14,C39-O18,C39,4.1,206,0.0
2025-10-14,C39-O19,C39,4.1,303,0.0
2025-10-14,C40-O01,C40,4.1,394,0.0
2025-10-14,C40-O02,C40,4.1,389,0.0
2025-10-14,C40-O03,C40,4.1,294,0.0
2025-10-14,C40-O04,C40,4.1,207,0.0
2025-10-14,C40-O05,C40,4.1,305,0.0
2025-10-14,C40-O06,C40,4.1,343,0.0
2025-10-14,C40-O07,C40,4.1,263,0.0
2025-10-14,C40-O08,C40,4.1,283,0.0
2025-10-14,C40-O09,C40,4.1,360,0.0
2025-10-14,C40-O10,C40,4.1,375,0.0
2025-10-15,C01-O01,C01,4.1,184,0.0
2025-10-15,C01-O02,C01,4.1,199,0.0
2025-10-15,C01-O03,C01,4.1,267,0.0
2025-10-15,C01-O04,C01,4.1,186,0.0
2025-10-15,C01-O05,C01,4.1,304,0.0
2025-10-15,C01-O06,C01,4.1,298,0.0
2025-10-15,C01-O07,C01,4.1,200,0.0
2025-10-15,C01-O08,C01,4.1,269,0.0
2025-10-15,C01-O09,C01,4.1,206,0.0
2025-10-15,C01-O10,C01,4.1,221,0.0
2025-10-15,C01-O11,C01,4.1,171,0.0
2025-10-15,C01-O12,C01,4.1,202,0.0
2025-10-15,C01-O13,C01,4.1,197,0.0
2025-10-15,C01-O14,C01,4.1,274,0.0
2025-10-15,C01-O15,C01,4.1,295,0.0
2025-10-15,C01-O16,C01,4.1,185,0.0
2025-10-15,C01-O17,C01,4.1,241,0.0
2025-10-15,C01-O18,C01,4.1,331,0.0
2025-10-15,C01-O19,C01,4.1,276,0.0
2025-10-15,C01-O20,C01,4.1,195,0.0
2025-10-15,C01-O21,C01,4.1,243,0.0
2025-10-15,C01-O22,C01,4.1,180,0.0
2025-10-15,C01-O23,C01,4.1,197,0.0
2025-10-15,C01-O24,C01,4.1,255,0.0
2025-10-15,C01-O25,C01,4.1,290,0.0
2025-10-15,C01-O26,C01,4.1,219,0.0
2025-10-15,C01-O27,C01,4.1,258,0.0
2025-10-15,C01-O28,C01,4.1,171,0.0
2025-10-15,C01-O29,C01,4.1,331,0.0
2025-10-15,C01-O30,C01,4.1,205,82.0
2025-10-15,C01-O31,C01,4.1,251,0.0
2025-10-15,C01-O32,C01,4.1,216,0.0
2025-10-15,C01-O33,C01,4.1,246,0.0
2025-10-15,C01-O34,C01,4.1,222,0.0
2025-10-15,C01-O35,C01,4.1,204,0.0
2025-10-15,C01-O36,C01,4.1,194,0.0
2025-10-15,C01-O37,C01,4.1,276,0.0
2025-10-15,C01-O38,C01,4.1,172,0.0
2025-10-15,C01-O39,C01,4.1,304,0.0
2025-10-15,C01-O40,C01,4.1,324,0.0
2025-10-15,C01-O41,C01,4.1,215,0.0
2025-10-15,C01-O42,C01,4.1,311,0.0
2025-10-15,C02-O01,C02,4.1,83,0.0
2025-10-15,C02-O02,C02,4.1,72,0.0
2025-10-15,C02-O03,C02,4.1,58,0.0
2025-10-15,C02-O04,C02,4.1,48,0.0
2025-10-15,C02-O05,C02,4.1,60,0.0
2025-10-15,C02-O06,C02,4.1,80,0.0
2025-10-15,C02-O07,C02,4.1,80,0.0
2025-10-15,C02-O08,C02,4.1,74,0.0
2025-10-15,C02-O09,C02,4.1,57,0.0
2025-10-15,C02-O10,C02,4.1,95,0.0
2025-10-15,C02-O11,C02,4.1,62,0.0
2025-10-15,C02-O12,C02,4.1,81,0.0
2025-10-15,C02-O13,C02,4.1,44,0.0
2025-10-15,C02-O14,C02,4.1,63,0.0
2025-10-15,C02-O15,C02,4.1,91,0.0
2025-10-15,C02-O16,C02,4.1,55,0.0
2025-10-15,C02-O17,C02,4.1,60,0.0
2025-10-15,C02-O18,C02,4.1,80,0.0
2025-10-15,C02-O19,C02,4.1,66,0.0
2025-10-15,C02-O20,C02,4.1,92,0.0
2025-10-15,C02-O21,C02,4.1,79,0.0
2025-10-15,C02-O22,C02,4.1,63,0.0
2025-10-15,C02-O23,C02,4.1,55,0.0
2025-10-15,C02-O24,C02,4.1,81,0.0
2025-10-15,C02-O25,C02,4.1,64,0.0
2025-10-15,C03-O01,C03,4.1,93,37.0
2025-10-15,C03-O02,C03,4.1,84,33.0
2025-10-15,C03-O03,C03,4.1,99,39.0
2025-10-15,C03-O04,C03,4.1,136,54.0
2025-10-15,C03-O05,C03,4.1,143,57.0
2025-10-15,C03-O06,C03,4.1,101,40.0
2025-10-15,C03-O07,C03,4.1,101,0.0
2025-10-15,C03-O08,C03,4.1,110,0.0
2025-10-15,C03-O09,C03,4.1,139,0.0
2025-10-15,C03-O10,C03,4.1,119,0.0
2025-10-15,C03-O11,C03,4.1,85,0.0
2025-10-15,C03-O12,C03,4.1,83,0.0
2025-10-15,C03-O13,C03,4.1,126,0.0
2025-10-15,C03-O14,C03,4.1,108,0.0
2025-10-15,C03-O15,C03,4.1,124,0.0
2025-10-15,C03-O16,C03,4.1,139,0.0
2025-10-15,C03-O17,C03,4.1,92,0.0
2025-10-15,C03-O18,C03,4.1,97,0.0
2025-10-15,C04-O01,C04,4.1,80,0.0
2025-10-15,C04-O02,C04,4.1,79,0.0
2025-10-15,C04-O03,C04,4.1,85,0.0
2025-10-15,C04-O04,C04,4.1,54,0.0
2025-10-15,C04-O05,C04,4.1,57,0.0
2025-10-15,C04-O06,C04,4.1,57,0.0
2025-10-15,C04-O07,C04,4.1,53,0.0
2025-10-15,C04-O08,C04,4.1,56,0.0
2025-10-15,C05-O01,C05,4.1,246,98.0
2025-10-15,C05-O02,C05,4.1,253,101.0
2025-10-15,C05-O03,C05,4.1,235,94.0
2025-10-15,C05-O04,C05,4.1,246,98.0
2025-10-15,C05-O05,C05,4.1,190,76.0
2025-10-15,C05-O06,C05,4.1,231,0.0
2025-10-15,C05-O07,C05,4.1,247,0.0
2025-10-15,C05-O08,C05,4.1,397,0.0
2025-10-15,C05-O09,C05,4.1,274,0.0
2025-10-15,C05-O10,C05,4.1,245,0.0
2025-10-15,C05-O11,C05,4.1,314,0.0
2025-10-15,C05-O12,C05,4.1,318,0.0
2025-10-15,C05-O13,C05,4.1,242,0.0
2025-10-15,C05-O14,C05,4.1,237,0.0
2025-10-15,C05-O15,C05,4.1,211,0.0
2025-10-15,C05-O16,C05,4.1,289,0.0
2025-10-15,C05-O17,C05,4.1,231,0.0
2025-10-15,C05-O18,C05,4.1,308,0.0
2025-10-15,C05-O19,C05,4.1,420,0.0
2025-10-15,C05-O20,C05,4.1,241,0.0
2025-10-15,C05-O21,C05,4.1,358,0.0
2025-10-15,C05-O22,C05,4.1,248,0.0
2025-10-15,C05-O23,C05,4.1,314,0.0
2025-10-15,C05-O24,C05,4.1,350,0.0
2025-10-15,C06-O01,C06,4.1,211,0.0
2025-10-15,C06-O02,C06,4.1,256,0.0
2025-10-15,C06-O03,C06,4.1,279,0.0
2025-10-15,C06-O04,C06,4.1,298,0.0
2025-10-15,C06-O05,C06,4.1,300,0.0
2025-10-15,C06-O06,C06,4.1,324,0.0
2025-10-15,C06-O07,C06,4.1,307,0.0
2025-10-15,C06-O08,C06,4.1,271,0.0
2025-10-15,C06-O09,C06,4.1,194,0.0
2025-10-15,C06-O10,C06,4.1,276,0.0
2025-10-15,C06-O11,C06,4.1,255,0.0
2025-10-15,C06-O12,C06,4.1,273,0.0
2025-10-15,C06-O13,C06,4.1,249,0.0
2025-10-15,C06-O14,C06,4.1,314,0.0
2025-10-15,C06-O15,C06,4.1,189,0.0
2025-10-15,C06-O16,C06,4.1,243,0.0
2025-10-15,C06-O17,C06,4.1,202,0.0
2025-10-15,C06-O18,C06,4.1,238,0.0
2025-10-15,C06-O19,C06,4.1,247,0.0
2025-10-15,C06-O20,C06,4.1,258,0.0
2025-10-15,C06-O21,C06,4.1,174,0.0
2025-10-15,C06-O22,C06,4.1,363,0.0
2025-10-15,C06-O23,C06,4.1,213,0.0
2025-10-15,C06-O24,C06,4.1,276,0.0
2025-10-15,C06-O25,C06,4.1,298,0.0
2025-10-15,C06-O26,C06,4.1,272,0.0
2025-10-15,C06-O27,C06,4.1,229,0.0
2025-10-15,C06-O28,C06,4.1,287,0.0
2025-10-15,C06-O29,C06,4.1,307,0.0
2025-10-15,C06-O30,C06,4.1,285,114.0
2025-10-15,C07-O01,C07,4.1,179,0.0
2025-10-15,C07-O02,C07,4.1,217,0.0
2025-10-15,C07-O03,C07,4.1,173,0.0
2025-10-15,C07-O04,C07,4.1,220,0.0
2025-10-15,C07-O05,C07,4.1,185,0.0
2025-10-15,C07-O06,C07,4.1,288,0.0
2025-10-15,C07-O07,C07,4.1,197,0.0
2025-10-15,C07-O08,C07,4.1,220,0.0
2025-10-15,C07-O09,C07,4.1,213,0.0
2025-10-15,C07-O10,C07,4.1,237,0.0
2025-10-15,C07-O11,C07,4.1,269,0.0
2025-10-15,C07-O12,C07,4.1,202,0.0
2025-10-15,C07-O13,C07,4.1,258,0.0
2025-10-15,C07-O14,C07,4.1,208,0.0
2025-10-15,C07-O15,C07,4.1,261,0.0
2025-10-15,C07-O16,C07,4.1,178,0.0
2025-10-15,C07-O17,C07,4.1,257,0.0
2025-10-15,C07-O18,C07,4.1,193,0.0
2025-10-15,C07-O19,C07,4.1,241,0.0
2025-10-15,C07-O20,C07,4.1,241,0.0
2025-10-15,C07-O21,C07,4.1,193,0.0
2025-10-15,C08-O01,C08,4.1,239,0.0
2025-10-15,C08-O02,C08,4.1,239,0.0
2025-10-15,C08-O03,C08,4.1,243,0.0
2025-10-15,C08-O04,C08,4.1,266,0.0
2025-10-15,C08-O05,C08,4.1,231,0.0
2025-10-15,C08-O06,C08,4.1,335,0.0
2025-10-15,C08-O07,C08,4.1,312,0.0
2025-10-15,C08-O08,C08,4.1,305,0.0
2025-10-15,C08-O09,C08,4.1,237,0.0
2025-10-15,C08-O10,C08,4.1,352,0.0
2025-10-15,C08-O11,C08,4.1,257,0.0
2025-10-15,C08-O12,C08,4.1,239,0.0
2025-10-15,C08-O13,C08,4.1,329,0.0
2025-10-15,C08-O14,C08,4.1,247,0.0
2025-10-15,C09-O01,C09,4.1,136,0.0
2025-10-15,C09-O02,C09,4.1,119,0.0
2025-10-15,C09-O03,C09,4.1,82,0.0
2025-10-15,C09-O04,C09,4.1,85,0.0
2025-10-15,C09-O05,C09,4.1,145,0.0
2025-10-15,C09-O06,C09,4.1,78,0.0
2025-10-15,C09-O07,C09,4.1,83,0.0
2025-10-15,C09-O08,C09,4.1,139,0.0
2025-10-15,C09-O09,C09,4.1,75,0.0
2025-10-15,C09-O10,C09,4.1,125,0.0
2025-10-15,C09-O11,C09,4.1,99,0.0
2025-10-15,C09-O12,C09,4.1,82,0.0
2025-10-15,C09-O13,C09,4.1,89,0.0
2025-10-15,C09-O14,C09,4.1,118,0.0
2025-10-15,C09-O15,C09,4.1,100,0.0
2025-10-15,C10-O01,C10,4.1,219,0.0
2025-10-15,C10-O02,C10,4.1,207,82.0
2025-10-15,C10-O03,C10,4.1,253,101.0
2025-10-15,C10-O04,C10,4.1,321,0.0
2025-10-15,C10-O05,C10,4.1,162,0.0
2025-10-15,C10-O06,C10,4.1,211,0.0
2025-10-15,C10-O07,C10,4.1,287,0.0
2025-10-15,C10-O08,C10,4.1,284,0.0
2025-10-15,C10-O09,C10,4.1,195,0.0
2025-10-15,C10-O10,C10,4.1,207,0.0
2025-10-15,C10-O11,C10,4.1,209,0.0
2025-10-15,C10-O12,C10,4.1,256,0.0
2025-10-15,C10-O13,C10,4.1,177,0.0
2025-10-15,C10-O14,C10,4.1,175,0.0
2025-10-15,C10-O15,C10,4.1,282,0.0
2025-10-15,C10-O16,C10,4.1,216,0.0
2025-10-15,C10-O17,C10,4.1,192,0.0
2025-10-15,C10-O18,C10,4.1,232,0.0
2025-10-15,C10-O19,C10,4.1,214,0.0
2025-10-15,C10-O20,C10,4.1,257,0.0
2025-10-15,C10-O21,C10,4.1,196,0.0
2025-10-15,C11-O01,C11,4.1,390,0.0
2025-10-15,C11-O02,C11,4.1,385,0.0
2025-10-15,C11-O03,C11,4.1,331,0.0
2025-10-15,C11-O04,C11,4.1,216,0.0
2025-10-15,C11-O05,C11,4.1,348,0.0
2025-10-15,C11-O06,C11,4.1,205,0.0
2025-10-15,C11-O07,C11,4.1,408,0.0
2025-10-15,C11-O08,C11,4.1,355,0.0
2025-10-15,C11-O09,C11,4.1,286,0.0
2025-10-15,C11-O10,C11,4.1,388,0.0
2025-10-15,C11-O11,C11,4.1,217,0.0
2025-10-15,C11-O12,C11,4.1,313,0.0
2025-10-15,C11-O13,C11,4.1,308,0.0
2025-10-15,C11-O14,C11,4.1,271,0.0
2025-10-15,C11-O15,C11,4.1,323,0.0
2025-10-15,C11-O16,C11,4.1,333,0.0
2025-10-15,C11-O17,C11,4.1,358,0.0
2025-10-15,C11-O18,C11,4.1,286,0.0
2025-10-15,C11-O19,C11,4.1,290,0.0
2025-10-15,C11-O20,C11,4.1,403,0.0
2025-10-15,C11-O21,C11,4.1,350,0.0
2025-10-15,C11-O22,C11,4.1,332,0.0
2025-10-15,C12-O01,C12,4.1,197,0.0
2025-10-15,C12-O02,C12,4.1,164,0.0
2025-10-15,C12-O03,C12,4.1,112,0.0
2025-10-15,C12-O04,C12,4.1,169,0.0
2025-10-15,C12-O05,C12,4.1,184,0.0
2025-10-15,C12-O06,C12,4.1,141,0.0
2025-10-15,C12-O07,C12,4.1,138,0.0
2025-10-15,C12-O08,C12,4.1,123,49.0
2025-10-15,C12-O09,C12,4.1,172,0.0
2025-10-15,C12-O10,C12,4.1,168,0.0
2025-10-15,C12-O11,C12,4.1,117,0.0
2025-10-15,C12-O12,C12,4.1,112,0.0
2025-10-15,C12-O13,C12,4.1,183,0.0
2025-10-15,C12-O14,C12,4.1,158,0.0
2025-10-15,C12-O15,C12,4.1,200,0.0
2025-10-15,C12-O16,C12,4.1,122,0.0
2025-10-15,C12-O17,C12,4.1,117,0.0
2025-10-15,C12-O18,C12,4.1,171,0.0
2025-10-15,C12-O19,C12,4.1,126,0.0
2025-10-15,C12-O20,C12,4.1,138,0.0
2025-10-15,C12-O21,C12,4.1,154,0.0
2025-10-15,C12-O22,C12,4.1,102,0.0
2025-10-15,C12-O23,C12,4.1,168,0.0
2025-10-15,C12-O24,C12,4.1,194,0.0
2025-10-15,C13-O01,C13,4.1,188,0.0
2025-10-15,C13-O02,C13,4.1,299,0.0
2025-10-15,C13-O03,C13,4.1,230,0.0
2025-10-15,C13-O04,C13,4.1,238,0.0
2025-10-15,C13-O05,C13,4.1,226,0.0
2025-10-15,C13-O06,C13,4.1,255,0.0
2025-10-15,C13-O07,C13,4.1,210,0.0
2025-10-15,C13-O08,C13,4.1,239,0.0
2025-10-15,C13-O09,C13,4.1,290,0.0
2025-10-15,C13-O10,C13,4.1,288,0.0
2025-10-15,C13-O11,C13,4.1,212,0.0
2025-10-15,C13-O12,C13,4.1,329,0.0
2025-10-15,C13-O13,C13,4.1,271,0.0
2025-10-15,C13-O14,C13,4.1,193,0.0
2025-10-15,C13-O15,C13,4.1,270,0.0
2025-10-15,C13-O16,C13,4.1,261,0.0
2025-10-15,C13-O17,C13,4.1,238,0.0
2025-10-15,C14-O01,C14,4.1,401,0.0
2025-10-15,C14-O02,C14,4.1,250,0.0
2025-10-15,C14-O03,C14,4.1,355,0.0
2025-10-15,C14-O04,C14,4.1,266,0.0
2025-10-15,C14-O05,C14,4.1,275,0.0
2025-10-15,C14-O06,C14,4.1,319,0.0
2025-10-15,C14-O07,C14,4.1,314,0.0
2025-10-15,C14-O08,C14,4.1,224,0.0
2025-10-15,C15-O01,C15,4.1,170,0.0
2025-10-15,C15-O02,C15,4.1,283,0.0
2025-10-15,C15-O03,C15,4.1,281,0.0
2025-10-15,C15-O04,C15,4.1,221,0.0
2025-10-15,C15-O05,C15,4.1,229,0.0
2025-10-15,C15-O06,C15,4.1,189,0.0
2025-10-15,C15-O07,C15,4.1,252,0.0
2025-10-15,C15-O08,C15,4.1,215,0.0
2025-10-15,C15-O09,C15,4.1,251,0.0
2025-10-15,C15-O10,C15,4.1,172,0.0
2025-10-15,C15-O11,C15,4.1,214,0.0
2025-10-15,C15-O12,C15,4.1,229,0.0
2025-10-15,C15-O13,C15,4.1,188,75.0
2025-10-15,C15-O14,C15,4.1,247,0.0
2025-10-15,C15-O15,C15,4.1,220,0.0
2025-10-15,C15-O16,C15,4.1,290,0.0
2025-10-15,C15-O17,C15,4.1,235,0.0
2025-10-15,C15-O18,C15,4.1,162,0.0
2025-10-15,C15-O19,C15,4.1,177,0.0
2025-10-15,C15-O20,C15,4.1,259,103.0
2025-10-15,C15-O21,C15,4.1,203,0.0
2025-10-15,C15-O22,C15,4.1,267,0.0
2025-10-15,C15-O23,C15,4.1,232,0.0
2025-10-15,C16-O01,C16,4.1,66,0.0
2025-10-15,C16-O02,C16,4.1,55,0.0
2025-10-15,C16-O03,C16,4.1,91,0.0
2025-10-15,C16-O04,C16,4.1,62,0.0
2025-10-15,C16-O05,C16,4.1,56,0.0
2025-10-15,C16-O06,C16,4.1,66,0.0
2025-10-15,C16-O07,C16,4.1,53,0.0
2025-10-15,C16-O08,C16,4.1,89,0.0
2025-10-15,C17-O01,C17,4.1,76,0.0
2025-10-15,C17-O02,C17,4.1,106,0.0
2025-10-15,C17-O03,C17,4.1,124,0.0
2025-10-15,C17-O04,C17,4.1,99,0.0
2025-10-15,C17-O05,C17,4.1,106,0.0
2025-10-15,C17-O06,C17,4.1,99,0.0
2025-10-15,C17-O07,C17,4.1,113,0.0
2025-10-15,C17-O08,C17,4.1,131,0.0
2025-10-15,C17-O09,C17,4.1,98,0.0
2025-10-15,C17-O10,C17,4.1,114,0.0
2025-10-15,C18-O01,C18,4.1,418,0.0
2025-10-15,C18-O02,C18,4.1,276,0.0
2025-10-15,C18-O03,C18,4.1,238,0.0
2025-10-15,C18-O04,C18,4.1,268,0.0
2025-10-15,C18-O05,C18,4.1,319,127.0
2025-10-15,C18-O06,C18,4.1,228,0.0
2025-10-15,C18-O07,C18,4.1,337,0.0
2025-10-15,C18-O08,C18,4.1,222,0.0
2025-10-15,C19-O01,C19,4.1,324,0.0
2025-10-15,C19-O02,C19,4.1,314,0.0
2025-10-15,C19-O03,C19,4.1,241,96.0
2025-10-15,C19-O04,C19,4.1,215,0.0
2025-10-15,C19-O05,C19,4.1,209,0.0
2025-10-15,C19-O06,C19,4.1,247,0.0
2025-10-15,C19-O07,C19,4.1,293,0.0
2025-10-15,C19-O08,C19,4.1,267,0.0
2025-10-15,C20-O01,C20,4.1,337,0.0
2025-10-15,C20-O02,C20,4.1,304,0.0
2025-10-15,C20-O03,C20,4.1,258,0.0
2025-10-15,C20-O04,C20,4.1,231,0.0
2025-10-15,C20-O05,C20,4.1,289,0.0
2025-10-15,C21-O01,C21,4.1,203,0.0
2025-10-15,C21-O02,C21,4.1,302,0.0
2025-10-15,C21-O03,C21,4.1,167,0.0
2025-10-15,C21-O04,C21,4.1,295,0.0
2025-10-15,C21-O05,C21,4.1,312,0.0
2025-10-15,C21-O06,C21,4.1,212,0.0
2025-10-15,C21-O07,C21,4.1,230,0.0
2025-10-15,C21-O08,C21,4.1,244,0.0
2025-10-15,C21-O09,C21,4.1,216,0.0
2025-10-15,C22-O01,C22,4.1,332,0.0
2025-10-15,C22-O02,C22,4.1,350,0.0
2025-10-15,C22-O03,C22,4.1,228,0.0
2025-10-15,C22-O04,C22,4.1,337,0.0
2025-10-15,C22-O05,C22,4.1,213,0.0
2025-10-15,C22-O06,C22,4.1,225,0.0
2025-10-15,C22-O07,C22,4.1,194,0.0
2025-10-15,C22-O08,C22,4.1,278,0.0
2025-10-15,C22-O09,C22,4.1,384,0.0
2025-10-15,C22-O10,C22,4.1,367,0.0
2025-10-15,C22-O11,C22,4.1,336,0.0
2025-10-15,C22-O12,C22,4.1,371,0.0
2025-10-15,C22-O13,C22,4.1,298,0.0
2025-10-15,C22-O14,C22,4.1,345,0.0
2025-10-15,C22-O15,C22,4.1,234,0.0
2025-10-15,C22-O16,C22,4.1,382,0.0
2025-10-15,C22-O17,C22,4.1,256,0.0
2025-10-15,C22-O18,C22,4.1,259,0.0
2025-10-15,C23-O01,C23,4.1,297,0.0
2025-10-15,C23-O02,C23,4.1,243,97.0
2025-10-15,C23-O03,C23,4.1,203,0.0
2025-10-15,C23-O04,C23,4.1,170,0.0
2025-10-15,C23-O05,C23,4.1,261,0.0
2025-10-15,C23-O06,C23,4.1,174,0.0
2025-10-15,C24-O01,C24,4.1,386,0.0
2025-10-15,C24-O02,C24,4.1,235,0.0
2025-10-15,C24-O03,C24,4.1,227,0.0
2025-10-15,C24-O04,C24,4.1,347,0.0
2025-10-15,C24-O05,C24,4.1,372,0.0
2025-10-15,C24-O06,C24,4.1,301,0.0
2025-10-15,C24-O07,C24,4.1,243,0.0
2025-10-15,C24-O08,C24,4.1,328,0.0
2025-10-15,C24-O09,C24,4.1,302,0.0
2025-10-15,C24-O10,C24,4.1,283,0.0
2025-10-15,C25-O01,C25,4.1,250,0.0
2025-10-15,C25-O02,C25,4.1,245,0.0
2025-10-15,C25-O03,C25,4.1,266,0.0
2025-10-15,C25-O04,C25,4.1,250,0.0
2025-10-15,C25-O05,C25,4.1,305,0.0
2025-10-15,C25-O06,C25,4.1,342,0.0
2025-10-15,C25-O07,C25,4.1,351,0.0
2025-10-15,C25-O08,C25,4.1,254,0.0
2025-10-15,C25-O09,C25,4.1,249,0.0
2025-10-15,C25-O10,C25,4.1,327,131.0
2025-10-15,C25-O11,C25,4.1,257,0.0
2025-10-15,C25-O12,C25,4.1,368,0.0
2025-10-15,C25-O13,C25,4.1,369,0.0
2025-10-15,C25-O14,C25,4.1,313,0.0
2025-10-15,C25-O15,C25,4.1,259,0.0
2025-10-15,C26-O01,C26,4.1,258,0.0
2025-10-15,C26-O02,C26,4.1,177,0.0
2025-10-15,C26-O03,C26,4.1,195,0.0
2025-10-15,C26-O04,C26,4.1,186,0.0
2025-10-15,C26-O05,C26,4.1,237,0.0
2025-10-15,C26-O06,C26,4.1,291,0.0
2025-10-15,C26-O07,C26,4.1,271,0.0
2025-10-15,C26-O08,C26,4.1,168,0.0
2025-10-15,C26-O09,C26,4.1,319,0.0
2025-10-15,C26-O10,C26,4.1,227,0.0
2025-10-15,C27-O01,C27,4.1,121,0.0
2025-10-15,C27-O02,C27,4.1,98,0.0
2025-10-15,C27-O03,C27,4.1,103,0.0
2025-10-15,C27-O04,C27,4.1,128,0.0
2025-10-15,C27-O05,C27,4.1,138,0.0
2025-10-15,C27-O06,C27,4.1,70,0.0
2025-10-15,C27-O07,C27,4.1,113,0.0
2025-10-15,C27-O08,C27,4.1,108,0.0
2025-10-15,C27-O09,C27,4.1,77,0.0
2025-10-15,C27-O10,C27,4.1,89,0.0
2025-10-15,C27-O11,C27,4.1,135,0.0
2025-10-15,C27-O12,C27,4.1,95,0.0
2025-10-15,C27-O13,C27,4.1,95,0.0
2025-10-15,C27-O14,C27,4.1,82,0.0
2025-10-15,C27-O15,C27,4.1,125,0.0
2025-10-15,C27-O16,C27,4.1,141,0.0
2025-10-15,C27-O17,C27,4.1,133,0.0
2025-10-15,C27-O18,C27,4.1,129,0.0
2025-10-15,C27-O19,C27,4.1,116,0.0
2025-10-15,C27-O20,C27,4.1,81,0.0
2025-10-15,C27-O21,C27,4.1,149,0.0
2025-10-15,C27-O22,C27,4.1,108,0.0
2025-10-15,C28-O01,C28,4.1,304,0.0
2025-10-15,C28-O02,C28,4.1,321,0.0
2025-10-15,C28-O03,C28,4.1,333,0.0
2025-10-15,C28-O04,C28,4.1,404,0.0
2025-10-15,C28-O05,C28,4.1,345,0.0
2025-10-15,C28-O06,C28,4.1,350,140.0
2025-10-15,C28-O07,C28,4.1,255,0.0
2025-10-15,C28-O08,C28,4.1,373,0.0
2025-10-15,C28-O09,C28,4.1,265,0.0
2025-10-15,C28-O10,C28,4.1,299,0.0
2025-10-15,C28-O11,C28,4.1,315,126.0
2025-10-15,C28-O12,C28,4.1,319,0.0
2025-10-15,C29-O01,C29,4.1,107,0.0
2025-10-15,C29-O02,C29,4.1,148,0.0
2025-10-15,C29-O03,C29,4.1,122,0.0
2025-10-15,C29-O04,C29,4.1,117,0.0
2025-10-15,C29-O05,C29,4.1,151,0.0
2025-10-15,C29-O06,C29,4.1,160,0.0
2025-10-15,C29-O07,C29,4.1,118,0.0
2025-10-15,C29-O08,C29,4.1,180,0.0
2025-10-15,C29-O09,C29,4.1,205,0.0
2025-10-15,C29-O10,C29,4.1,135,0.0
2025-10-15,C29-O11,C29,4.1,131,0.0
2025-10-15,C29-O12,C29,4.1,122,0.0
2025-10-15,C30-O01,C30,4.1,270,0.0
2025-10-15,C30-O02,C30,4.1,181,0.0
2025-10-15,C30-O03,C30,4.1,193,0.0
2025-10-15,C30-O04,C30,4.1,212,0.0
2025-10-15,C30-O05,C30,4.1,274,0.0
2025-10-15,C30-O06,C30,4.1,186,0.0
2025-10-15,C30-O07,C30,4.1,191,0.0
2025-10-15,C30-O08,C30,4.1,317,0.0
2025-10-15,C30-O09,C30,4.1,239,0.0
2025-10-15,C30-O10,C30,4.1,279,0.0
2025-10-15,C30-O11,C30,4.1,273,0.0
2025-10-15,C30-O12,C30,4.1,304,0.0
2025-10-15,C30-O13,C30,4.1,220,0.0
2025-10-15,C30-O14,C30,4.1,271,0.0
2025-10-15,C30-O15,C30,4.1,173,0.0
2025-10-15,C30-O16,C30,4.1,328,0.0
2025-10-15,C30-O17,C30,4.1,296,0.0
2025-10-15,C31-O01,C31,4.1,79,0.0
2025-10-15,C31-O02,C31,4.1,82,0.0
2025-10-15,C31-O03,C31,4.1,81,0.0
2025-10-15,C31-O04,C31,4.1,60,0.0
2025-10-15,C31-O05,C31,4.1,55,0.0
2025-10-15,C31-O06,C31,4.1,75,0.0
2025-10-15,C31-O07,C31,4.1,50,0.0
2025-10-15,C31-O08,C31,4.1,87,0.0
2025-10-15,C31-O09,C31,4.1,70,0.0
2025-10-15,C31-O10,C31,4.1,85,0.0
2025-10-15,C31-O11,C31,4.1,97,0.0
2025-10-15,C31-O12,C31,4.1,75,0.0
2025-10-15,C31-O13,C31,4.1,73,0.0
2025-10-15,C32-O01,C32,4.1,361,0.0
2025-10-15,C32-O02,C32,4.1,198,0.0
2025-10-15,C32-O03,C32,4.1,309,0.0
2025-10-15,C32-O04,C32,4.1,313,0.0
2025-10-15,C32-O05,C32,4.1,250,0.0
2025-10-15,C32-O06,C32,4.1,342,0.0
2025-10-15,C32-O07,C32,4.1,385,0.0
2025-10-15,C32-O08,C32,4.1,256,0.0
2025-10-15,C32-O09,C32,4.1,269,0.0
2025-10-15,C32-O10,C32,4.1,298,0.0
2025-10-15,C32-O11,C32,4.1,358,0.0
2025-10-15,C32-O12,C32,4.1,279,0.0
2025-10-15,C32-O13,C32,4.1,313,0.0
2025-10-15,C32-O14,C32,4.1,210,0.0
2025-10-15,C33-O01,C33,4.1,205,0.0
2025-10-15,C33-O02,C33,4.1,232,0.0
2025-10-15,C33-O03,C33,4.1,236,0.0
2025-10-15,C33-O04,C33,4.1,326,0.0
2025-10-15,C34-O01,C34,4.1,247,0.0
2025-10-15,C34-O02,C34,4.1,389,0.0
2025-10-15,C34-O03,C34,4.1,325,0.0
2025-10-15,C34-O04,C34,4.1,337,0.0
2025-10-15,C34-O05,C34,4.1,334,0.0
2025-10-15,C34-O06,C34,4.1,215,0.0
2025-10-15,C34-O07,C34,4.1,275,0.0
2025-10-15,C34-O08,C34,4.1,293,0.0
2025-10-15,C34-O09,C34,4.1,303,0.0
2025-10-15,C34-O10,C34,4.1,219,0.0
2025-10-15,C34-O11,C34,4.1,368,147.0
2025-10-15,C34-O12,C34,4.1,229,0.0
2025-10-15,C35-O01,C35,4.1,290,0.0
2025-10-15,C35-O02,C35,4.1,270,0.0
2025-10-15,C35-O03,C35,4.1,244,97.0
2025-10-15,C35-O04,C35,4.1,318,0.0
2025-10-15,C35-O05,C35,4.1,234,0.0
2025-10-15,C35-O06,C35,4.1,227,0.0
2025-10-15,C35-O07,C35,4.1,342,0.0
2025-10-15,C35-O08,C35,4.1,285,0.0
2025-10-15,C35-O09,C35,4.1,277,0.0
2025-10-15,C35-O10,C35,4.1,351,0.0
2025-10-15,C35-O11,C35,4.1,320,128.0
2025-10-15,C35-O12,C35,4.1,310,0.0
2025-10-15,C35-O13,C35,4.1,384,0.0
2025-10-15,C35-O14,C35,4.1,337,0.0
2025-10-15,C35-O15,C35,4.1,297,0.0
2025-10-15,C35-O16,C35,4.1,261,0.0
2025-10-15,C35-O17,C35,4.1,312,0.0
2025-10-15,C35-O18,C35,4.1,336,0.0
2025-10-15,C35-O19,C35,4.1,210,0.0
2025-10-15,C35-O20,C35,4.1,290,0.0
2025-10-15,C35-O21,C35,4.1,364,0.0
2025-10-15,C35-O22,C35,4.1,334,0.0
2025-10-15,C36-O01,C36,4.1,273,0.0
2025-10-15,C36-O02,C36,4.1,262,0.0
2025-10-15,C36-O03,C36,4.1,200,0.0
2025-10-15,C36-O04,C36,4.1,234,0.0
2025-10-15,C36-O05,C36,4.1,288,0.0
2025-10-15,C36-O06,C36,4.1,190,0.0
2025-10-15,C36-O07,C36,4.1,302,0.0
2025-10-15,C36-O08,C36,4.1,310,0.0
2025-10-15,C36-O09,C36,4.1,191,0.0
2025-10-15,C36-O10,C36,4.1,326,0.0
2025-10-15,C36-O11,C36,4.1,309,0.0
2025-10-15,C37-O01,C37,4.1,315,0.0
2025-10-15,C37-O02,C37,4.1,242,0.0
2025-10-15,C37-O03,C37,4.1,266,0.0
2025-10-15,C37-O04,C37,4.1,285,0.0
2025-10-15,C37-O05,C37,4.1,383,0.0
2025-10-15,C37-O06,C37,4.1,350,0.0
2025-10-15,C37-O07,C37,4.1,245,0.0
2025-10-15,C37-O08,C37,4.1,317,0.0
2025-10-15,C37-O09,C37,4.1,210,0.0
2025-10-15,C37-O10,C37,4.1,222,89.0
2025-10-15,C37-O11,C37,4.1,264,0.0
2025-10-15,C37-O12,C37,4.1,367,0.0
2025-10-15,C38-O01,C38,4.1,327,0.0
2025-10-15,C38-O02,C38,4.1,195,0.0
2025-10-15,C38-O03,C38,4.1,345,0.0
2025-10-15,C38-O04,C38,4.1,207,0.0
2025-10-15,C38-O05,C38,4.1,310,0.0
2025-10-15,C38-O06,C38,4.1,277,0.0
2025-10-15,C38-O07,C38,4.1,304,0.0
2025-10-15,C38-O08,C38,4.1,230,0.0
2025-10-15,C38-O09,C38,4.1,235,0.0
2025-10-15,C38-O10,C38,4.1,398,0.0
2025-10-15,C38-O11,C38,4.1,263,0.0
2025-10-15,C38-O12,C38,4.1,229,0.0
2025-10-15,C38-O13,C38,4.1,374,0.0
2025-10-15,C38-O14,C38,4.1,230,0.0
2025-10-15,C38-O15,C38,4.1,307,0.0
2025-10-15,C38-O16,C38,4.1,227,0.0
2025-10-15,C38-O17,C38,4.1,325,0.0
2025-10-15,C38-O18,C38,4.1,335,0.0
2025-10-15,C38-O19,C38,4.1,200,0.0
2025-10-15,C38-O20,C38,4.1,347,0.0
2025-10-15,C38-O21,C38,4.1,264,0.0
2025-10-15,C39-O01,C39,4.1,168,0.0
2025-10-15,C39-O02,C39,4.1,206,82.0
2025-10-15,C39-O03,C39,4.1,230,0.0
2025-10-15,C39-O04,C39,4.1,317,0.0
2025-10-15,C39-O05,C39,4.1,249,99.0
2025-10-15,C39-O06,C39,4.1,164,0.0
2025-10-15,C39-O07,C39,4.1,210,0.0
2025-10-15,C39-O08,C39,4.1,175,0.0
2025-10-15,C39-O09,C39,4.1,250,0.0
2025-10-15,C39-O10,C39,4.1,199,0.0
2025-10-15,C39-O11,C39,4.1,267,0.0
2025-10-15,C39-O12,C39,4.1,263,0.0
2025-10-15,C39-O13,C39,4.1,234,0.0
2025-10-15,C39-O14,C39,4.1,183,0.0
2025-10-15,C39-O15,C39,4.1,317,0.0
2025-10-15,C39-O16,C39,4.1,187,0.0
2025-10-15,C39-O17,C39,4.1,184,0.0
2025-10-15,C39-O18,C39,4.1,203,0.0
2025-10-15,C39-O19,C39,4.1,285,0.0
2025-10-15,C40-O01,C40,4.1,385,0.0
2025-10-15,C40-O02,C40,4.1,344,0.0
2025-10-15,C40-O03,C40,4.1,291,0.0
2025-10-15,C40-O04,C40,4.1,231,0.0
2025-10-15,C40-O05,C40,4.1,325,0.0
2025-10-15,C40-O06,C40,4.1,396,0.0
2025-10-15,C40-O07,C40,4.1,308,0.0
2025-10-15,C40-O08,C40,4.1,270,0.0
2025-10-15,C40-O09,C40,4.1,415,0.0
2025-10-15,C40-O10,C40,4.1,384,0.0
2025-10-16,C01-O01,C01,4.1,161,0.0
2025-10-16,C01-O02,C01,4.1,197,0.0
2025-10-16,C01-O03,C01,4.1,316,0.0
2025-10-16,C01-O04,C01,4.1,168,0.0
2025-10-16,C01-O05,C01,4.1,322,0.0
2025-10-16,C01-O06,C01,4.1,305,0.0
2025-10-16,C01-O07,C01,4.1,186,0.0
2025-10-16,C01-O08,C01,4.1,265,0.0
2025-10-16,C01-O09,C01,4.1,221,0.0
2025-10-16,C01-O10,C01,4.1,217,0.0
2025-10-16,C01-O11,C01,4.1,171,0.0
2025-10-16,C01-O12,C01,4.1,221,0.0
2025-10-16,C01-O13,C01,4.1,224,0.0
2025-10-16,C01-O14,C01,4.1,262,0.0
2025-10-16,C01-O15,C01,4.1,328,0.0
2025-10-16,C01-O16,C01,4.1,215,0.0
2025-10-16,C01-O17,C01,4.1,250,0.0
2025-10-16,C01-O18,C01,4.1,297,0.0
2025-10-16,C01-O19,C01,4.1,305,0.0
2025-10-16,C01-O20,C01,4.1,194,0.0
2025-10-16,C01-O21,C01,4.1,219,0.0
2025-10-16,C01-O22,C01,4.1,169,0.0
2025-10-16,C01-O23,C01,4.1,187,0.0
2025-10-16,C01-O24,C01,4.1,288,0.0
2025-10-16,C01-O25,C01,4.1,290,0.0
2025-10-16,C01-O26,C01,4.1,213,0.0
2025-10-16,C01-O27,C01,4.1,232,0.0
2025-10-16,C01-O28,C01,4.1,172,0.0
2025-10-16,C01-O29,C01,4.1,323,0.0
2025-10-16,C01-O30,C01,4.1,231,92.0
2025-10-16,C01-O31,C01,4.1,259,0.0
2025-10-16,C01-O32,C01,4.1,223,0.0
2025-10-16,C01-O33,C01,4.1,248,0.0
2025-10-16,C01-O34,C01,4.1,211,0.0
2025-10-16,C01-O35,C01,4.1,173,0.0
2025-10-16,C01-O36,C01,4.1,203,0.0
2025-10-16,C01-O37,C01,4.1,295,0.0
2025-10-16,C01-O38,C01,4.1,191,0.0
2025-10-16,C01-O39,C01,4.1,305,0.0
2025-10-16,C01-O40,C01,4.1,281,0.0
2025-10-16,C01-O41,C01,4.1,220,0.0
2025-10-16,C01-O42,C01,4.1,334,0.0
2025-10-16,C02-O01,C02,4.1,84,0.0
2025-10-16,C02-O02,C02,4.1,83,0.0
2025-10-16,C02-O03,C02,4.1,58,0.0
2025-10-16,C02-O04,C02,4.1,48,0.0
2025-10-16,C02-O05,C02,4.1,60,0.0
2025-10-16,C02-O06,C02,4.1,82,0.0
2025-10-16,C02-O07,C02,4.1,73,0.0
2025-10-16,C02-O08,C02,4.1,71,0.0
2025-10-16,C02-O09,C02,4.1,59,0.0
2025-10-16,C02-O10,C02,4.1,89,0.0
2025-10-16,C02-O11,C02,4.1,59,0.0
2025-10-16,C02-O12,C02,4.1,81,0.0
2025-10-16,C02-O13,C02,4.1,45,0.0
2025-10-16,C02-O14,C02,4.1,56,0.0
2025-10-16,C02-O15,C02,4.1,83,0.0
2025-10-16,C02-O16,C02,4.1,54,0.0
2025-10-16,C02-O17,C02,4.1,59,0.0
2025-10-16,C02-O18,C02,4.1,80,0.0
2025-10-16,C02-O19,C02,4.1,69,0.0
2025-10-16,C02-O20,C02,4.1,83,0.0
2025-10-16,C02-O21,C02,4.1,70,0.0
2025-10-16,C02-O22,C02,4.1,65,0.0
2025-10-16,C02-O23,C02,4.1,51,0.0
2025-10-16,C02-O24,C02,4.1,86,0.0
2025-10-16,C02-O25,C02,4.1,60,0.0
2025-10-16,C03-O01,C03,4.1,100,40.0
2025-10-16,C03-O02,C03,4.1,95,38.0
2025-10-16,C03-O03,C03,4.1,98,39.0
2025-10-16,C03-O04,C03,4.1,143,57.0
2025-10-16,C03-O05,C03,4.1,138,55.0
2025-10-16,C03-O06,C03,4.1,103,41.0
2025-10-16,C03-O07,C03,4.1,99,0.0
2025-10-16,C03-O08,C03,4.1,113,0.0
2025-10-16,C03-O09,C03,4.1,152,0.0
2025-10-16,C03-O10,C03,4.1,125,0.0
2025-10-16,C03-O11,C03,4.1,84,0.0
2025-10-16,C03-O12,C03,4.1,99,0.0
2025-10-16,C03-O13,C03,4.1,130,0.0
2025-10-16,C03-O14,C03,4.1,97,0.0
2025-10-16,C03-O15,C03,4.1,121,0.0
2025-10-16,C03-O16,C03,4.1,140,0.0
2025-10-16,C03-O17,C03,4.1,88,0.0
2025-10-16,C03-O18,C03,4.1,90,0.0
2025-10-16,C04-O01,C04,4.1,79,0.0
2025-10-16,C04-O02,C04,4.1,72,0.0
2025-10-16,C04-O03,C04,4.1,88,0.0
2025-10-16,C04-O04,C04,4.1,47,0.0
2025-10-16,C04-O05,C04,4.1,54,0.0
2025-10-16,C04-O06,C04,4.1,51,0.0
2025-10-16,C04-O07,C04,4.1,54,0.0
2025-10-16,C04-O08,C04,4.1,56,0.0
2025-10-16,C05-O01,C05,4.1,215,86.0
2025-10-16,C05-O02,C05,4.1,246,98.0
2025-10-16,C05-O03,C05,4.1,233,93.0
2025-10-16,C05-O04,C05,4.1,243,97.0
2025-10-16,C05-O05,C05,4.1,205,82.0
2025-10-16,C05-O06,C05,4.1,222,0.0
2025-10-16,C05-O07,C05,4.1,212,0.0
2025-10-16,C05-O08,C05,4.1,374,0.0
2025-10-16,C05-O09,C05,4.1,305,0.0
2025-10-16,C05-O10,C05,4.1,226,0.0
2025-10-16,C05-O11,C05,4.1,332,0.0
2025-10-16,C05-O12,C05,4.1,319,0.0
2025-10-16,C05-O13,C05,4.1,244,0.0
2025-10-16,C05-O14,C05,4.1,254,0.0
2025-10-16,C05-O15,C05,4.1,213,0.0
2025-10-16,C05-O16,C05,4.1,309,0.0
2025-10-16,C05-O17,C05,4.1,237,0.0
2025-10-16,C05-O18,C05,4.1,323,0.0
2025-10-16,C05-O19,C05,4.1,351,0.0
2025-10-16,C05-O20,C05,4.1,226,0.0
2025-10-16,C05-O21,C05,4.1,324,0.0
2025-10-16,C05-O22,C05,4.1,242,0.0
2025-10-16,C05-O23,C05,4.1,331,0.0
2025-10-16,C05-O24,C05,4.1,366,0.0
2025-10-16,C06-O01,C06,4.1,210,0.0
2025-10-16,C06-O02,C06,4.1,255,0.0
2025-10-16,C06-O03,C06,4.1,280,0.0
2025-10-16,C06-O04,C06,4.1,304,0.0
2025-10-16,C06-O05,C06,4.1,334,0.0
2025-10-16,C06-O06,C06,4.1,295,0.0
2025-10-16,C06-O07,C06,4.1,289,0.0
2025-10-16,C06-O08,C06,4.1,261,0.0
2025-10-16,C06-O09,C06,4.1,191,0.0
2025-10-16,C06-O10,C06,4.1,305,0.0
2025-10-16,C06-O11,C06,4.1,266,0.0
2025-10-16,C06-O12,C06,4.1,288,0.0
2025-10-16,C06-O13,C06,4.1,264,0.0
2025-10-16,C06-O14,C06,4.1,288,0.0
2025-10-16,C06-O15,C06,4.1,175,0.0
2025-10-16,C06-O16,C06,4.1,276,0.0
2025-10-16,C06-O17,C06,4.1,202,0.0
2025-10-16,C06-O18,C06,4.1,234,0.0
2025-10-16,C06-O19,C06,4.1,273,0.0
2025-10-16,C06-O20,C06,4.1,267,0.0
2025-10-16,C06-O21,C06,4.1,186,0.0
2025-10-16,C06-O22,C06,4.1,346,0.0
2025-10-16,C06-O23,C06,4.1,204,0.0
2025-10-16,C06-O24,C06,4.1,265,0.0
2025-10-16,C06-O25,C06,4.1,278,0.0
2025-10-16,C06-O26,C06,4.1,275,0.0
2025-10-16,C06-O27,C06,4.1,249,0.0
2025-10-16,C06-O28,C06,4.1,283,0.0
2025-10-16,C06-O29,C06,4.1,264,0.0
2025-10-16,C06-O30,C06,4.1,314,125.0
2025-10-16,C07-O01,C07,4.1,194,0.0
2025-10-16,C07-O02,C07,4.1,213,0.0
2025-10-16,C07-O03,C07,4.1,161,0.0
2025-10-16,C07-O04,C07,4.1,211,0.0
2025-10-16,C07-O05,C07,4.1,181,0.0
2025-10-16,C07-O06,C07,4.1,316,0.0
2025-10-16,C07-O07,C07,4.1,205,0.0
2025-10-16,C07-O08,C07,4.1,212,0.0
2025-10-16,C07-O09,C07,4.1,227,0.0
2025-10-16,C07-O10,C07,4.1,227,0.0
2025-10-16,C07-O11,C07,4.1,284,0.0
2025-10-16,C07-O12,C07,4.1,229,0.0
2025-10-16,C07-O13,C07,4.1,263,0.0
2025-10-16,C07-O14,C07,4.1,194,0.0
2025-10-16,C07-O15,C07,4.1,293,0.0
2025-10-16,C07-O16,C07,4.1,183,0.0
2025-10-16,C07-O17,C07,4.1,225,0.0
2025-10-16,C07-O18,C07,4.1,201,0.0
2025-10-16,C07-O19,C07,4.1,206,0.0
2025-10-16,C07-O20,C07,4.1,245,0.0
2025-10-16,C07-O21,C07,4.1,212,0.0
2025-10-16,C08-O01,C08,4.1,246,0.0
2025-10-16,C08-O02,C08,4.1,259,0.0
2025-10-16,C08-O03,C08,4.1,241,0.0
2025-10-16,C08-O04,C08,4.1,305,0.0
2025-10-16,C08-O05,C08,4.1,234,0.0
2025-10-16,C08-O06,C08,4.1,300,0.0
2025-10-16,C08-O07,C08,4.1,310,0.0
2025-10-16,C08-O08,C08,4.1,308,0.0
2025-10-16,C08-O09,C08,4.1,258,0.0
2025-10-16,C08-O10,C08,4.1,301,0.0
2025-10-16,C08-O11,C08,4.1,245,0.0
2025-10-16,C08-O12,C08,4.1,235,0.0
2025-10-16,C08-O13,C08,4.1,323,0.0
2025-10-16,C08-O14,C08,4.1,233,0.0
2025-10-16,C09-O01,C09,4.1,135,0.0
2025-10-16,C09-O02,C09,4.1,134,0.0
2025-10-16,C09-O03,C09,4.1,80,0.0
2025-10-16,C09-O04,C09,4.1,71,0.0
2025-10-16,C09-O05,C09,4.1,152,0.0
2025-10-16,C09-O06,C09,4.1,79,0.0
2025-10-16,C09-O07,C09,4.1,84,0.0
2025-10-16,C09-O08,C09,4.1,135,0.0
2025-10-16,C09-O09,C09,4.1,77,0.0
2025-10-16,C09-O10,C09,4.1,126,0.0
2025-10-16,C09-O11,C09,4.1,91,0.0
2025-10-16,C09-O12,C09,4.1,84,0.0
2025-10-16,C09-O13,C09,4.1,76,0.0
2025-10-16,C09-O14,C09,4.1,113,0.0
2025-10-16,C09-O15,C09,4.1,90,0.0
2025-10-16,C10-O01,C10,4.1,226,0.0
2025-10-16,C10-O02,C10,4.1,221,88.0
2025-10-16,C10-O03,C10,4.1,259,103.0
2025-10-16,C10-O04,C10,4.1,316,0.0
2025-10-16,C10-O05,C10,4.1,164,0.0
2025-10-16,C10-O06,C10,4.1,216,0.0
2025-10-16,C10-O07,C10,4.1,305,0.0
2025-10-16,C10-O08,C10,4.1,264,0.0
2025-10-16,C10-O09,C10,4.1,200,0.0
2025-10-16,C10-O10,C10,4.1,205,0.0
2025-10-16,C10-O11,C10,4.1,203,0.0
2025-10-16,C10-O12,C10,4.1,277,0.0
2025-10-16,C10-O13,C10,4.1,173,0.0
2025-10-16,C10-O14,C10,4.1,182,0.0
2025-10-16,C10-O15,C10,4.1,243,0.0
2025-10-16,C10-O16,C10,4.1,217,0.0
2025-10-16,C10-O17,C10,4.1,177,0.0
2025-10-16,C10-O18,C10,4.1,218,0.0
2025-10-16,C10-O19,C10,4.1,192,0.0
2025-10-16,C10-O20,C10,4.1,285,0.0
2025-10-16,C10-O21,C10,4.1,230,0.0
2025-10-16,C11-O01,C11,4.1,395,0.0
2025-10-16,C11-O02,C11,4.1,388,0.0
2025-10-16,C11-O03,C11,4.1,368,0.0
2025-10-16,C11-O04,C11,4.1,222,0.0
2025-10-16,C11-O05,C11,4.1,325,0.0
2025-10-16,C11-O06,C11,4.1,211,0.0
2025-10-16,C11-O07,C11,4.1,360,0.0
2025-10-16,C11-O08,C11,4.1,329,0.0
2025-10-16,C11-O09,C11,4.1,323,0.0
2025-10-16,C11-O10,C11,4.1,367,0.0
2025-10-16,C11-O11,C11,4.1,204,0.0
2025-10-16,C11-O12,C11,4.1,317,0.0
2025-10-16,C11-O13,C11,4.1,352,0.0
2025-10-16,C11-O14,C11,4.1,240,0.0
2025-10-16,C11-O15,C11,4.1,326,0.0
2025-10-16,C11-O16,C11,4.1,308,0.0
2025-10-16,C11-O17,C11,4.1,323,0.0
2025-10-16,C11-O18,C11,4.1,278,0.0
2025-10-16,C11-O19,C11,4.1,293,0.0
2025-10-16,C11-O20,C11,4.1,400,0.0
2025-10-16,C11-O21,C11,4.1,346,0.0
2025-10-16,C11-O22,C11,4.1,295,0.0
2025-10-16,C12-O01,C12,4.1,209,0.0
2025-10-16,C12-O02,C12,4.1,181,0.0
2025-10-16,C12-O03,C12,4.1,110,0.0
2025-10-16,C12-O04,C12,4.1,190,0.0
2025-10-16,C12-O05,C12,4.1,163,0.0
2025-10-16,C12-O06,C12,4.1,147,0.0
2025-10-16,C12-O07,C12,4.1,134,0.0
2025-10-16,C12-O08,C12,4.1,131,52.0
2025-10-16,C12-O09,C12,4.1,167,0.0
2025-10-16,C12-O10,C12,4.1,145,0.0
2025-10-16,C12-O11,C12,4.1,113,0.0
2025-10-16,C12-O12,C12,4.1,109,0.0
2025-10-16,C12-O13,C12,4.1,192,0.0
2025-10-16,C12-O14,C12,4.1,144,0.0
2025-10-16,C12-O15,C12,4.1,184,0.0
2025-10-16,C12-O16,C12,4.1,128,0.0
2025-10-16,C12-O17,C12,4.1,121,0.0
2025-10-16,C12-O18,C12,4.1,185,0.0
2025-10-16,C12-O19,C12,4.1,137,0.0
2025-10-16,C12-O20,C12,4.1,131,0.0
2025-10-16,C12-O21,C12,4.1,129,0.0
2025-10-16,C12-O22,C12,4.1,102,0.0
2025-10-16,C12-O23,C12,4.1,186,0.0
2025-10-16,C12-O24,C12,4.1,167,0.0
2025-10-16,C13-O01,C13,4.1,169,0.0
2025-10-16,C13-O02,C13,4.1,324,0.0
2025-10-16,C13-O03,C13,4.1,197,0.0
2025-10-16,C13-O04,C13,4.1,230,0.0
2025-10-16,C13-O05,C13,4.1,270,0.0
2025-10-16,C13-O06,C13,4.1,256,0.0
2025-10-16,C13-O07,C13,4.1,230,0.0
2025-10-16,C13-O08,C13,4.1,255,0.0
2025-10-16,C13-O09,C13,4.1,300,0.0
2025-10-16,C13-O10,C13,4.1,249,0.0
2025-10-16,C13-O11,C13,4.1,226,0.0
2025-10-16,C13-O12,C13,4.1,300,0.0
2025-10-16,C13-O13,C13,4.1,270,0.0
2025-10-16,C13-O14,C13,4.1,196,0.0
2025-10-16,C13-O15,C13,4.1,316,0.0
2025-10-16,C13-O16,C13,4.1,267,0.0
2025-10-16,C13-O17,C13,4.1,246,0.0
2025-10-16,C14-O01,C14,4.1,413,0.0
2025-10-16,C14-O02,C14,4.1,289,0.0
2025-10-16,C14-O03,C14,4.1,319,0.0
2025-10-16,C14-O04,C14,4.1,275,0.0
2025-10-16,C14-O05,C14,4.1,288,0.0
2025-10-16,C14-O06,C14,4.1,343,0.0
2025-10-16,C14-O07,C14,4.1,319,0.0
2025-10-16,C14-O08,C14,4.1,236,0.0
2025-10-16,C15-O01,C15,4.1,174,0.0
2025-10-16,C15-O02,C15,4.1,304,0.0
2025-10-16,C15-O03,C15,4.1,270,0.0
2025-10-16,C15-O04,C15,4.1,240,0.0
2025-10-16,C15-O05,C15,4.1,244,0.0
2025-10-16,C15-O06,C15,4.1,200,0.0
2025-10-16,C15-O07,C15,4.1,237,0.0
2025-10-16,C15-O08,C15,4.1,210,0.0
2025-10-16,C15-O09,C15,4.1,276,0.0
2025-10-16,C15-O10,C15,4.1,166,0.0
2025-10-16,C15-O11,C15,4.1,243,0.0
2025-10-16,C15-O12,C15,4.1,229,0.0
2025-10-16,C15-O13,C15,4.1,181,72.0
2025-10-16,C15-O14,C15,4.1,281,0.0
2025-10-16,C15-O15,C15,4.1,221,0.0
2025-10-16,C15-O16,C15,4.1,274,0.0
2025-10-16,C15-O17,C15,4.1,236,0.0
2025-10-16,C15-O18,C15,4.1,165,0.0
2025-10-16,C15-O19,C15,4.1,171,0.0
2025-10-16,C15-O20,C15,4.1,244,97.0
2025-10-16,C15-O21,C15,4.1,212,0.0
2025-10-16,C15-O22,C15,4.1,268,0.0
2025-10-16,C15-O23,C15,4.1,220,0.0
2025-10-16,C16-O01,C16,4.1,75,0.0
2025-10-16,C16-O02,C16,4.1,54,0.0
2025-10-16,C16-O03,C16,4.1,77,0.0
2025-10-16,C16-O04,C16,4.1,55,0.0
2025-10-16,C16-O05,C16,4.1,62,0.0
2025-10-16,C16-O06,C16,4.1,60,0.0
2025-10-16,C16-O07,C16,4.1,51,0.0
2025-10-16,C16-O08,C16,4.1,99,0.0
2025-10-16,C17-O01,C17,4.1,80,0.0
2025-10-16,C17-O02,C17,4.1,111,0.0
2025-10-16,C17-O03,C17,4.1,127,0.0
2025-10-16,C17-O04,C17,4.1,82,0.0
2025-10-16,C17-O05,C17,4.1,117,0.0
2025-10-16,C17-O06,C17,4.1,93,0.0
2025-10-16,C17-O07,C17,4.1,96,0.0
2025-10-16,C17-O08,C17,4.1,125,0.0
2025-10-16,C17-O09,C17,4.1,82,0.0
2025-10-16,C17-O10,C17,4.1,113,0.0
2025-10-16,C18-O01,C18,4.1,378,0.0
2025-10-16,C18-O02,C18,4.1,265,0.0
2025-10-16,C18-O03,C18,4.1,218,0.0
2025-10-16,C18-O04,C18,4.1,251,0.0
2025-10-16,C18-O05,C18,4.1,311,124.0
2025-10-16,C18-O06,C18,4.1,219,0.0
2025-10-16,C18-O07,C18,4.1,339,0.0
2025-10-16,C18-O08,C18,4.1,221,0.0
2025-10-16,C19-O01,C19,4.1,272,0.0
2025-10-16,C19-O02,C19,4.1,282,0.0
2025-10-16,C19-O03,C19,4.1,254,101.0
2025-10-16,C19-O04,C19,4.1,206,0.0
2025-10-16,C19-O05,C19,4.1,195,0.0
2025-10-16,C19-O06,C19,4.1,217,0.0
2025-10-16,C19-O07,C19,4.1,284,0.0
2025-10-16,C19-O08,C19,4.1,265,0.0
2025-10-16,C20-O01,C20,4.1,340,0.0
2025-10-16,C20-O02,C20,4.1,318,0.0
2025-10-16,C20-O03,C20,4.1,254,0.0
2025-10-16,C20-O04,C20,4.1,221,0.0
2025-10-16,C20-O05,C20,4.1,285,0.0
2025-10-16,C21-O01,C21,4.1,235,0.0
2025-10-16,C21-O02,C21,4.1,311,0.0
2025-10-16,C21-O03,C21,4.1,189,0.0
2025-10-16,C21-O04,C21,4.1,304,0.0
2025-10-16,C21-O05,C21,4.1,296,0.0
2025-10-16,C21-O06,C21,4.1,208,0.0
2025-10-16,C21-O07,C21,4.1,246,0.0
2025-10-16,C21-O08,C21,4.1,237,0.0
2025-10-16,C21-O09,C21,4.1,225,0.0
2025-10-16,C22-O01,C22,4.1,315,0.0
2025-10-16,C22-O02,C22,4.1,348,0.0
2025-10-16,C22-O03,C22,4.1,216,0.0
2025-10-16,C22-O04,C22,4.1,359,0.0
2025-10-16,C22-O05,C22,4.1,240,0.0
2025-10-16,C22-O06,C22,4.1,246,0.0
2025-10-16,C22-O07,C22,4.1,220,0.0
2025-10-16,C22-O08,C22,4.1,240,0.0
2025-10-16,C22-O09,C22,4.1,341,0.0
2025-10-16,C22-O10,C22,4.1,392,0.0
2025-10-16,C22-O11,C22,4.1,356,0.0
2025-10-16,C22-O12,C22,4.1,353,0.0
2025-10-16,C22-O13,C22,4.1,319,0.0
2025-10-16,C22-O14,C22,4.1,344,0.0
2025-10-16,C22-O15,C22,4.1,214,0.0
2025-10-16,C22-O16,C22,4.1,369,0.0
2025-10-16,C22-O17,C22,4.1,286,0.0
2025-10-16,C22-O18,C22,4.1,278,0.0
2025-10-16,C23-O01,C23,4.1,340,0.0
2025-10-16,C23-O02,C23,4.1,226,90.0
2025-10-16,C23-O03,C23,4.1,183,0.0
2025-10-16,C23-O04,C23,4.1,170,0.0
2025-10-16,C23-O05,C23,4.1,265,0.0
2025-10-16,C23-O06,C23,4.1,195,0.0
2025-10-16,C24-O01,C24,4.1,330,0.0
2025-10-16,C24-O02,C24,4.1,220,0.0
2025-10-16,C24-O03,C24,4.1,259,0.0
2025-10-16,C24-O04,C24,4.1,350,0.0
2025-10-16,C24-O05,C24,4.1,404,0.0
2025-10-16,C24-O06,C24,4.1,272,0.0
2025-10-16,C24-O07,C24,4.1,238,0.0
2025-10-16,C24-O08,C24,4.1,325,0.0
2025-10-16,C24-O09,C24,4.1,313,0.0
2025-10-16,C24-O10,C24,4.1,328,0.0
2025-10-16,C25-O01,C25,4.1,219,0.0
2025-10-16,C25-O02,C25,4.1,204,0.0
2025-10-16,C25-O03,C25,4.1,281,0.0
2025-10-16,C25-O04,C25,4.1,260,0.0
2025-10-16,C25-O05,C25,4.1,293,0.0
2025-10-16,C25-O06,C25,4.1,319,0.0
2025-10-16,C25-O07,C25,4.1,316,0.0
2025-10-16,C25-O08,C25,4.1,242,0.0
2025-10-16,C25-O09,C25,4.1,229,0.0
2025-10-16,C25-O10,C25,4.1,339,135.0
2025-10-16,C25-O11,C25,4.1,296,0.0
2025-10-16,C25-O12,C25,4.1,361,0.0
2025-10-16,C25-O13,C25,4.1,317,0.0
2025-10-16,C25-O14,C25,4.1,323,0.0
2025-10-16,C25-O15,C25,4.1,227,0.0
2025-10-16,C26-O01,C26,4.1,243,0.0
2025-10-16,C26-O02,C26,4.1,169,0.0
2025-10-16,C26-O03,C26,4.1,215,0.0
2025-10-16,C26-O04,C26,4.1,167,0.0
2025-10-16,C26-O05,C26,4.1,215,0.0
2025-10-16,C26-O06,C26,4.1,305,0.0
2025-10-16,C26-O07,C26,4.1,259,0.0
2025-10-16,C26-O08,C26,4.1,174,0.0
2025-10-16,C26-O09,C26,4.1,302,0.0
2025-10-16,C26-O10,C26,4.1,210,0.0
2025-10-16,C27-O01,C27,4.1,109,0.0
2025-10-16,C27-O02,C27,4.1,107,0.0
2025-10-16,C27-O03,C27,4.1,89,0.0
2025-10-16,C27-O04,C27,4.1,134,0.0
2025-10-16,C27-O05,C27,4.1,119,0.0
2025-10-16,C27-O06,C27,4.1,85,0.0
2025-10-16,C27-O07,C27,4.1,131,0.0
2025-10-16,C27-O08,C27,4.1,118,0.0
2025-10-16,C27-O09,C27,4.1,75,0.0
2025-10-16,C27-O10,C27,4.1,103,0.0
2025-10-16,C27-O11,C27,4.1,153,0.0
2025-10-16,C27-O12,C27,4.1,100,0.0
2025-10-16,C27-O13,C27,4.1,92,0.0
2025-10-16,C27-O14,C27,4.1,80,0.0
2025-10-16,C27-O15,C27,4.1,130,0.0
2025-10-16,C27-O16,C27,4.1,123,0.0
2025-10-16,C27-O17,C27,4.1,124,0.0
2025-10-16,C27-O18,C27,4.1,144,0.0
2025-10-16,C27-O19,C27,4.1,113,0.0
2025-10-16,C27-O20,C27,4.1,79,0.0
2025-10-16,C27-O21,C27,4.1,154,0.0
2025-10-16,C27-O22,C27,4.1,110,0.0
2025-10-16,C28-O01,C28,4.1,292,0.0
2025-10-16,C28-O02,C28,4.1,359,0.0
2025-10-16,C28-O03,C28,4.1,328,0.0
2025-10-16,C28-O04,C28,4.1,333,0.0
2025-10-16,C28-O05,C28,4.1,319,0.0
2025-10-16,C28-O06,C28,4.1,360,144.0
2025-10-16,C28-O07,C28,4.1,250,0.0
2025-10-16,C28-O08,C28,4.1,322,0.0
2025-10-16,C28-O09,C28,4.1,275,0.0
2025-10-16,C28-O10,C28,4.1,313,0.0
2025-10-16,C28-O11,C28,4.1,306,122.0
2025-10-16,C28-O12,C28,4.1,330,0.0
2025-10-16,C29-O01,C29,4.1,99,0.0
2025-10-16,C29-O02,C29,4.1,162,0.0
2025-10-16,C29-O03,C29,4.1,126,0.0
2025-10-16,C29-O04,C29,4.1,125,0.0
2025-10-16,C29-O05,C29,4.1,146,0.0
2025-10-16,C29-O06,C29,4.1,192,0.0
2025-10-16,C29-O07,C29,4.1,115,0.0
2025-10-16,C29-O08,C29,4.1,165,0.0
2025-10-16,C29-O09,C29,4.1,203,0.0
2025-10-16,C29-O10,C29,4.1,128,0.0
2025-10-16,C29-O11,C29,4.1,126,0.0
2025-10-16,C29-O12,C29,4.1,139,0.0
2025-10-16,C30-O01,C30,4.1,270,0.0
2025-10-16,C30-O02,C30,4.1,176,0.0
2025-10-16,C30-O03,C30,4.1,214,0.0
2025-10-16,C30-O04,C30,4.1,213,0.0
2025-10-16,C30-O05,C30,4.1,228,0.0
2025-10-16,C30-O06,C30,4.1,177,0.0
2025-10-16,C30-O07,C30,4.1,176,0.0
2025-10-16,C30-O08,C30,4.1,313,0.0
2025-10-16,C30-O09,C30,4.1,262,0.0
2025-10-16,C30-O10,C30,4.1,278,0.0
2025-10-16,C30-O11,C30,4.1,312,0.0
2025-10-16,C30-O12,C30,4.1,263,0.0
2025-10-16,C30-O13,C30,4.1,205,0.0
2025-10-16,C30-O14,C30,4.1,261,0.0
2025-10-16,C30-O15,C30,4.1,187,0.0
2025-10-16,C30-O16,C30,4.1,283,0.0
2025-10-16,C30-O17,C30,4.1,329,0.0
2025-10-16,C31-O01,C31,4.1,74,0.0
2025-10-16,C31-O02,C31,4.1,84,0.0
2025-10-16,C31-O03,C31,4.1,81,0.0
2025-10-16,C31-O04,C31,4.1,67,0.0
2025-10-16,C31-O05,C31,4.1,62,0.0
2025-10-16,C31-O06,C31,4.1,79,0.0
2025-10-16,C31-O07,C31,4.1,51,0.0
2025-10-16,C31-O08,C31,4.1,94,0.0
2025-10-16,C31-O09,C31,4.1,72,0.0
2025-10-16,C31-O10,C31,4.1,79,0.0
2025-10-16,C31-O11,C31,4.1,91,0.0
2025-10-16,C31-O12,C31,4.1,71,0.0
2025-10-16,C31-O13,C31,4.1,84,0.0
2025-10-16,C32-O01,C32,4.1,350,0.0
2025-10-16,C32-O02,C32,4.1,209,0.0
2025-10-16,C32-O03,C32,4.1,325,0.0
2025-10-16,C32-O04,C32,4.1,349,0.0
2025-10-16,C32-O05,C32,4.1,293,0.0
2025-10-16,C32-O06,C32,4.1,385,0.0
2025-10-16,C32-O07,C32,4.1,415,0.0
2025-10-16,C32-O08,C32,4.1,266,0.0
2025-10-16,C32-O09,C32,4.1,276,0.0
2025-10-16,C32-O10,C32,4.1,298,0.0
2025-10-16,C32-O11,C32,4.1,386,0.0
2025-10-16,C32-O12,C32,4.1,274,0.0
2025-10-16,C32-O13,C32,4.1,355,0.0
2025-10-16,C32-O14,C32,4.1,216,0.0
2025-10-16,C33-O01,C33,4.1,212,0.0
2025-10-16,C33-O02,C33,4.1,245,0.0
2025-10-16,C33-O03,C33,4.1,208,0.0
2025-10-16,C33-O04,C33,4.1,296,0.0
2025-10-16,C34-O01,C34,4.1,260,0.0
2025-10-16,C34-O02,C34,4.1,401,0.0
2025-10-16,C34-O03,C34,4.1,355,0.0
2025-10-16,C34-O04,C34,4.1,314,0.0
2025-10-16,C34-O05,C34,4.1,338,0.0
2025-10-16,C34-O06,C34,4.1,215,0.0
2025-10-16,C34-O07,C34,4.1,262,0.0
2025-10-16,C34-O08,C34,4.1,308,0.0
2025-10-16,C34-O09,C34,4.1,276,0.0
2025-10-16,C34-O10,C34,4.1,210,0.0
2025-10-16,C34-O11,C34,4.1,410,164.0
2025-10-16,C34-O12,C34,4.1,232,0.0
2025-10-16,C35-O01,C35,4.1,281,0.0
2025-10-16,C35-O02,C35,4.1,298,0.0
2025-10-16,C35-O03,C35,4.1,256,102.0
2025-10-16,C35-O04,C35,4.1,309,0.0
2025-10-16,C35-O05,C35,4.1,268,0.0
2025-10-16,C35-O06,C35,4.1,222,0.0
2025-10-16,C35-O07,C35,4.1,359,0.0
2025-10-16,C35-O08,C35,4.1,310,0.0
2025-10-16,C35-O09,C35,4.1,248,0.0
2025-10-16,C35-O10,C35,4.1,364,0.0
2025-10-16,C35-O11,C35,4.1,355,142.0
2025-10-16,C35-O12,C35,4.1,343,0.0
2025-10-16,C35-O13,C35,4.1,390,0.0
2025-10-16,C35-O14,C35,4.1,310,0.0
2025-10-16,C35-O15,C35,4.1,275,0.0
2025-10-16,C35-O16,C35,4.1,271,0.0
2025-10-16,C35-O17,C35,4.1,299,0.0
2025-10-16,C35-O18,C35,4.1,299,0.0
2025-10-16,C35-O19,C35,4.1,233,0.0
2025-10-16,C35-O20,C35,4.1,254,0.0
2025-10-16,C35-O21,C35,4.1,326,0.0
2025-10-16,C35-O22,C35,4.1,390,0.0
2025-10-16,C36-O01,C36,4.1,255,0.0
2025-10-16,C36-O02,C36,4.1,276,0.0
2025-10-16,C36-O03,C36,4.1,217,0.0
2025-10-16,C36-O04,C36,4.1,235,0.0
2025-10-16,C36-O05,C36,4.1,260,0.0
2025-10-16,C36-O06,C36,4.1,195,0.0
2025-10-16,C36-O07,C36,4.1,286,0.0
2025-10-16,C36-O08,C36,4.1,277,0.0
2025-10-16,C36-O09,C36,4.1,173,0.0
2025-10-16,C36-O10,C36,4.1,335,0.0
2025-10-16,C36-O11,C36,4.1,296,0.0
2025-10-16,C37-O01,C37,4.1,323,0.0
2025-10-16,C37-O02,C37,4.1,243,0.0
2025-10-16,C37-O03,C37,4.1,274,0.0
2025-10-16,C37-O04,C37,4.1,267,0.0
2025-10-16,C37-O05,C37,4.1,375,0.0
2025-10-16,C37-O06,C37,4.1,350,0.0
2025-10-16,C37-O07,C37,4.1,233,0.0
2025-10-16,C37-O08,C37,4.1,334,0.0
2025-10-16,C37-O09,C37,4.1,197,0.0
2025-10-16,C37-O10,C37,4.1,254,101.0
2025-10-16,C37-O11,C37,4.1,283,0.0
2025-10-16,C37-O12,C37,4.1,377,0.0
2025-10-16,C38-O01,C38,4.1,312,0.0
2025-10-16,C38-O02,C38,4.1,209,0.0
2025-10-16,C38-O03,C38,4.1,314,0.0
2025-10-16,C38-O04,C38,4.1,193,0.0
2025-10-16,C38-O05,C38,4.1,305,0.0
2025-10-16,C38-O06,C38,4.1,310,0.0
2025-10-16,C38-O07,C38,4.1,285,0.0
2025-10-16,C38-O08,C38,4.1,234,0.0
2025-10-16,C38-O09,C38,4.1,281,0.0
2025-10-16,C38-O10,C38,4.1,396,0.0
2025-10-16,C38-O11,C38,4.1,273,0.0
2025-10-16,C38-O12,C38,4.1,250,0.0
2025-10-16,C38-O13,C38,4.1,320,0.0
2025-10-16,C38-O14,C38,4.1,210,0.0
2025-10-16,C38-O15,C38,4.1,265,0.0
2025-10-16,C38-O16,C38,4.1,270,0.0
2025-10-16,C38-O17,C38,4.1,313,0.0
2025-10-16,C38-O18,C38,4.1,364,0.0
2025-10-16,C38-O19,C38,4.1,200,0.0
2025-10-16,C38-O20,C38,4.1,322,0.0
2025-10-16,C38-O21,C38,4.1,284,0.0
2025-10-16,C39-O01,C39,4.1,158,0.0
2025-10-16,C39-O02,C39,4.1,188,75.0
2025-10-16,C39-O03,C39,4.1,241,0.0
2025-10-16,C39-O04,C39,4.1,283,0.0
2025-10-16,C39-O05,C39,4.1,222,88.0
2025-10-16,C39-O06,C39,4.1,173,0.0
2025-10-16,C39-O07,C39,4.1,214,0.0
2025-10-16,C39-O08,C39,4.1,182,0.0
2025-10-16,C39-O09,C39,4.1,211,0.0
2025-10-16,C39-O10,C39,4.1,229,0.0
2025-10-16,C39-O11,C39,4.1,309,0.0
2025-10-16,C39-O12,C39,4.1,252,0.0
2025-10-16,C39-O13,C39,4.1,255,0.0
2025-10-16,C39-O14,C39,4.1,168,0.0
2025-10-16,C39-O15,C39,4.1,305,0.0
2025-10-16,C39-O16,C39,4.1,163,0.0
2025-10-16,C39-O17,C39,4.1,208,0.0
2025-10-16,C39-O18,C39,4.1,202,0.0
2025-10-16,C39-O19,C39,4.1,315,0.0
2025-10-16,C40-O01,C40,4.1,406,0.0
2025-10-16,C40-O02,C40,4.1,387,0.0
2025-10-16,C40-O03,C40,4.1,309,0.0
2025-10-16,C40-O04,C40,4.1,234,0.0
2025-10-16,C40-O05,C40,4.1,346,0.0
2025-10-16,C40-O06,C40,4.1,340,0.0
2025-10-16,C40-O07,C40,4.1,290,0.0
2025-10-16,C40-O08,C40,4.1,295,0.0
2025-10-16,C40-O09,C40,4.1,356,0.0
2025-10-16,C40-O10,C40,4.1,416,0.0
2025-10-17,C01-O01,C01,4.1,176,0.0
2025-10-17,C01-O02,C01,4.1,182,0.0
2025-10-17,C01-O03,C01,4.1,311,0.0
2025-10-17,C01-O04,C01,4.1,175,0.0
2025-10-17,C01-O05,C01,4.1,303,0.0
2025-10-17,C01-O06,C01,4.1,304,0.0
2025-10-17,C01-O07,C01,4.1,199,0.0
2025-10-17,C01-O08,C01,4.1,260,0.0
2025-10-17,C01-O09,C01,4.1,222,0.0
2025-10-17,C01-O10,C01,4.1,219,0.0
2025-10-17,C01-O11,C01,4.1,183,0.0
2025-10-17,C01-O12,C01,4.1,218,0.0
2025-10-17,C01-O13,C01,4.1,200,0.0
2025-10-17,C01-O14,C01,4.1,283,0.0
2025-10-17,C01-O15,C01,4.1,278,0.0
2025-10-17,C01-O16,C01,4.1,212,0.0
2025-10-17,C01-O17,C01,4.1,260,0.0
2025-10-17,C01-O18,C01,4.1,297,0.0
2025-10-17,C01-O19,C01,4.1,305,0.0
2025-10-17,C01-O20,C01,4.1,176,0.0
2025-10-17,C01-O21,C01,4.1,211,0.0
2025-10-17,C01-O22,C01,4.1,182,0.0
2025-10-17,C01-O23,C01,4.1,195,0.0
2025-10-17,C01-O24,C01,4.1,268,0.0
2025-10-17,C01-O25,C01,4.1,314,0.0
2025-10-17,C01-O26,C01,4.1,207,0.0
2025-10-17,C01-O27,C01,4.1,253,0.0
2025-10-17,C01-O28,C01,4.1,163,0.0
2025-10-17,C01-O29,C01,4.1,286,0.0
2025-10-17,C01-O30,C01,4.1,200,80.0
2025-10-17,C01-O31,C01,4.1,236,0.0
2025-10-17,C01-O32,C01,4.1,219,0.0
2025-10-17,C01-O33,C01,4.1,247,0.0
2025-10-17,C01-O34,C01,4.1,195,0.0
2025-10-17,C01-O35,C01,4.1,171,0.0
2025-10-17,C01-O36,C01,4.1,198,0.0
2025-10-17,C01-O37,C01,4.1,270,0.0
2025-10-17,C01-O38,C01,4.1,190,0.0
2025-10-17,C01-O39,C01,4.1,267,0.0
2025-10-17,C01-O40,C01,4.1,289,0.0
2025-10-17,C01-O41,C01,4.1,198,0.0
2025-10-17,C01-O42,C01,4.1,331,0.0
2025-10-17,C02-O01,C02,4.1,86,0.0
2025-10-17,C02-O02,C02,4.1,77,0.0
2025-10-17,C02-O03,C02,4.1,52,0.0
2025-10-17,C02-O04,C02,4.1,49,0.0
2025-10-17,C02-O05,C02,4.1,66,0.0
2025-10-17,C02-O06,C02,4.1,81,0.0
2025-10-17,C02-O07,C02,4.1,71,0.0
2025-10-17,C02-O08,C02,4.1,66,0.0
2025-10-17,C02-O09,C02,4.1,58,0.0
2025-10-17,C02-O10,C02,4.1,83,0.0
2025-10-17,C02-O11,C02,4.1,54,0.0
2025-10-17,C02-O12,C02,4.1,81,0.0
2025-10-17,C02-O13,C02,4.1,48,0.0
2025-10-17,C02-O14,C02,4.1,60,0.0
2025-10-17,C02-O15,C02,4.1,78,0.0
2025-10-17,C02-O16,C02,4.1,51,0.0
2025-10-17,C02-O17,C02,4.1,64,0.0
2025-10-17,C02-O18,C02,4.1,73,0.0
2025-10-17,C02-O19,C02,4.1,66,0.0
2025-10-17,C02-O20,C02,4.1,94,0.0
2025-10-17,C02-O21,C02,4.1,70,0.0
2025-10-17,C02-O22,C02,4.1,73,0.0
2025-10-17,C02-O23,C02,4.1,59,0.0
2025-10-17,C02-O24,C02,4.1,87,0.0
2025-10-17,C02-O25,C02,4.1,64,0.0
2025-10-17,C03-O01,C03,4.1,106,42.0
2025-10-17,C03-O02,C03,4.1,80,32.0
2025-10-17,C03-O03,C03,4.1,101,40.0
2025-10-17,C03-O04,C03,4.1,130,52.0
2025-10-17,C03-O05,C03,4.1,125,50.0
2025-10-17,C03-O06,C03,4.1,104,41.0
2025-10-17,C03-O07,C03,4.1,93,0.0
2025-10-17,C03-O08,C03,4.1,120,0.0
2025-10-17,C03-O09,C03,4.1,151,0.0
2025-10-17,C03-O10,C03,4.1,136,0.0
2025-10-17,C03-O11,C03,4.1,75,0.0
2025-10-17,C03-O12,C03,4.1,99,0.0
2025-10-17,C03-O13,C03,4.1,149,0.0
